Date,Open,High,Low,Close,Adj Close,Volume
2004-04-28,20.0,20.010000228881836,20.0,20.0,4.053792476654053,162900
2004-04-29,20.0,20.010000228881836,20.0,20.0,4.053792476654053,31700
2004-04-30,20.0,20.010000228881836,20.0,20.0,4.053792476654053,29900
2004-05-03,20.0,20.010000228881836,20.0,20.010000228881836,4.055819511413574,43200
2004-05-04,20.0,20.010000228881836,20.0,20.0,4.053792476654053,43000
2004-05-05,20.0,20.010000228881836,20.0,20.0,4.053792476654053,20100
2004-05-06,20.010000228881836,20.010000228881836,20.0,20.0,4.053792476654053,27800
2004-05-07,20.0,20.0,20.0,20.0,4.053792476654053,50400
2004-05-10,20.0,20.010000228881836,20.0,20.010000228881836,4.055819511413574,224800
2004-05-11,20.0,20.010000228881836,20.0,20.0,4.053792476654053,81200
2004-05-12,20.0,20.0,20.0,20.0,4.053792476654053,42300
2004-05-13,20.0,20.010000228881836,20.0,20.0,4.053792476654053,58500
2004-05-14,20.0,20.0,20.0,20.0,4.053792476654053,30000
2004-05-17,20.0,20.010000228881836,20.0,20.0,4.053792476654053,65100
2004-05-18,20.0,20.010000228881836,20.0,20.0,4.053792476654053,62700
2004-05-19,20.0,20.010000228881836,20.0,20.0,4.053792476654053,51000
2004-05-20,20.0,20.0,20.0,20.0,4.053792476654053,19800
2004-05-21,20.0,20.0,19.899999618530273,20.0,4.053792476654053,42200
2004-05-24,20.0,20.010000228881836,20.0,20.0,4.053792476654053,58600
2004-05-25,20.0,20.010000228881836,20.0,20.0,4.053792476654053,120400
2004-05-26,20.0,20.010000228881836,20.0,20.0,4.053792476654053,42500
2004-05-27,20.0,20.010000228881836,20.0,20.0,4.053792476654053,18300
2004-05-28,20.0,20.010000228881836,20.0,20.010000228881836,4.055819511413574,49800
2004-06-01,20.0,20.010000228881836,19.75,19.760000228881836,4.005146026611328,273200
2004-06-02,19.649999618530273,19.649999618530273,19.350000381469727,19.3799991607666,3.928126335144043,143900
2004-06-03,19.299999237060547,19.299999237060547,19.25,19.260000228881836,3.903803586959839,41400
2004-06-04,19.25,19.260000228881836,19.25,19.25,3.9017772674560547,15900
2004-06-07,19.260000228881836,19.399999618530273,19.25,19.399999618530273,3.9321794509887695,24500
2004-06-08,19.5,19.549999237060547,19.5,19.549999237060547,3.9625813961029053,21500
2004-06-09,19.510000228881836,19.579999923706055,19.510000228881836,19.510000228881836,3.9544756412506104,21500
2004-06-10,19.520000457763672,19.520000457763672,19.399999618530273,19.40999984741211,3.934208393096924,17100
2004-06-14,19.399999618530273,19.399999618530273,19.399999618530273,19.399999618530273,3.9321794509887695,16100
2004-06-15,19.399999618530273,19.40999984741211,19.350000381469727,19.350000381469727,3.922041893005371,47900
2004-06-16,19.350000381469727,19.360000610351562,19.309999465942383,19.309999465942383,3.9139368534088135,36100
2004-06-17,19.31999969482422,19.31999969482422,19.299999237060547,19.299999237060547,3.9119081497192383,24900
2004-06-18,19.299999237060547,19.309999465942383,19.25,19.25,3.9017772674560547,34900
2004-06-21,19.260000228881836,19.299999237060547,19.219999313354492,19.25,3.9017772674560547,52700
2004-06-22,19.219999313354492,19.229999542236328,19.200000762939453,19.200000762939453,3.891641855239868,25100
2004-06-23,19.170000076293945,19.170000076293945,19.149999618530273,19.149999618530273,3.881505012512207,16000
2004-06-24,19.1299991607666,19.1299991607666,19.059999465942383,19.059999465942383,3.8835439682006836,34300
2004-06-25,19.059999465942383,19.059999465942383,17.799999237060547,17.799999237060547,3.6268157958984375,75100
2004-06-28,17.760000228881836,17.979999542236328,17.600000381469727,17.709999084472656,3.6084768772125244,26900
2004-06-29,17.719999313354492,17.75,17.709999084472656,17.75,3.616626262664795,16500
2004-06-30,17.75,17.75,17.739999771118164,17.739999771118164,3.614586591720581,31800
2004-07-01,17.940000534057617,18.049999237060547,17.93000030517578,17.959999084472656,3.659416675567627,35300
2004-07-02,17.959999084472656,18.18000030517578,17.950000762939453,18.18000030517578,3.7042436599731445,21400
2004-07-06,18.18000030517578,18.18000030517578,18.100000381469727,18.110000610351562,3.6899795532226562,20300
2004-07-07,18.100000381469727,18.100000381469727,18.0,18.0,3.6675634384155273,14300
2004-07-08,17.989999771118164,18.0,17.899999618530273,17.920000076293945,3.651263475418091,15600
2004-07-09,17.899999618530273,17.899999618530273,17.649999618530273,17.780000686645508,3.622738838195801,86300
2004-07-12,17.780000686645508,17.780000686645508,17.610000610351562,17.610000610351562,3.5881011486053467,12600
2004-07-13,17.450000762939453,17.75,17.420000076293945,17.75,3.6372838020324707,30300
2004-07-14,17.600000381469727,17.700000762939453,17.549999237060547,17.600000381469727,3.606543779373169,21500
2004-07-15,17.610000610351562,17.610000610351562,17.600000381469727,17.610000610351562,3.6085922718048096,12500
2004-07-16,17.649999618530273,17.649999618530273,17.549999237060547,17.600000381469727,3.606543779373169,19700
2004-07-19,17.549999237060547,17.65999984741211,17.549999237060547,17.600000381469727,3.606543779373169,13300
2004-07-20,17.649999618530273,17.75,17.549999237060547,17.649999618530273,3.616790533065796,26600
2004-07-21,17.600000381469727,17.700000762939453,17.549999237060547,17.559999465942383,3.5983471870422363,53300
2004-07-22,17.649999618530273,17.649999618530273,17.5,17.530000686645508,3.592198133468628,32800
2004-07-23,17.549999237060547,17.600000381469727,17.360000610351562,17.3700008392334,3.5594139099121094,23000
2004-07-26,17.399999618530273,17.399999618530273,17.0,17.100000381469727,3.504087448120117,50800
2004-07-27,16.950000762939453,17.049999237060547,16.56999969482422,17.0,3.4835946559906006,99500
2004-07-28,17.0,17.209999084472656,16.799999237060547,17.100000381469727,3.504087448120117,64100
2004-07-29,17.100000381469727,17.549999237060547,17.0,17.549999237060547,3.5962979793548584,21600
2004-07-30,17.649999618530273,17.899999618530273,17.149999618530273,17.600000381469727,3.606543779373169,24000
2004-08-02,17.649999618530273,17.899999618530273,17.549999237060547,17.700000762939453,3.6270334720611572,25100
2004-08-03,17.600000381469727,18.049999237060547,17.450000762939453,17.5,3.5860543251037598,58000
2004-08-04,17.5,17.700000762939453,17.5,17.600000381469727,3.606543779373169,25100
2004-08-05,17.600000381469727,17.6299991607666,17.549999237060547,17.56999969482422,3.6003947257995605,17000
2004-08-06,17.450000762939453,17.649999618530273,17.450000762939453,17.600000381469727,3.606543779373169,9100
2004-08-09,17.649999618530273,17.899999618530273,17.350000381469727,17.350000381469727,3.5553159713745117,47200
2004-08-10,17.399999618530273,17.399999618530273,17.200000762939453,17.350000381469727,3.5553159713745117,28900
2004-08-11,17.43000030517578,17.5,17.299999237060547,17.450000762939453,3.5758063793182373,44000
2004-08-12,17.3700008392334,17.739999771118164,17.3700008392334,17.700000762939453,3.6479392051696777,28000
2004-08-13,17.700000762939453,17.739999771118164,17.549999237060547,17.739999771118164,3.656183958053589,20300
2004-08-16,17.600000381469727,17.739999771118164,17.520000457763672,17.719999313354492,3.6520626544952393,29600
2004-08-17,17.6200008392334,17.739999771118164,17.549999237060547,17.739999771118164,3.656183958053589,38400
2004-08-18,17.850000381469727,17.850000381469727,17.700000762939453,17.780000686645508,3.6644270420074463,35000
2004-08-19,17.899999618530273,18.06999969482422,17.799999237060547,18.049999237060547,3.7200756072998047,28800
2004-08-20,18.049999237060547,18.110000610351562,17.829999923706055,18.100000381469727,3.730379104614258,38200
2004-08-23,18.149999618530273,18.18000030517578,17.709999084472656,17.799999237060547,3.6685492992401123,50600
2004-08-24,17.850000381469727,18.100000381469727,17.75,18.049999237060547,3.7200756072998047,22700
2004-08-25,18.0,18.0,17.700000762939453,17.90999984741211,3.6912198066711426,44100
2004-08-26,17.799999237060547,18.110000610351562,17.780000686645508,18.110000610351562,3.732440948486328,34800
2004-08-27,18.049999237060547,18.299999237060547,18.0,18.299999237060547,3.771599054336548,14000
2004-08-30,18.299999237060547,18.450000762939453,18.049999237060547,18.100000381469727,3.730379104614258,24200
2004-08-31,18.149999618530273,18.290000915527344,18.079999923706055,18.290000915527344,3.7695391178131104,20600
2004-09-01,18.350000381469727,18.649999618530273,18.200000762939453,18.649999618530273,3.8437323570251465,25100
2004-09-02,18.649999618530273,18.950000762939453,18.549999237060547,18.6299991607666,3.8396122455596924,47900
2004-09-03,18.600000381469727,18.709999084472656,18.219999313354492,18.579999923706055,3.829307794570923,36500
2004-09-07,18.600000381469727,18.719999313354492,18.5,18.700000762939453,3.8540403842926025,13100
2004-09-08,18.700000762939453,18.799999237060547,18.450000762939453,18.510000228881836,3.814880132675171,29500
2004-09-09,18.549999237060547,18.649999618530273,18.270000457763672,18.489999771118164,3.810758352279663,13000
2004-09-10,18.549999237060547,18.799999237060547,18.5,18.75,3.8643434047698975,6500
2004-09-13,18.399999618530273,18.700000762939453,18.350000381469727,18.540000915527344,3.8415520191192627,25000
2004-09-14,18.530000686645508,18.530000686645508,18.309999465942383,18.520000457763672,3.8374080657958984,9500
2004-09-15,18.399999618530273,18.520000457763672,18.049999237060547,18.299999237060547,3.791820764541626,25400
2004-09-16,18.170000076293945,18.5,18.170000076293945,18.25,3.781463384628296,18500
2004-09-17,18.280000686645508,18.649999618530273,18.15999984741211,18.31999969482422,3.7959671020507812,27700
2004-09-20,18.3700008392334,18.399999618530273,18.0,18.200000762939453,3.7711033821105957,28300
2004-09-21,18.450000762939453,18.450000762939453,18.149999618530273,18.149999618530273,3.7607405185699463,33000
2004-09-22,18.149999618530273,18.329999923706055,18.09000015258789,18.260000228881836,3.783536195755005,26100
2004-09-23,18.329999923706055,18.43000030517578,18.149999618530273,18.43000030517578,3.818758249282837,22300
2004-09-24,18.329999923706055,18.399999618530273,18.110000610351562,18.200000762939453,3.7711033821105957,25900
2004-09-27,18.25,18.31999969482422,18.010000228881836,18.010000228881836,3.731736898422241,34700
2004-09-28,18.040000915527344,18.219999313354492,18.040000915527344,18.200000762939453,3.7711033821105957,15200
2004-09-29,18.149999618530273,18.299999237060547,18.049999237060547,18.299999237060547,3.791820764541626,20300
2004-09-30,18.299999237060547,18.350000381469727,18.1200008392334,18.25,3.781463384628296,28800
2004-10-01,18.200000762939453,18.399999618530273,18.170000076293945,18.3700008392334,3.8063275814056396,23800
2004-10-04,18.420000076293945,18.799999237060547,18.420000076293945,18.530000686645508,3.8394806385040283,36700
2004-10-05,18.549999237060547,18.549999237060547,18.420000076293945,18.450000762939453,3.822904586791992,15200
2004-10-06,18.450000762939453,18.530000686645508,18.440000534057617,18.510000228881836,3.8353359699249268,27400
2004-10-07,18.5,18.649999618530273,18.40999984741211,18.540000915527344,3.8415520191192627,40200
2004-10-08,18.600000381469727,18.969999313354492,18.56999969482422,18.850000381469727,3.905785322189331,19200
2004-10-11,18.8700008392334,18.969999313354492,18.6299991607666,18.700000762939453,3.8747031688690186,38800
2004-10-12,18.670000076293945,18.8700008392334,18.6299991607666,18.850000381469727,3.905785322189331,28300
2004-10-13,18.700000762939453,18.709999084472656,18.5,18.579999923706055,3.8703722953796387,44600
2004-10-14,18.579999923706055,18.670000076293945,18.520000457763672,18.649999618530273,3.8849527835845947,21200
2004-10-15,18.600000381469727,18.75,18.549999237060547,18.649999618530273,3.8849527835845947,25800
2004-10-18,18.56999969482422,18.799999237060547,18.56999969482422,18.700000762939453,3.895368814468384,27000
2004-10-19,18.700000762939453,18.8799991607666,18.559999465942383,18.850000381469727,3.9266180992126465,37700
2004-10-20,18.81999969482422,18.84000015258789,18.56999969482422,18.65999984741211,3.887037515640259,27000
2004-10-21,18.6299991607666,18.8799991607666,18.6299991607666,18.729999542236328,3.9016168117523193,19300
2004-10-22,18.700000762939453,18.8799991607666,18.700000762939453,18.809999465942383,3.9182839393615723,36200
2004-10-25,18.65999984741211,18.950000762939453,18.65999984741211,18.950000762939453,3.947445869445801,64100
2004-10-26,18.959999084472656,19.219999313354492,18.959999084472656,19.079999923706055,3.974524974822998,75000
2004-10-27,19.030000686645508,19.229999542236328,19.0,19.149999618530273,3.989105701446533,53300
2004-10-28,19.18000030517578,19.18000030517578,18.799999237060547,19.049999237060547,3.968275547027588,47400
2004-10-29,19.079999923706055,19.25,19.030000686645508,19.229999542236328,4.005771636962891,28100
2004-11-01,19.299999237060547,19.399999618530273,19.100000381469727,19.229999542236328,4.005771636962891,47800
2004-11-02,19.239999771118164,19.700000762939453,19.18000030517578,19.450000762939453,4.051599025726318,63700
2004-11-03,19.399999618530273,19.700000762939453,19.399999618530273,19.450000762939453,4.051599025726318,67100
2004-11-04,19.420000076293945,19.75,19.420000076293945,19.6299991607666,4.089095592498779,52800
2004-11-05,19.68000030517578,19.68000030517578,19.489999771118164,19.579999923706055,4.078680515289307,52400
2004-11-08,19.5,19.600000381469727,19.399999618530273,19.59000015258789,4.080761432647705,35400
2004-11-09,19.56999969482422,19.739999771118164,19.469999313354492,19.68000030517578,4.099513053894043,41300
2004-11-10,19.579999923706055,19.600000381469727,19.299999237060547,19.469999313354492,4.076478481292725,29200
2004-11-11,19.59000015258789,19.899999618530273,19.450000762939453,19.549999237060547,4.0932297706604,64100
2004-11-12,19.549999237060547,19.790000915527344,19.510000228881836,19.649999618530273,4.114165306091309,43500
2004-11-15,19.75,19.959999084472656,19.6200008392334,19.760000228881836,4.1371965408325195,27500
2004-11-16,19.639999389648438,19.969999313354492,19.6200008392334,19.809999465942383,4.147667407989502,48700
2004-11-17,19.610000610351562,19.850000381469727,19.610000610351562,19.700000762939453,4.124635219573975,45000
2004-11-18,19.649999618530273,19.81999969482422,19.520000457763672,19.649999618530273,4.114165306091309,36100
2004-11-19,19.450000762939453,19.75,19.399999618530273,19.5,4.082763195037842,43900
2004-11-22,19.600000381469727,19.799999237060547,19.549999237060547,19.610000610351562,4.105792999267578,38300
2004-11-23,19.549999237060547,19.75,19.3700008392334,19.600000381469727,4.103700160980225,86200
2004-11-24,19.649999618530273,19.979999542236328,19.600000381469727,19.790000915527344,4.143477439880371,45700
2004-11-26,19.790000915527344,19.920000076293945,19.709999084472656,19.809999465942383,4.147667407989502,25600
2004-11-29,19.850000381469727,19.93000030517578,19.75,19.760000228881836,4.1371965408325195,58100
2004-11-30,19.75,19.799999237060547,19.700000762939453,19.799999237060547,4.145571708679199,32200
2004-12-01,19.799999237060547,19.829999923706055,19.760000228881836,19.799999237060547,4.145571708679199,58600
2004-12-02,19.68000030517578,19.850000381469727,19.649999618530273,19.790000915527344,4.143477439880371,50100
2004-12-03,19.780000686645508,19.84000015258789,19.719999313354492,19.780000686645508,4.141385555267334,32200
2004-12-06,19.729999542236328,19.940000534057617,19.709999084472656,19.780000686645508,4.141385555267334,53300
2004-12-07,19.799999237060547,19.899999618530273,19.700000762939453,19.799999237060547,4.145571708679199,35800
2004-12-08,19.719999313354492,19.850000381469727,19.68000030517578,19.850000381469727,4.156041622161865,36800
2004-12-09,19.84000015258789,19.950000762939453,19.700000762939453,19.940000534057617,4.174887657165527,42300
2004-12-10,19.93000030517578,20.100000381469727,19.90999984741211,19.959999084472656,4.179070472717285,89200
2004-12-13,19.860000610351562,20.010000228881836,19.850000381469727,19.959999084472656,4.200113773345947,121100
2004-12-14,19.989999771118164,20.100000381469727,19.969999313354492,20.059999465942383,4.221154689788818,61900
2004-12-15,20.040000915527344,20.31999969482422,20.040000915527344,20.110000610351562,4.231682300567627,69800
2004-12-16,20.110000610351562,20.25,19.959999084472656,20.0,4.20853328704834,74200
2004-12-17,20.0,20.219999313354492,19.940000534057617,20.09000015258789,4.227469444274902,30300
2004-12-20,20.030000686645508,20.09000015258789,20.030000686645508,20.059999465942383,4.221154689788818,31700
2004-12-21,20.059999465942383,20.299999237060547,20.049999237060547,20.299999237060547,4.27166223526001,71600
2004-12-22,20.31999969482422,20.510000228881836,20.229999542236328,20.389999389648438,4.290597438812256,73600
2004-12-23,20.34000015258789,20.829999923706055,20.34000015258789,20.56999969482422,4.328475475311279,62800
2004-12-27,20.610000610351562,20.649999618530273,20.350000381469727,20.479999542236328,4.309537410736084,81600
2004-12-28,20.479999542236328,20.799999237060547,20.459999084472656,20.790000915527344,4.3747711181640625,46000
2004-12-29,20.360000610351562,20.719999313354492,20.350000381469727,20.719999313354492,4.4368696212768555,77700
2004-12-30,20.579999923706055,20.889999389648438,20.579999923706055,20.889999389648438,4.473273754119873,35600
2004-12-31,21.0,22.0,20.700000762939453,20.700000762939453,4.432586193084717,31200
2005-01-03,20.579999923706055,20.700000762939453,20.270000457763672,20.329999923706055,4.353357315063477,89800
2005-01-04,20.329999923706055,20.549999237060547,20.260000228881836,20.3799991607666,4.364062309265137,61000
2005-01-05,20.350000381469727,20.8799991607666,20.200000762939453,20.510000228881836,4.391900539398193,114600
2005-01-06,20.549999237060547,20.549999237060547,20.25,20.260000228881836,4.338367462158203,56200
2005-01-07,20.290000915527344,20.399999618530273,20.270000457763672,20.299999237060547,4.346933364868164,33100
2005-01-10,20.260000228881836,20.31999969482422,20.059999465942383,20.139999389648438,4.312671661376953,95300
2005-01-11,20.020000457763672,20.270000457763672,20.020000457763672,20.270000457763672,4.340507507324219,38800
2005-01-12,20.290000915527344,20.3799991607666,20.190000534057617,20.3799991607666,4.364062309265137,40200
2005-01-13,20.309999465942383,20.5,20.170000076293945,20.3700008392334,4.383429527282715,43200
2005-01-14,20.350000381469727,20.639999389648438,20.350000381469727,20.479999542236328,4.407102108001709,45000
2005-01-18,20.350000381469727,20.579999923706055,20.209999084472656,20.479999542236328,4.407102108001709,53700
2005-01-19,20.469999313354492,20.549999237060547,20.309999465942383,20.43000030517578,4.396338939666748,56000
2005-01-20,20.3799991607666,20.549999237060547,20.170000076293945,20.18000030517578,4.342545986175537,62100
2005-01-21,20.200000762939453,20.389999389648438,20.059999465942383,20.200000762939453,4.346850872039795,106700
2005-01-24,20.200000762939453,20.299999237060547,19.979999542236328,20.049999237060547,4.314567565917969,68400
2005-01-25,20.010000228881836,20.079999923706055,19.940000534057617,20.020000457763672,4.3081135749816895,57600
2005-01-26,19.950000762939453,20.040000915527344,19.899999618530273,19.959999084472656,4.295198917388916,59100
2005-01-27,19.979999542236328,20.25,19.979999542236328,20.209999084472656,4.348999500274658,21800
2005-01-28,20.260000228881836,20.350000381469727,20.110000610351562,20.229999542236328,4.353302001953125,28900
2005-01-31,20.1299991607666,20.260000228881836,20.1299991607666,20.200000762939453,4.346850872039795,102500
2005-02-01,20.209999084472656,20.440000534057617,20.200000762939453,20.350000381469727,4.379129886627197,81000
2005-02-02,20.239999771118164,20.489999771118164,20.239999771118164,20.43000030517578,4.396338939666748,102500
2005-02-03,20.43000030517578,20.450000762939453,20.3799991607666,20.399999618530273,4.389885425567627,31900
2005-02-04,20.489999771118164,20.65999984741211,20.459999084472656,20.59000015258789,4.4307708740234375,50900
2005-02-07,20.649999618530273,20.700000762939453,20.649999618530273,20.670000076293945,4.447988033294678,36700
2005-02-08,20.700000762939453,20.719999313354492,20.610000610351562,20.6299991607666,4.439377307891846,62500
2005-02-09,20.65999984741211,20.690000534057617,20.56999969482422,20.6299991607666,4.439377307891846,51000
2005-02-10,20.6299991607666,20.690000534057617,20.600000381469727,20.649999618530273,4.443684101104736,51400
2005-02-11,20.540000915527344,20.6299991607666,20.540000915527344,20.600000381469727,4.454495906829834,49900
2005-02-14,20.579999923706055,20.709999084472656,20.579999923706055,20.709999084472656,4.478280544281006,106300
2005-02-15,20.719999313354492,20.760000228881836,20.68000030517578,20.719999313354492,4.48044490814209,69500
2005-02-16,20.739999771118164,20.81999969482422,20.670000076293945,20.799999237060547,4.497739791870117,54900
2005-02-17,20.829999923706055,20.850000381469727,20.739999771118164,20.780000686645508,4.493419647216797,97000
2005-02-18,20.75,20.75,20.479999542236328,20.540000915527344,4.441519260406494,90100
2005-02-22,20.399999618530273,20.520000457763672,20.079999923706055,20.299999237060547,4.389625549316406,92700
2005-02-23,20.309999465942383,20.43000030517578,20.290000915527344,20.34000015258789,4.398272514343262,63400
2005-02-24,20.34000015258789,20.479999542236328,20.329999923706055,20.479999542236328,4.428548812866211,31500
2005-02-25,20.459999084472656,20.68000030517578,20.450000762939453,20.68000030517578,4.471793174743652,32900
2005-02-28,20.6299991607666,20.739999771118164,20.600000381469727,20.700000762939453,4.476119518280029,46300
2005-03-01,20.670000076293945,20.790000915527344,20.649999618530273,20.75,4.486931324005127,50900
2005-03-02,20.75,20.93000030517578,20.690000534057617,20.860000610351562,4.510715961456299,32900
2005-03-03,20.829999923706055,20.860000610351562,20.649999618530273,20.670000076293945,4.469632625579834,30600
2005-03-04,20.6200008392334,20.889999389648438,20.600000381469727,20.84000015258789,4.506392478942871,53500
2005-03-07,20.799999237060547,20.950000762939453,20.799999237060547,20.950000762939453,4.530178070068359,71500
2005-03-08,20.899999618530273,20.899999618530273,20.760000228881836,20.81999969482422,4.5020670890808105,34600
2005-03-09,20.75,20.760000228881836,20.5,20.5,4.432870388031006,55000
2005-03-10,20.399999618530273,20.530000686645508,20.3700008392334,20.530000686645508,4.461120128631592,55500
2005-03-11,20.420000076293945,20.489999771118164,20.290000915527344,20.329999923706055,4.417662620544434,35300
2005-03-14,20.350000381469727,20.520000457763672,20.350000381469727,20.440000534057617,4.441564083099365,46800
2005-03-15,20.5,20.530000686645508,20.40999984741211,20.469999313354492,4.4480814933776855,47000
2005-03-16,20.450000762939453,20.450000762939453,20.270000457763672,20.280000686645508,4.406795501708984,37800
2005-03-17,20.25,20.290000915527344,20.200000762939453,20.270000457763672,4.404621124267578,29500
2005-03-18,20.299999237060547,20.420000076293945,20.299999237060547,20.309999465942383,4.413315296173096,46600
2005-03-21,20.31999969482422,20.31999969482422,20.100000381469727,20.190000534057617,4.387238502502441,42700
2005-03-22,20.139999389648438,20.149999618530273,19.799999237060547,19.940000534057617,4.33291482925415,43500
2005-03-23,19.93000030517578,19.93000030517578,19.68000030517578,19.729999542236328,4.2872843742370605,42600
2005-03-24,19.729999542236328,19.899999618530273,19.700000762939453,19.790000915527344,4.300318241119385,27500
2005-03-28,19.34000015258789,19.889999389648438,19.34000015258789,19.799999237060547,4.302493572235107,69900
2005-03-29,19.799999237060547,19.889999389648438,19.6200008392334,19.8700008392334,4.317705154418945,32400
2005-03-30,19.8700008392334,20.18000030517578,19.850000381469727,20.15999984741211,4.380719184875488,32300
2005-03-31,20.170000076293945,20.200000762939453,20.100000381469727,20.200000762939453,4.389415264129639,27300
2005-04-01,20.25,20.479999542236328,20.09000015258789,20.190000534057617,4.387238502502441,36700
2005-04-04,20.149999618530273,20.68000030517578,20.020000457763672,20.149999618530273,4.378545761108398,47400
2005-04-05,20.260000228881836,20.34000015258789,20.100000381469727,20.229999542236328,4.395929336547852,28900
2005-04-06,20.25,20.40999984741211,20.25,20.31999969482422,4.4154839515686035,23800
2005-04-07,20.31999969482422,20.479999542236328,20.299999237060547,20.43000030517578,4.439387798309326,35400
2005-04-08,20.459999084472656,20.489999771118164,20.34000015258789,20.479999542236328,4.450254440307617,20000
2005-04-11,20.450000762939453,20.530000686645508,20.229999542236328,20.520000457763672,4.4808268547058105,37700
2005-04-12,20.459999084472656,20.68000030517578,20.3799991607666,20.68000030517578,4.515763282775879,20400
2005-04-13,20.600000381469727,20.700000762939453,20.420000076293945,20.420000076293945,4.4589924812316895,39700
2005-04-14,20.219999313354492,20.520000457763672,20.219999313354492,20.239999771118164,4.41968297958374,76200
2005-04-15,20.18000030517578,20.209999084472656,20.020000457763672,20.059999465942383,4.3803791999816895,22600
2005-04-18,20.25,20.270000457763672,19.90999984741211,20.040000915527344,4.376011371612549,50100
2005-04-19,20.049999237060547,20.200000762939453,20.020000457763672,20.200000762939453,4.410951137542725,35000
2005-04-20,20.18000030517578,20.190000534057617,19.889999389648438,19.950000762939453,4.356360912322998,21300
2005-04-21,19.950000762939453,19.950000762939453,19.68000030517578,19.850000381469727,4.3345232009887695,22800
2005-04-22,19.809999465942383,19.899999618530273,19.770000457763672,19.829999923706055,4.330156326293945,14900
2005-04-25,19.799999237060547,19.8700008392334,19.729999542236328,19.739999771118164,4.3105010986328125,23700
2005-04-26,19.799999237060547,19.90999984741211,19.739999771118164,19.739999771118164,4.3105010986328125,17300
2005-04-27,19.649999618530273,19.850000381469727,19.510000228881836,19.579999923706055,4.2755656242370605,52100
2005-04-28,19.649999618530273,19.68000030517578,19.43000030517578,19.6200008392334,4.284298896789551,100900
2005-04-29,19.729999542236328,19.75,19.6200008392334,19.75,4.312685012817383,20300
2005-05-02,19.799999237060547,19.8700008392334,19.6299991607666,19.760000228881836,4.314871311187744,25400
2005-05-03,19.709999084472656,19.899999618530273,19.610000610351562,19.739999771118164,4.3105010986328125,40000
2005-05-04,19.6299991607666,19.889999389648438,19.610000610351562,19.8799991607666,4.3410725593566895,31900
2005-05-05,19.93000030517578,19.93000030517578,19.700000762939453,19.799999237060547,4.323604106903076,18200
2005-05-06,19.799999237060547,19.899999618530273,19.799999237060547,19.8799991607666,4.3410725593566895,20300
2005-05-09,19.8700008392334,19.8700008392334,19.700000762939453,19.790000915527344,4.321418762207031,38100
2005-05-10,19.790000915527344,19.920000076293945,19.739999771118164,19.790000915527344,4.321418762207031,33200
2005-05-11,19.75,19.8799991607666,19.670000076293945,19.700000762939453,4.301767826080322,55800
2005-05-12,19.59000015258789,19.649999618530273,19.559999465942383,19.59000015258789,4.2995734214782715,29400
2005-05-13,19.56999969482422,19.75,19.25,19.31999969482422,4.24031400680542,54400
2005-05-16,19.270000457763672,19.700000762939453,19.270000457763672,19.469999313354492,4.273232936859131,35200
2005-05-17,19.530000686645508,19.549999237060547,19.309999465942383,19.399999618530273,4.257874011993408,89000
2005-05-18,19.40999984741211,19.6200008392334,19.40999984741211,19.549999237060547,4.29079532623291,33900
2005-05-19,19.56999969482422,19.6200008392334,19.5,19.540000915527344,4.288599967956543,40900
2005-05-20,19.600000381469727,19.799999237060547,19.600000381469727,19.739999771118164,4.332492351531982,73100
2005-05-23,19.75,19.829999923706055,19.649999618530273,19.729999542236328,4.330300331115723,51100
2005-05-24,19.729999542236328,19.829999923706055,19.649999618530273,19.780000686645508,4.341273784637451,57800
2005-05-25,19.780000686645508,19.889999389648438,19.739999771118164,19.8700008392334,4.361026763916016,52100
2005-05-26,19.899999618530273,19.989999771118164,19.899999618530273,19.979999542236328,4.385169982910156,38100
2005-05-27,19.979999542236328,20.190000534057617,19.979999542236328,20.190000534057617,4.431258678436279,28200
2005-05-31,20.200000762939453,20.34000015258789,20.18000030517578,20.329999923706055,4.461989879608154,37700
2005-06-01,20.290000915527344,20.469999313354492,20.290000915527344,20.420000076293945,4.481741428375244,42000
2005-06-02,20.43000030517578,20.510000228881836,20.360000610351562,20.5,4.499297618865967,31500
2005-06-03,20.479999542236328,20.559999465942383,20.459999084472656,20.559999465942383,4.512466907501221,35700
2005-06-06,20.559999465942383,20.59000015258789,20.420000076293945,20.559999465942383,4.512466907501221,31800
2005-06-07,20.56999969482422,20.84000015258789,20.56999969482422,20.700000762939453,4.543193340301514,58000
2005-06-08,20.799999237060547,20.899999618530273,20.75,20.75,4.5541672706604,40600
2005-06-09,20.75,20.75,20.530000686645508,20.700000762939453,4.543193340301514,37800
2005-06-10,20.700000762939453,20.799999237060547,20.600000381469727,20.75,4.5541672706604,31200
2005-06-13,20.719999313354492,20.780000686645508,20.59000015258789,20.719999313354492,4.569604396820068,17000
2005-06-14,20.760000228881836,20.899999618530273,20.700000762939453,20.84000015258789,4.596070766448975,31700
2005-06-15,20.84000015258789,20.889999389648438,20.649999618530273,20.709999084472656,4.5674004554748535,23100
2005-06-16,20.65999984741211,20.729999542236328,20.610000610351562,20.690000534057617,4.562988758087158,14900
2005-06-17,20.770000457763672,21.030000686645508,20.770000457763672,21.020000457763672,4.635766983032227,58100
2005-06-20,21.020000457763672,21.040000915527344,20.889999389648438,21.010000228881836,4.6335625648498535,46200
2005-06-21,21.010000228881836,21.170000076293945,21.0,21.100000381469727,4.653410911560059,77000
2005-06-22,21.149999618530273,21.329999923706055,21.100000381469727,21.309999465942383,4.699724197387695,57300
2005-06-23,21.350000381469727,21.389999389648438,21.25,21.3799991607666,4.715160846710205,33600
2005-06-24,21.3799991607666,21.399999618530273,21.200000762939453,21.239999771118164,4.684286594390869,35800
2005-06-27,21.15999984741211,21.18000030517578,21.0,21.1200008392334,4.657824516296387,54800
2005-06-28,21.100000381469727,21.34000015258789,21.100000381469727,21.25,4.686488628387451,27800
2005-06-29,21.229999542236328,21.5,21.229999542236328,21.440000534057617,4.728397369384766,19700
2005-06-30,21.43000030517578,21.6200008392334,21.399999618530273,21.6200008392334,4.768093585968018,35200
2005-07-01,21.600000381469727,21.809999465942383,21.540000915527344,21.799999237060547,4.807791709899902,25300
2005-07-05,21.68000030517578,22.139999389648438,21.68000030517578,22.06999969482422,4.867337226867676,60000
2005-07-06,22.020000457763672,22.239999771118164,21.969999313354492,21.969999313354492,4.845282077789307,33800
2005-07-07,21.81999969482422,21.93000030517578,21.799999237060547,21.90999984741211,4.8320488929748535,43400
2005-07-08,21.81999969482422,22.219999313354492,21.81999969482422,22.170000076293945,4.889388561248779,34500
2005-07-11,22.010000228881836,22.149999618530273,22.0,22.149999618530273,4.908892631530762,37300
2005-07-12,22.149999618530273,22.25,22.100000381469727,22.149999618530273,4.908892631530762,35400
2005-07-13,22.100000381469727,22.200000762939453,22.040000915527344,22.15999984741211,4.911107540130615,30400
2005-07-14,22.09000015258789,22.219999313354492,22.0,22.1299991607666,4.9044599533081055,44900
2005-07-15,21.940000534057617,22.100000381469727,21.920000076293945,22.09000015258789,4.895595073699951,53000
2005-07-18,22.25,22.25,21.920000076293945,22.010000228881836,4.877865791320801,37100
2005-07-19,22.0,22.09000015258789,21.940000534057617,22.040000915527344,4.884513854980469,42100
2005-07-20,22.1200008392334,22.1299991607666,22.010000228881836,22.110000610351562,4.900026798248291,34700
2005-07-21,22.059999465942383,22.15999984741211,21.889999389648438,21.940000534057617,4.86235237121582,63100
2005-07-22,21.950000762939453,21.950000762939453,21.75,21.889999389648438,4.851271152496338,18500
2005-07-25,21.899999618530273,22.030000686645508,21.860000610351562,21.8700008392334,4.846838474273682,45400
2005-07-26,21.920000076293945,21.959999084472656,21.829999923706055,21.899999618530273,4.853488922119141,26900
2005-07-27,21.899999618530273,21.979999542236328,21.860000610351562,21.920000076293945,4.8579182624816895,32200
2005-07-28,21.950000762939453,22.219999313354492,21.93000030517578,22.219999313354492,4.924405097961426,37700
2005-07-29,22.290000915527344,22.290000915527344,22.079999923706055,22.15999984741211,4.911107540130615,71400
2005-08-01,22.15999984741211,22.190000534057617,22.040000915527344,22.139999389648438,4.906676292419434,76500
2005-08-02,22.100000381469727,22.3799991607666,22.100000381469727,22.350000381469727,4.953217029571533,65900
2005-08-03,22.200000762939453,22.5,22.200000762939453,22.489999771118164,4.9842400550842285,55000
2005-08-04,22.5,22.559999465942383,22.260000228881836,22.450000762939453,4.975379467010498,28700
2005-08-05,22.350000381469727,22.3700008392334,21.860000610351562,22.079999923706055,4.893377304077148,41600
2005-08-08,22.049999237060547,22.06999969482422,21.709999084472656,21.790000915527344,4.829106330871582,54600
2005-08-09,21.75,21.950000762939453,21.700000762939453,21.850000381469727,4.842408180236816,22200
2005-08-10,21.850000381469727,22.149999618530273,21.850000381469727,22.020000457763672,4.880080223083496,29700
2005-08-11,21.959999084472656,22.06999969482422,21.940000534057617,22.010000228881836,4.901906967163086,41600
2005-08-12,21.93000030517578,22.049999237060547,21.93000030517578,22.020000457763672,4.904133319854736,17300
2005-08-15,22.200000762939453,22.219999313354492,21.969999313354492,22.139999389648438,4.93086051940918,16100
2005-08-16,22.139999389648438,22.200000762939453,22.059999465942383,22.079999923706055,4.9174957275390625,32300
2005-08-17,22.06999969482422,22.09000015258789,21.93000030517578,22.010000228881836,4.901906967163086,31400
2005-08-18,22.040000915527344,22.09000015258789,21.979999542236328,22.09000015258789,4.91972541809082,18500
2005-08-19,22.049999237060547,22.190000534057617,22.049999237060547,22.15999984741211,4.935311794281006,13000
2005-08-22,22.1200008392334,22.25,22.1200008392334,22.209999084472656,4.946450233459473,33900
2005-08-23,22.149999618530273,22.309999465942383,22.149999618530273,22.200000762939453,4.944222927093506,36400
2005-08-24,22.049999237060547,22.299999237060547,22.049999237060547,22.1299991607666,4.928633213043213,32200
2005-08-25,22.110000610351562,22.18000030517578,22.100000381469727,22.170000076293945,4.937542915344238,40100
2005-08-26,22.25,22.260000228881836,22.059999465942383,22.1200008392334,4.9264068603515625,11700
2005-08-29,22.15999984741211,22.15999984741211,22.049999237060547,22.1299991607666,4.928633213043213,18400
2005-08-30,22.049999237060547,22.1200008392334,22.010000228881836,22.040000915527344,4.908588409423828,33400
2005-08-31,22.110000610351562,22.209999084472656,22.06999969482422,22.209999084472656,4.946450233459473,27400
2005-09-01,22.299999237060547,22.850000381469727,22.299999237060547,22.729999542236328,5.062259197235107,25700
2005-09-02,22.81999969482422,22.959999084472656,22.760000228881836,22.920000076293945,5.104574680328369,21300
2005-09-06,22.979999542236328,23.0,22.850000381469727,22.860000610351562,5.09121561050415,16200
2005-09-07,22.889999389648438,23.149999618530273,22.889999389648438,23.079999923706055,5.140209674835205,40700
2005-09-08,23.079999923706055,23.280000686645508,22.959999084472656,22.959999084472656,5.113484859466553,228000
2005-09-09,22.969999313354492,23.09000015258789,22.899999618530273,23.049999237060547,5.133526802062988,35100
2005-09-12,23.09000015258789,23.1200008392334,22.81999969482422,22.860000610351562,5.115182876586914,37700
2005-09-13,22.889999389648438,22.93000030517578,22.81999969482422,22.93000030517578,5.13084077835083,14100
2005-09-14,22.940000534057617,22.940000534057617,22.790000915527344,22.899999618530273,5.1241326332092285,36300
2005-09-15,22.899999618530273,23.049999237060547,22.780000686645508,22.90999984741211,5.126368522644043,28200
2005-09-16,22.979999542236328,23.0,22.780000686645508,22.8799991607666,5.119654655456543,19600
2005-09-19,23.030000686645508,23.1200008392334,22.940000534057617,23.0,5.146504878997803,31600
2005-09-20,22.989999771118164,23.1200008392334,22.950000762939453,23.1200008392334,5.173357009887695,29100
2005-09-21,23.100000381469727,23.100000381469727,22.8799991607666,23.020000457763672,5.150985240936279,24600
2005-09-22,22.959999084472656,22.989999771118164,22.549999237060547,22.780000686645508,5.0972819328308105,33100
2005-09-23,22.799999237060547,22.950000762939453,22.760000228881836,22.770000457763672,5.095042705535889,49200
2005-09-26,22.84000015258789,22.899999618530273,22.799999237060547,22.84000015258789,5.110706329345703,31700
2005-09-27,22.799999237060547,22.93000030517578,22.75,22.81999969482422,5.106228351593018,52800
2005-09-28,22.829999923706055,23.030000686645508,22.829999923706055,23.020000457763672,5.150985240936279,30500
2005-09-29,23.0,23.239999771118164,22.979999542236328,23.239999771118164,5.200207233428955,19900
2005-09-30,23.299999237060547,23.440000534057617,23.299999237060547,23.399999618530273,5.236014366149902,13400
2005-10-03,23.450000762939453,23.719999313354492,23.450000762939453,23.610000610351562,5.2829999923706055,35600
2005-10-04,23.610000610351562,23.899999618530273,23.579999923706055,23.649999618530273,5.291953086853027,59100
2005-10-05,23.700000762939453,23.719999313354492,23.3700008392334,23.3700008392334,5.229297637939453,46100
2005-10-06,23.450000762939453,23.450000762939453,22.850000381469727,23.1200008392334,5.173357009887695,49900
2005-10-07,23.049999237060547,23.34000015258789,22.920000076293945,23.209999084472656,5.193498611450195,57200
2005-10-10,23.270000457763672,23.280000686645508,22.940000534057617,22.940000534057617,5.13308572769165,34100
2005-10-11,22.84000015258789,23.1200008392334,22.84000015258789,23.09000015258789,5.166646480560303,26700
2005-10-12,22.90999984741211,23.079999923706055,22.780000686645508,22.850000381469727,5.112944602966309,64500
2005-10-13,21.450000762939453,21.520000457763672,21.049999237060547,21.079999923706055,4.949751853942871,98100
2005-10-14,21.149999618530273,21.34000015258789,21.110000610351562,21.31999969482422,5.006104946136475,22200
2005-10-17,21.299999237060547,21.559999465942383,21.260000228881836,21.479999542236328,5.043673992156982,49500
2005-10-18,21.420000076293945,21.420000076293945,21.200000762939453,21.260000228881836,4.992015838623047,76000
2005-10-19,21.170000076293945,21.200000762939453,20.959999084472656,21.100000381469727,4.954446315765381,49700
2005-10-20,21.0,21.09000015258789,20.639999389648438,20.75,4.872265815734863,35100
2005-10-21,20.600000381469727,20.950000762939453,20.600000381469727,20.950000762939453,4.919224739074707,19600
2005-10-24,21.34000015258789,21.34000015258789,21.010000228881836,21.139999389648438,4.963838577270508,41700
2005-10-25,21.149999618530273,21.31999969482422,21.1200008392334,21.31999969482422,5.006104946136475,24100
2005-10-26,21.209999084472656,21.68000030517578,21.209999084472656,21.579999923706055,5.0671563148498535,34400
2005-10-27,21.59000015258789,21.719999313354492,21.5,21.549999237060547,5.060110092163086,19000
2005-10-28,21.56999969482422,21.56999969482422,21.290000915527344,21.350000381469727,5.013148307800293,22300
2005-10-31,21.399999618530273,21.610000610351562,21.350000381469727,21.610000610351562,5.0741987228393555,32000
2005-11-01,21.5,21.5,21.299999237060547,21.469999313354492,5.041330337524414,13100
2005-11-02,21.469999313354492,21.940000534057617,21.280000686645508,21.420000076293945,5.029584884643555,182100
2005-11-03,21.5,21.649999618530273,21.420000076293945,21.649999618530273,5.083591461181641,51600
2005-11-04,21.559999465942383,21.75,21.540000915527344,21.670000076293945,5.088290691375732,39800
2005-11-07,21.670000076293945,21.719999313354492,21.56999969482422,21.579999923706055,5.0671563148498535,30300
2005-11-08,21.600000381469727,21.690000534057617,21.5,21.6200008392334,5.0765485763549805,24100
2005-11-09,21.75,21.850000381469727,21.579999923706055,21.84000015258789,5.128203392028809,36400
2005-11-10,21.6200008392334,21.690000534057617,21.25,21.350000381469727,5.042006015777588,25900
2005-11-11,21.389999389648438,21.43000030517578,21.170000076293945,21.170000076293945,4.999499320983887,10300
2005-11-14,21.239999771118164,21.280000686645508,21.200000762939453,21.239999771118164,5.016027927398682,11300
2005-11-15,21.239999771118164,21.280000686645508,21.110000610351562,21.149999618530273,4.994775772094727,21900
2005-11-16,21.200000762939453,21.229999542236328,21.0,21.049999237060547,4.971157550811768,14100
2005-11-17,21.059999465942383,21.309999465942383,21.059999465942383,21.200000762939453,5.006582736968994,20900
2005-11-18,21.200000762939453,21.25,21.1200008392334,21.200000762939453,5.006582736968994,15400
2005-11-21,21.25,21.360000610351562,21.100000381469727,21.149999618530273,4.994775772094727,25600
2005-11-22,21.149999618530273,21.190000534057617,21.100000381469727,21.149999618530273,4.994775772094727,14900
2005-11-23,21.229999542236328,21.739999771118164,21.18000030517578,21.6200008392334,5.105770111083984,38900
2005-11-25,21.6200008392334,21.670000076293945,21.479999542236328,21.479999542236328,5.072704315185547,5800
2005-11-28,21.540000915527344,21.56999969482422,21.399999618530273,21.399999618530273,5.053811550140381,22500
2005-11-29,21.459999084472656,21.559999465942383,21.260000228881836,21.34000015258789,5.039646625518799,35500
2005-11-30,21.3799991607666,21.469999313354492,21.229999542236328,21.299999237060547,5.0301971435546875,12500
2005-12-01,21.290000915527344,21.489999771118164,21.290000915527344,21.31999969482422,5.034919261932373,24900
2005-12-02,21.3799991607666,21.65999984741211,21.360000610351562,21.559999465942383,5.091599941253662,28200
2005-12-05,21.610000610351562,21.719999313354492,21.540000915527344,21.600000381469727,5.101045608520508,17100
2005-12-06,21.6299991607666,21.75,21.6200008392334,21.709999084472656,5.127023696899414,16200
2005-12-07,21.75,21.75,21.600000381469727,21.6299991607666,5.108129501342773,17400
2005-12-08,21.530000686645508,21.739999771118164,21.520000457763672,21.56999969482422,5.0939621925354,19100
2005-12-09,21.600000381469727,21.850000381469727,21.600000381469727,21.850000381469727,5.160087585449219,17800
2005-12-12,21.75,21.75,21.559999465942383,21.559999465942383,5.120895862579346,21600
2005-12-13,21.6299991607666,21.850000381469727,21.610000610351562,21.790000915527344,5.1755266189575195,20800
2005-12-14,21.799999237060547,21.989999771118164,21.760000228881836,21.950000762939453,5.213528633117676,13900
2005-12-15,22.0,22.0,21.760000228881836,21.8700008392334,5.194526672363281,24600
2005-12-16,21.81999969482422,21.979999542236328,21.75,21.889999389648438,5.199275970458984,16100
2005-12-19,21.979999542236328,21.979999542236328,21.600000381469727,21.690000534057617,5.151771545410156,33700
2005-12-20,21.770000457763672,21.770000457763672,21.59000015258789,21.690000534057617,5.151771545410156,24000
2005-12-21,21.899999618530273,22.100000381469727,21.829999923706055,21.8799991607666,5.196902751922607,80000
2005-12-22,21.90999984741211,22.09000015258789,21.899999618530273,22.09000015258789,5.2467803955078125,63200
2005-12-23,22.15999984741211,22.190000534057617,22.079999923706055,22.149999618530273,5.261030673980713,35200
2005-12-27,22.15999984741211,22.260000228881836,22.010000228881836,22.010000228881836,5.227781295776367,80300
2005-12-28,19.209999084472656,19.290000915527344,18.969999313354492,19.25,5.236208915710449,87200
2005-12-29,19.239999771118164,19.31999969482422,19.059999465942383,19.209999084472656,5.2253313064575195,56700
2005-12-30,19.229999542236328,19.479999542236328,19.15999984741211,19.399999618530273,5.277010917663574,51500
2006-01-03,19.399999618530273,19.549999237060547,19.329999923706055,19.549999237060547,5.317812919616699,101500
2006-01-04,19.700000762939453,19.889999389648438,19.6200008392334,19.799999237060547,5.385817050933838,131400
2006-01-05,19.950000762939453,20.239999771118164,19.75,19.8700008392334,5.404860496520996,540900
2006-01-06,19.950000762939453,20.0,19.81999969482422,19.940000534057617,5.423899173736572,63500
2006-01-09,19.950000762939453,19.989999771118164,19.850000381469727,19.969999313354492,5.432056427001953,47200
2006-01-10,19.969999313354492,19.969999313354492,19.829999923706055,19.969999313354492,5.432056427001953,25100
2006-01-11,19.93000030517578,20.0,19.799999237060547,19.93000030517578,5.421177387237549,50000
2006-01-12,20.0,20.1200008392334,19.969999313354492,20.09000015258789,5.464702606201172,26700
2006-01-13,19.979999542236328,20.049999237060547,19.920000076293945,20.040000915527344,5.485231876373291,27900
2006-01-17,20.0,20.229999542236328,20.0,20.229999542236328,5.537230968475342,28100
2006-01-18,20.229999542236328,20.350000381469727,20.18000030517578,20.34000015258789,5.567343711853027,45400
2006-01-19,20.350000381469727,20.440000534057617,20.270000457763672,20.440000534057617,5.594717025756836,29000
2006-01-20,20.3700008392334,20.399999618530273,20.260000228881836,20.389999389648438,5.581027507781982,24300
2006-01-23,20.399999618530273,20.399999618530273,20.209999084472656,20.3799991607666,5.578290939331055,19200
2006-01-24,20.3799991607666,20.3799991607666,20.209999084472656,20.3799991607666,5.578290939331055,20600
2006-01-25,20.3799991607666,20.479999542236328,20.350000381469727,20.479999542236328,5.605663299560547,26300
2006-01-26,20.549999237060547,20.649999618530273,20.5,20.639999389648438,5.649457931518555,57100
2006-01-27,20.709999084472656,20.950000762939453,20.649999618530273,20.950000762939453,5.734309673309326,47500
2006-01-30,20.950000762939453,20.950000762939453,20.600000381469727,20.700000762939453,5.665879249572754,37400
2006-01-31,20.600000381469727,20.700000762939453,20.549999237060547,20.65999984741211,5.654933452606201,41700
2006-02-01,20.799999237060547,20.889999389648438,20.649999618530273,20.84000015258789,5.704202175140381,42900
2006-02-02,20.899999618530273,20.93000030517578,20.709999084472656,20.790000915527344,5.69051456451416,52900
2006-02-03,20.850000381469727,20.850000381469727,20.65999984741211,20.75,5.679566860198975,35700
2006-02-06,20.81999969482422,20.81999969482422,20.549999237060547,20.65999984741211,5.654933452606201,37900
2006-02-07,20.780000686645508,20.780000686645508,20.559999465942383,20.649999618530273,5.652196884155273,20000
2006-02-08,20.649999618530273,20.709999084472656,20.510000228881836,20.670000076293945,5.657670021057129,32300
2006-02-09,20.670000076293945,20.709999084472656,20.579999923706055,20.610000610351562,5.641251087188721,26800
2006-02-10,20.579999923706055,20.579999923706055,20.3799991607666,20.399999618530273,5.6178388595581055,26900
2006-02-13,20.399999618530273,20.399999618530273,20.149999618530273,20.270000457763672,5.582038879394531,31300
2006-02-14,20.350000381469727,20.350000381469727,20.100000381469727,20.25,5.5765299797058105,43100
2006-02-15,20.25,20.25,20.010000228881836,20.149999618530273,5.5489935874938965,39700
2006-02-16,20.229999542236328,20.270000457763672,20.100000381469727,20.110000610351562,5.53797721862793,24200
2006-02-17,20.110000610351562,20.450000762939453,20.110000610351562,20.450000762939453,5.6316094398498535,37300
2006-02-21,20.43000030517578,20.670000076293945,20.43000030517578,20.59000015258789,5.670161247253418,26500
2006-02-22,20.700000762939453,20.75,20.6200008392334,20.75,5.7142252922058105,32200
2006-02-23,20.6200008392334,20.850000381469727,20.6200008392334,20.829999923706055,5.736252307891846,37400
2006-02-24,20.860000610351562,21.09000015258789,20.829999923706055,21.09000015258789,5.807854652404785,27400
2006-02-27,21.049999237060547,21.100000381469727,20.950000762939453,21.100000381469727,5.810610771179199,32100
2006-02-28,21.1299991607666,21.1299991607666,20.889999389648438,21.049999237060547,5.796835899353027,25900
2006-03-01,21.049999237060547,21.049999237060547,20.889999389648438,21.0,5.783071517944336,33500
2006-03-02,21.09000015258789,21.09000015258789,20.75,20.899999618530273,5.755529403686523,48600
2006-03-03,20.899999618530273,20.899999618530273,20.729999542236328,20.850000381469727,5.741762161254883,22400
2006-03-06,20.780000686645508,20.790000915527344,20.399999618530273,20.610000610351562,5.675673007965088,27600
2006-03-07,20.549999237060547,20.549999237060547,20.350000381469727,20.469999313354492,5.637115001678467,33300
2006-03-08,20.469999313354492,20.469999313354492,20.100000381469727,20.440000534057617,5.628856658935547,38900
2006-03-09,20.5,20.520000457763672,20.360000610351562,20.450000762939453,5.6316094398498535,23500
2006-03-10,20.399999618530273,20.489999771118164,20.350000381469727,20.43000030517578,5.660701751708984,19000
2006-03-13,20.530000686645508,20.530000686645508,20.31999969482422,20.489999771118164,5.677328586578369,18700
2006-03-14,20.440000534057617,20.520000457763672,20.329999923706055,20.510000228881836,5.68286657333374,35500
2006-03-15,20.549999237060547,20.549999237060547,20.360000610351562,20.479999542236328,5.674553394317627,26300
2006-03-16,20.690000534057617,20.690000534057617,20.549999237060547,20.68000030517578,5.729971408843994,27900
2006-03-17,20.729999542236328,20.780000686645508,20.600000381469727,20.75,5.7493696212768555,24800
2006-03-20,21.280000686645508,21.280000686645508,20.81999969482422,21.0,5.818636417388916,124700
2006-03-21,21.1299991607666,21.190000534057617,20.969999313354492,21.149999618530273,5.860197067260742,66600
2006-03-22,21.18000030517578,21.190000534057617,21.049999237060547,21.190000534057617,5.871279716491699,32400
2006-03-23,21.149999618530273,21.190000534057617,21.030000686645508,21.190000534057617,5.871279716491699,46500
2006-03-24,21.139999389648438,21.170000076293945,21.030000686645508,21.139999389648438,5.857425212860107,33600
2006-03-27,21.149999618530273,21.15999984741211,20.899999618530273,21.040000915527344,5.829715251922607,39200
2006-03-28,21.09000015258789,21.399999618530273,20.84000015258789,20.899999618530273,5.790925979614258,102700
2006-03-29,21.0,21.0,20.8700008392334,21.0,5.818636417388916,48500
2006-03-30,21.059999465942383,21.059999465942383,20.889999389648438,20.969999313354492,5.810323715209961,29200
2006-03-31,21.09000015258789,21.219999313354492,21.049999237060547,21.219999313354492,5.879592418670654,60100
2006-04-03,21.219999313354492,21.25,21.09000015258789,21.170000076293945,5.865742206573486,38400
2006-04-04,21.170000076293945,21.190000534057617,21.06999969482422,21.110000610351562,5.849113464355469,40700
2006-04-05,21.09000015258789,21.09000015258789,20.600000381469727,20.969999313354492,5.810323715209961,118200
2006-04-06,20.959999084472656,20.969999313354492,20.780000686645508,20.860000610351562,5.779843807220459,26800
2006-04-07,20.760000228881836,20.850000381469727,20.65999984741211,20.729999542236328,5.743820667266846,44700
2006-04-10,20.75,20.760000228881836,20.65999984741211,20.690000534057617,5.732743263244629,18700
2006-04-11,20.670000076293945,20.700000762939453,20.600000381469727,20.68000030517578,5.729971408843994,23700
2006-04-12,20.469999313354492,20.56999969482422,20.450000762939453,20.489999771118164,5.677328586578369,48800
2006-04-13,20.299999237060547,20.299999237060547,20.200000762939453,20.209999084472656,5.645759105682373,25800
2006-04-17,20.25,20.34000015258789,20.1299991607666,20.149999618530273,5.628995895385742,25000
2006-04-18,20.190000534057617,20.56999969482422,20.15999984741211,20.350000381469727,5.68487024307251,42100
2006-04-19,20.31999969482422,20.790000915527344,20.31999969482422,20.700000762939453,5.782641887664795,30900
2006-04-20,20.579999923706055,20.899999618530273,20.579999923706055,20.75,5.796610355377197,20200
2006-04-21,20.65999984741211,21.0,20.65999984741211,20.899999618530273,5.838512897491455,22100
2006-04-24,20.81999969482422,20.959999084472656,20.700000762939453,20.950000762939453,5.852479934692383,21200
2006-04-25,20.59000015258789,20.93000030517578,20.579999923706055,20.90999984741211,5.841302394866943,37500
2006-04-26,20.90999984741211,20.950000762939453,20.719999313354492,20.850000381469727,5.82454776763916,19800
2006-04-27,20.75,20.950000762939453,20.709999084472656,20.8700008392334,5.83013391494751,25300
2006-04-28,20.81999969482422,20.920000076293945,20.649999618530273,20.770000457763672,5.802197456359863,63200
2006-05-01,20.68000030517578,20.739999771118164,20.600000381469727,20.739999771118164,5.793818950653076,47200
2006-05-02,20.709999084472656,20.8700008392334,20.700000762939453,20.729999542236328,5.791021823883057,45400
2006-05-03,20.760000228881836,20.81999969482422,20.610000610351562,20.649999618530273,5.7686767578125,35300
2006-05-04,20.670000076293945,20.75,20.6299991607666,20.690000534057617,5.779851913452148,33000
2006-05-05,20.700000762939453,20.899999618530273,20.700000762939453,20.809999465942383,5.813371181488037,22600
2006-05-08,20.889999389648438,21.190000534057617,20.889999389648438,21.18000030517578,5.916729927062988,58900
2006-05-09,20.979999542236328,21.239999771118164,20.979999542236328,21.229999542236328,5.930700302124023,50100
2006-05-10,21.100000381469727,21.31999969482422,21.079999923706055,21.31999969482422,5.955841541290283,39200
2006-05-11,21.0,21.280000686645508,21.0,21.100000381469727,5.940919399261475,46300
2006-05-12,21.079999923706055,21.1200008392334,20.979999542236328,20.979999542236328,5.907130241394043,24000
2006-05-15,20.899999618530273,21.049999237060547,20.850000381469727,20.969999313354492,5.9043121337890625,44600
2006-05-16,20.959999084472656,21.059999465942383,20.93000030517578,21.0,5.912759304046631,17300
2006-05-17,20.84000015258789,20.899999618530273,20.760000228881836,20.799999237060547,5.856451988220215,33800
2006-05-18,20.8700008392334,20.969999313354492,20.860000610351562,20.93000030517578,5.893054008483887,25500
2006-05-19,20.899999618530273,20.950000762939453,20.770000457763672,20.81999969482422,5.862081050872803,26900
2006-05-22,20.940000534057617,20.940000534057617,20.68000030517578,20.84000015258789,5.867713451385498,32300
2006-05-23,20.8799991607666,20.889999389648438,20.75,20.799999237060547,5.856451988220215,19000
2006-05-24,20.350000381469727,20.649999618530273,20.350000381469727,20.600000381469727,5.800137042999268,89500
2006-05-25,20.59000015258789,20.84000015258789,20.59000015258789,20.75,5.842375755310059,29700
2006-05-26,20.799999237060547,20.850000381469727,20.75,20.850000381469727,5.870528221130371,16300
2006-05-30,20.850000381469727,20.899999618530273,20.850000381469727,20.850000381469727,5.870528221130371,38300
2006-05-31,20.899999618530273,20.950000762939453,20.850000381469727,20.950000762939453,5.898685932159424,28200
2006-06-01,20.860000610351562,21.100000381469727,20.850000381469727,21.100000381469727,5.940919399261475,31800
2006-06-02,21.149999618530273,21.360000610351562,21.139999389648438,21.350000381469727,6.0113115310668945,49500
2006-06-05,21.34000015258789,21.43000030517578,21.299999237060547,21.399999618530273,6.025389194488525,35900
2006-06-06,21.450000762939453,21.450000762939453,21.25,21.399999618530273,6.025389194488525,23600
2006-06-07,21.549999237060547,21.549999237060547,21.1299991607666,21.1299991607666,5.949366569519043,27700
2006-06-08,21.09000015258789,21.09000015258789,20.93000030517578,21.0,5.912759304046631,27600
2006-06-09,21.049999237060547,21.100000381469727,20.8799991607666,21.079999923706055,5.9352874755859375,31800
2006-06-12,20.899999618530273,21.079999923706055,20.899999618530273,20.989999771118164,5.957140922546387,24600
2006-06-13,21.040000915527344,21.040000915527344,20.799999237060547,20.899999618530273,5.931599140167236,22200
2006-06-14,20.850000381469727,20.899999618530273,20.579999923706055,20.81999969482422,5.908892631530762,32100
2006-06-15,20.8700008392334,21.010000228881836,20.809999465942383,21.010000228881836,5.962815284729004,28100
2006-06-16,21.049999237060547,21.100000381469727,20.829999923706055,21.020000457763672,5.965658187866211,16300
2006-06-19,21.030000686645508,21.100000381469727,20.959999084472656,21.100000381469727,5.988358974456787,25600
2006-06-20,21.100000381469727,21.100000381469727,20.860000610351562,21.06999969482422,5.979848384857178,26500
2006-06-21,20.90999984741211,21.100000381469727,20.90999984741211,21.06999969482422,5.979848384857178,20600
2006-06-22,21.06999969482422,21.100000381469727,21.0,21.049999237060547,5.974170684814453,17900
2006-06-23,21.100000381469727,21.3799991607666,21.06999969482422,21.3700008392334,6.0649919509887695,22500
2006-06-26,21.3799991607666,21.520000457763672,21.290000915527344,21.399999618530273,6.073504447937012,26100
2006-06-27,21.350000381469727,21.5,21.350000381469727,21.489999771118164,6.099041938781738,20900
2006-06-28,21.450000762939453,21.479999542236328,21.329999923706055,21.3799991607666,6.067824363708496,42800
2006-06-29,21.3799991607666,21.469999313354492,21.190000534057617,21.360000610351562,6.062145709991455,18900
2006-06-30,21.399999618530273,21.530000686645508,21.399999618530273,21.520000457763672,6.107559680938721,25200
2006-07-03,21.399999618530273,21.40999984741211,21.149999618530273,21.200000762939453,6.016737937927246,62400
2006-07-05,21.100000381469727,21.5,21.059999465942383,21.440000534057617,6.084855079650879,49500
2006-07-06,21.5,21.549999237060547,21.40999984741211,21.540000915527344,6.113234996795654,31700
2006-07-07,21.440000534057617,21.81999969482422,21.40999984741211,21.770000457763672,6.178511619567871,12300
2006-07-10,21.700000762939453,22.06999969482422,21.600000381469727,21.8799991607666,6.209733009338379,44500
2006-07-11,22.020000457763672,22.049999237060547,21.8700008392334,22.010000228881836,6.246625900268555,33900
2006-07-12,22.030000686645508,22.200000762939453,22.0,22.100000381469727,6.27216911315918,26200
2006-07-13,22.100000381469727,22.170000076293945,22.030000686645508,22.100000381469727,6.319924831390381,20900
2006-07-14,22.139999389648438,22.139999389648438,21.829999923706055,22.030000686645508,6.299905776977539,24200
2006-07-17,22.0,22.170000076293945,21.6200008392334,21.889999389648438,6.259871959686279,38400
2006-07-18,21.639999389648438,21.969999313354492,21.639999389648438,21.8700008392334,6.254153251647949,35700
2006-07-19,21.889999389648438,22.149999618530273,21.84000015258789,22.100000381469727,6.319924831390381,18200
2006-07-20,22.010000228881836,22.639999389648438,22.010000228881836,22.40999984741211,6.4085774421691895,80100
2006-07-21,22.6299991607666,22.639999389648438,22.25,22.520000457763672,6.440032005310059,49600
2006-07-24,22.520000457763672,22.719999313354492,22.5,22.59000015258789,6.460048675537109,46400
2006-07-25,22.56999969482422,23.0,22.469999313354492,22.530000686645508,6.442890644073486,36900
2006-07-26,22.530000686645508,22.639999389648438,22.40999984741211,22.540000915527344,6.445751190185547,34900
2006-07-27,22.299999237060547,22.479999542236328,22.299999237060547,22.459999084472656,6.422875881195068,55300
2006-07-28,22.440000534057617,22.540000915527344,22.440000534057617,22.5,6.434310436248779,30200
2006-07-31,22.600000381469727,22.790000915527344,22.450000762939453,22.6200008392334,6.468628883361816,45500
2006-08-01,22.469999313354492,22.649999618530273,22.399999618530273,22.530000686645508,6.442890644073486,38000
2006-08-02,22.59000015258789,22.979999542236328,22.56999969482422,22.860000610351562,6.537265300750732,43800
2006-08-03,22.760000228881836,22.950000762939453,22.700000762939453,22.90999984741211,6.551558971405029,24300
2006-08-04,22.940000534057617,23.200000762939453,22.899999618530273,23.049999237060547,6.59160041809082,19600
2006-08-07,23.049999237060547,23.049999237060547,22.850000381469727,22.889999389648438,6.545839786529541,46600
2006-08-08,22.790000915527344,23.1200008392334,22.729999542236328,22.940000534057617,6.560140609741211,26600
2006-08-09,22.979999542236328,23.059999465942383,22.850000381469727,22.959999084472656,6.565862655639648,37200
2006-08-10,22.760000228881836,22.90999984741211,22.600000381469727,22.850000381469727,6.53440523147583,50500
2006-08-11,22.760000228881836,22.81999969482422,22.329999923706055,22.65999984741211,6.527778148651123,33000
2006-08-14,22.649999618530273,22.790000915527344,22.59000015258789,22.65999984741211,6.527778148651123,17600
2006-08-15,22.690000534057617,22.860000610351562,22.549999237060547,22.649999618530273,6.524893283843994,34000
2006-08-16,22.700000762939453,22.850000381469727,22.68000030517578,22.690000534057617,6.536418437957764,24000
2006-08-17,22.639999389648438,22.850000381469727,22.510000228881836,22.600000381469727,6.510495185852051,35400
2006-08-18,22.610000610351562,22.649999618530273,22.540000915527344,22.600000381469727,6.510495185852051,23800
2006-08-21,22.600000381469727,22.690000534057617,22.469999313354492,22.670000076293945,6.530660152435303,28400
2006-08-22,22.6299991607666,22.889999389648438,22.5,22.8799991607666,6.591154098510742,34200
2006-08-23,22.8799991607666,22.940000534057617,22.75,22.760000228881836,6.556587219238281,20900
2006-08-24,22.760000228881836,23.18000030517578,22.75,23.100000381469727,6.654529094696045,50600
2006-08-25,23.110000610351562,23.280000686645508,23.030000686645508,23.239999771118164,6.694858551025391,29600
2006-08-28,23.239999771118164,23.520000457763672,23.219999313354492,23.290000915527344,6.709268093109131,28700
2006-08-29,23.18000030517578,25.040000915527344,23.18000030517578,23.200000762939453,6.6833367347717285,51200
2006-08-30,23.100000381469727,23.149999618530273,22.969999313354492,23.09000015258789,6.651647567749023,61300
2006-08-31,23.139999389648438,23.530000686645508,23.09000015258789,23.5,6.769763469696045,43700
2006-09-01,23.5,23.860000610351562,23.459999084472656,23.729999542236328,6.836013317108154,53300
2006-09-05,23.790000915527344,24.799999237060547,23.709999084472656,24.1299991607666,6.951246738433838,145800
2006-09-06,23.989999771118164,24.1299991607666,23.850000381469727,23.90999984741211,6.887877941131592,33600
2006-09-07,23.90999984741211,24.25,23.43000030517578,23.899999618530273,6.88499116897583,73700
2006-09-08,23.950000762939453,24.25,23.899999618530273,24.139999389648438,6.954128265380859,54900
2006-09-11,23.969999313354492,24.280000686645508,23.920000076293945,24.059999465942383,6.979360580444336,57700
2006-09-12,24.040000915527344,24.68000030517578,23.940000534057617,24.219999313354492,7.02577543258667,132200
2006-09-13,24.170000076293945,24.25,23.899999618530273,23.950000762939453,6.947458267211914,65100
2006-09-14,23.920000076293945,23.959999084472656,23.510000228881836,23.520000457763672,6.822719573974609,54000
2006-09-15,23.450000762939453,23.649999618530273,23.149999618530273,23.229999542236328,6.7385969161987305,69400
2006-09-18,23.059999465942383,23.350000381469727,23.059999465942383,23.34000015258789,6.770508766174316,36500
2006-09-19,23.149999618530273,23.3799991607666,23.09000015258789,23.200000762939453,6.72989559173584,42700
2006-09-20,23.200000762939453,23.450000762939453,23.200000762939453,23.440000534057617,6.7995171546936035,42300
2006-09-21,23.479999542236328,23.670000076293945,23.360000610351562,23.65999984741211,6.863332271575928,44000
2006-09-22,23.510000228881836,24.780000686645508,23.510000228881836,24.079999923706055,6.985166549682617,45800
2006-09-25,24.100000381469727,24.56999969482422,24.100000381469727,24.40999984741211,7.080888748168945,136000
2006-09-26,24.299999237060547,25.0,24.299999237060547,24.93000030517578,7.2317376136779785,130800
2006-09-27,24.93000030517578,25.25,24.799999237060547,24.940000534057617,7.23463249206543,74000
2006-09-28,24.940000534057617,25.25,24.860000610351562,24.899999618530273,7.223028659820557,31600
2006-09-29,24.899999618530273,25.25,24.899999618530273,25.1200008392334,7.28685188293457,54800
2006-10-02,25.09000015258789,26.0,25.049999237060547,25.59000015258789,7.423187732696533,83500
2006-10-03,25.59000015258789,26.5,25.420000076293945,26.0,7.54211950302124,116100
2006-10-04,25.899999618530273,26.489999771118164,25.860000610351562,26.25,7.61464262008667,95400
2006-10-05,26.25,26.25,25.450000762939453,25.780000686645508,7.478307247161865,95800
2006-10-06,25.649999618530273,25.950000762939453,25.600000381469727,25.829999923706055,7.492810249328613,62300
2006-10-09,25.829999923706055,26.200000762939453,25.75,25.959999084472656,7.530520915985107,61000
2006-10-10,26.0,26.34000015258789,26.0,26.030000686645508,7.550820827484131,45500
2006-10-11,25.93000030517578,26.389999389648438,25.920000076293945,26.200000762939453,7.600142002105713,61200
2006-10-12,25.799999237060547,26.09000015258789,25.799999237060547,25.90999984741211,7.573831558227539,44800
2006-10-13,25.850000381469727,25.950000762939453,25.75,25.760000228881836,7.529983997344971,38000
2006-10-16,25.959999084472656,26.100000381469727,25.700000762939453,25.829999923706055,7.550445079803467,45700
2006-10-17,25.799999237060547,26.100000381469727,25.709999084472656,25.899999618530273,7.5709075927734375,41600
2006-10-18,25.709999084472656,26.3799991607666,25.649999618530273,25.90999984741211,7.573831558227539,72900
2006-10-19,25.850000381469727,26.5,25.850000381469727,26.299999237060547,7.687835693359375,37400
2006-10-20,26.489999771118164,26.5,26.020000457763672,26.149999618530273,7.64398717880249,43600
2006-10-23,26.049999237060547,26.299999237060547,26.020000457763672,26.280000686645508,7.6819868087768555,52300
2006-10-24,26.139999389648438,26.25,25.899999618530273,26.09000015258789,7.626448631286621,74200
2006-10-25,26.0,26.350000381469727,26.0,26.25,7.6732177734375,37400
2006-10-26,26.059999465942383,26.329999923706055,26.059999465942383,26.239999771118164,7.670294761657715,23800
2006-10-27,26.139999389648438,26.270000457763672,26.100000381469727,26.149999618530273,7.64398717880249,25100
2006-10-30,26.149999618530273,26.399999618530273,26.059999465942383,26.399999618530273,7.717066287994385,29800
2006-10-31,26.25,26.489999771118164,26.209999084472656,26.399999618530273,7.717066287994385,36800
2006-11-01,26.479999542236328,26.5,26.309999465942383,26.43000030517578,7.725835800170898,39900
2006-11-02,26.3700008392334,26.600000381469727,26.059999465942383,26.31999969482422,7.693676471710205,42200
2006-11-03,26.450000762939453,26.600000381469727,26.299999237060547,26.440000534057617,7.728755474090576,44400
2006-11-06,26.469999313354492,26.75,26.469999313354492,26.549999237060547,7.7609076499938965,87500
2006-11-07,26.719999313354492,26.799999237060547,26.639999389648438,26.790000915527344,7.831069469451904,52400
2006-11-08,26.75,26.850000381469727,26.690000534057617,26.850000381469727,7.848606109619141,33400
2006-11-09,26.84000015258789,26.850000381469727,26.670000076293945,26.809999465942383,7.836912155151367,26700
2006-11-10,26.780000686645508,26.889999389648438,26.780000686645508,26.889999389648438,7.860297203063965,21600
2006-11-13,26.799999237060547,26.899999618530273,26.709999084472656,26.889999389648438,7.919196605682373,35800
2006-11-14,26.889999389648438,26.899999618530273,26.790000915527344,26.889999389648438,7.919196605682373,41200
2006-11-15,26.889999389648438,26.899999618530273,26.719999313354492,26.729999542236328,7.872079372406006,42700
2006-11-16,26.709999084472656,27.440000534057617,26.600000381469727,26.799999237060547,7.892692565917969,104500
2006-11-17,26.81999969482422,27.079999923706055,26.809999465942383,26.959999084472656,7.939818859100342,42300
2006-11-20,26.850000381469727,27.149999618530273,26.780000686645508,27.100000381469727,7.981043815612793,37500
2006-11-21,27.059999465942383,27.100000381469727,26.950000762939453,27.100000381469727,7.981043815612793,43300
2006-11-22,27.049999237060547,27.100000381469727,26.850000381469727,26.959999084472656,7.939818859100342,31000
2006-11-24,26.950000762939453,26.969999313354492,26.850000381469727,26.90999984741211,7.925086975097656,13700
2006-11-27,26.959999084472656,26.959999084472656,26.600000381469727,26.6200008392334,7.8396830558776855,47500
2006-11-28,26.56999969482422,26.950000762939453,26.540000915527344,26.920000076293945,7.928034782409668,25300
2006-11-29,26.920000076293945,27.049999237060547,26.799999237060547,26.959999084472656,7.939818859100342,38100
2006-11-30,26.920000076293945,27.079999923706055,26.899999618530273,27.0,7.95159387588501,32600
2006-12-01,26.899999618530273,27.079999923706055,26.65999984741211,26.729999542236328,7.872079372406006,38600
2006-12-04,26.600000381469727,26.780000686645508,26.399999618530273,26.639999389648438,7.84557580947876,84000
2006-12-05,26.600000381469727,26.959999084472656,26.600000381469727,26.959999084472656,7.939818859100342,33600
2006-12-06,26.959999084472656,27.0,26.860000610351562,26.989999771118164,7.948647975921631,18400
2006-12-07,26.81999969482422,27.100000381469727,26.81999969482422,27.100000381469727,7.981043815612793,36100
2006-12-08,27.100000381469727,27.200000762939453,27.010000228881836,27.049999237060547,7.966319561004639,35300
2006-12-11,26.850000381469727,26.93000030517578,26.549999237060547,26.549999237060547,7.877309322357178,37400
2006-12-12,26.5,26.760000228881836,26.5,26.75,7.936649799346924,35900
2006-12-13,26.75,26.84000015258789,26.649999618530273,26.84000015258789,7.96335506439209,21300
2006-12-14,26.75,26.920000076293945,26.75,26.90999984741211,7.984118938446045,24800
2006-12-15,26.850000381469727,26.90999984741211,26.770000457763672,26.889999389648438,7.978185653686523,22400
2006-12-18,26.93000030517578,26.93000030517578,26.760000228881836,26.780000686645508,7.945549964904785,20400
2006-12-19,26.799999237060547,26.920000076293945,26.799999237060547,26.899999618530273,7.981152534484863,12100
2006-12-20,27.049999237060547,28.389999389648438,27.049999237060547,28.09000015258789,8.334227561950684,128600
2006-12-21,27.940000534057617,28.600000381469727,27.90999984741211,28.139999389648438,8.349061012268066,73100
2006-12-22,28.15999984741211,28.200000762939453,28.010000228881836,28.200000762939453,8.366865158081055,31500
2006-12-26,28.200000762939453,28.700000762939453,28.15999984741211,28.700000762939453,8.51521110534668,38800
2006-12-27,27.299999237060547,28.06999969482422,27.299999237060547,27.8799991607666,8.695487022399902,51200
2006-12-28,27.950000762939453,28.25,27.950000762939453,28.049999237060547,8.74850082397461,37300
2006-12-29,28.200000762939453,28.200000762939453,27.709999084472656,27.8799991607666,8.695487022399902,22200
2007-01-03,27.799999237060547,28.649999618530273,27.799999237060547,28.15999984741211,8.782807350158691,67500
2007-01-04,28.020000457763672,28.5,28.020000457763672,28.09000015258789,8.760979652404785,42100
2007-01-05,28.040000915527344,28.040000915527344,27.700000762939453,27.899999618530273,8.701715469360352,45900
2007-01-08,27.5,27.5,27.049999237060547,27.3799991607666,8.539534568786621,85200
2007-01-09,27.270000457763672,27.270000457763672,25.25,25.350000381469727,7.906402111053467,210400
2007-01-10,25.010000228881836,25.6299991607666,24.5,25.170000076293945,7.850261211395264,282600
2007-01-11,25.1200008392334,25.799999237060547,25.1200008392334,25.75,8.031156539916992,75300
2007-01-12,25.75,25.75,25.219999313354492,25.40999984741211,7.987153053283691,69600
2007-01-16,25.299999237060547,25.559999465942383,25.059999465942383,25.329999923706055,7.962001800537109,86500
2007-01-17,24.8799991607666,25.25,24.8799991607666,25.219999313354492,7.927425861358643,60000
2007-01-18,25.059999465942383,25.360000610351562,24.850000381469727,24.8799991607666,7.820552825927734,48800
2007-01-19,24.75,25.100000381469727,24.639999389648438,25.100000381469727,7.889708995819092,44800
2007-01-22,25.100000381469727,25.469999313354492,25.0,25.360000610351562,7.971437931060791,57500
2007-01-23,25.350000381469727,25.700000762939453,25.170000076293945,25.5,8.01544189453125,80100
2007-01-24,25.420000076293945,25.68000030517578,25.420000076293945,25.559999465942383,8.034299850463867,32800
2007-01-25,25.510000228881836,25.899999618530273,25.5,25.700000762939453,8.078309059143066,42400
2007-01-26,25.799999237060547,26.1299991607666,25.780000686645508,26.1200008392334,8.2103271484375,43800
2007-01-29,26.020000457763672,26.299999237060547,26.020000457763672,26.290000915527344,8.263761520385742,34600
2007-01-30,26.299999237060547,26.610000610351562,26.299999237060547,26.610000610351562,8.364352226257324,31000
2007-01-31,26.75,27.0,26.3799991607666,27.0,8.486940383911133,39200
2007-02-01,27.0,27.25,26.81999969482422,27.229999542236328,8.559236526489258,26800
2007-02-02,27.190000534057617,27.43000030517578,27.18000030517578,27.43000030517578,8.622098922729492,32300
2007-02-05,27.43000030517578,27.6200008392334,27.239999771118164,27.56999969482422,8.666105270385742,34900
2007-02-06,27.540000915527344,27.649999618530273,27.5,27.6299991607666,8.68496322631836,30000
2007-02-07,27.649999618530273,27.84000015258789,27.649999618530273,27.690000534057617,8.703825950622559,28900
2007-02-08,27.670000076293945,27.8700008392334,27.479999542236328,27.8700008392334,8.760406494140625,38400
2007-02-09,27.799999237060547,28.09000015258789,27.5,27.760000228881836,8.725824356079102,49300
2007-02-12,27.510000228881836,27.700000762939453,26.56999969482422,26.899999618530273,8.516862869262695,53800
2007-02-13,26.90999984741211,27.079999923706055,26.559999465942383,26.920000076293945,8.523195266723633,33500
2007-02-14,26.850000381469727,27.06999969482422,26.770000457763672,27.040000915527344,8.561188697814941,36400
2007-02-15,27.049999237060547,27.350000381469727,26.93000030517578,26.940000534057617,8.529531478881836,27100
2007-02-16,26.979999542236328,27.1200008392334,26.760000228881836,26.809999465942383,8.488370895385742,42500
2007-02-20,26.709999084472656,27.200000762939453,26.65999984741211,27.200000762939453,8.611849784851074,37300
2007-02-21,27.200000762939453,27.200000762939453,26.93000030517578,27.09000015258789,8.577018737792969,22200
2007-02-22,27.040000915527344,27.200000762939453,26.809999465942383,26.950000762939453,8.532695770263672,27600
2007-02-23,26.860000610351562,27.309999465942383,26.850000381469727,26.989999771118164,8.545363426208496,39300
2007-02-26,27.239999771118164,27.399999618530273,27.18000030517578,27.389999389648438,8.672004699707031,40800
2007-02-27,27.299999237060547,27.299999237060547,27.0,27.1299991607666,8.589683532714844,58700
2007-02-28,27.149999618530273,27.18000030517578,26.75,27.079999923706055,8.57385540008545,69800
2007-03-01,26.799999237060547,27.0,26.549999237060547,26.65999984741211,8.440877914428711,47400
2007-03-02,26.549999237060547,27.0,26.549999237060547,26.700000762939453,8.45353889465332,35600
2007-03-05,26.549999237060547,26.719999313354492,25.350000381469727,25.719999313354492,8.14326000213623,81700
2007-03-06,25.899999618530273,26.110000610351562,25.81999969482422,26.0,8.231907844543457,39800
2007-03-07,26.110000610351562,26.75,26.110000610351562,26.75,8.469372749328613,27700
2007-03-08,26.850000381469727,27.200000762939453,26.850000381469727,27.149999618530273,8.596016883850098,44900
2007-03-09,27.200000762939453,27.729999542236328,27.049999237060547,27.6200008392334,8.74482250213623,61300
2007-03-12,27.209999084472656,27.31999969482422,26.959999084472656,27.299999237060547,8.706552505493164,39800
2007-03-13,27.18000030517578,27.450000762939453,27.15999984741211,27.270000457763672,8.696983337402344,31200
2007-03-14,27.200000762939453,27.329999923706055,27.010000228881836,27.100000381469727,8.64277172088623,28900
2007-03-15,27.149999618530273,27.260000228881836,27.0,27.18000030517578,8.66828441619873,27700
2007-03-16,27.030000686645508,27.100000381469727,26.860000610351562,27.0,8.61087703704834,18500
2007-03-19,26.860000610351562,27.3700008392334,26.860000610351562,27.34000015258789,8.71931266784668,27000
2007-03-20,27.3799991607666,27.399999618530273,27.100000381469727,27.299999237060547,8.706552505493164,19800
2007-03-21,27.149999618530273,27.989999771118164,27.149999618530273,27.760000228881836,8.853256225585938,56200
2007-03-22,27.899999618530273,27.979999542236328,27.670000076293945,27.899999618530273,8.897910118103027,37400
2007-03-23,27.850000381469727,27.989999771118164,27.75,27.809999465942383,8.8692045211792,22500
2007-03-26,27.989999771118164,28.06999969482422,27.760000228881836,27.989999771118164,8.926609992980957,43900
2007-03-27,28.079999923706055,28.209999084472656,27.950000762939453,28.200000762939453,8.993585586547852,44300
2007-03-28,27.959999084472656,28.200000762939453,27.690000534057617,27.889999389648438,8.894716262817383,36500
2007-03-29,27.81999969482422,28.100000381469727,27.799999237060547,28.100000381469727,8.961691856384277,21800
2007-03-30,28.0,28.149999618530273,27.8700008392334,28.139999389648438,8.97445011138916,14000
2007-04-02,28.020000457763672,28.5,28.020000457763672,28.350000381469727,9.041418075561523,27400
2007-04-03,28.399999618530273,28.649999618530273,28.350000381469727,28.549999237060547,9.105209350585938,27900
2007-04-04,28.559999465942383,28.90999984741211,28.559999465942383,28.75,9.168991088867188,38300
2007-04-05,28.75,29.299999237060547,28.469999313354492,28.950000762939453,9.232771873474121,40700
2007-04-09,28.969999313354492,29.100000381469727,28.809999465942383,29.079999923706055,9.274230003356934,38800
2007-04-10,29.149999618530273,29.649999618530273,29.020000457763672,29.389999389648438,9.373100280761719,55000
2007-04-11,29.5,29.899999618530273,29.200000762939453,29.719999313354492,9.478346824645996,51400
2007-04-12,29.799999237060547,29.84000015258789,29.260000228881836,29.440000534057617,9.452662467956543,44800
2007-04-13,29.5,29.600000381469727,29.219999313354492,29.31999969482422,9.414130210876465,26700
2007-04-16,29.280000686645508,29.40999984741211,29.020000457763672,29.139999389648438,9.356335639953613,37700
2007-04-17,29.049999237060547,29.09000015258789,28.799999237060547,28.889999389648438,9.27606201171875,55500
2007-04-18,28.850000381469727,28.950000762939453,28.65999984741211,28.690000534057617,9.211846351623535,30000
2007-04-19,28.600000381469727,28.729999542236328,28.549999237060547,28.729999542236328,9.224687576293945,21100
2007-04-20,28.719999313354492,28.899999618530273,28.5,28.600000381469727,9.182944297790527,51300
2007-04-23,28.649999618530273,28.700000762939453,28.5,28.639999389648438,9.195788383483887,40900
2007-04-24,28.56999969482422,28.709999084472656,28.450000762939453,28.670000076293945,9.205427169799805,29600
2007-04-25,28.56999969482422,28.75,28.540000915527344,28.6299991607666,9.192582130432129,51600
2007-04-26,28.6299991607666,28.649999618530273,28.520000457763672,28.649999618530273,9.19899845123291,32500
2007-04-27,28.600000381469727,28.799999237060547,28.479999542236328,28.649999618530273,9.19899845123291,28700
2007-04-30,28.649999618530273,28.649999618530273,28.5,28.5,9.15084171295166,22300
2007-05-01,28.440000534057617,28.639999389648438,28.399999618530273,28.6299991607666,9.192582130432129,23700
2007-05-02,28.6299991607666,28.75,28.5,28.56999969482422,9.173311233520508,35700
2007-05-03,28.600000381469727,28.600000381469727,28.399999618530273,28.469999313354492,9.141207695007324,26700
2007-05-04,28.479999542236328,28.5,28.389999389648438,28.40999984741211,9.121940612792969,32600
2007-05-07,28.420000076293945,28.489999771118164,28.3799991607666,28.450000762939453,9.134785652160645,48700
2007-05-08,28.459999084472656,28.479999542236328,28.3700008392334,28.3700008392334,9.109100341796875,41700
2007-05-09,28.399999618530273,28.399999618530273,27.520000457763672,27.68000030517578,8.887555122375488,136900
2007-05-10,27.649999618530273,27.950000762939453,27.649999618530273,27.899999618530273,8.958185195922852,27600
2007-05-11,27.799999237060547,27.920000076293945,27.6200008392334,27.780000686645508,8.984062194824219,42800
2007-05-14,27.799999237060547,27.799999237060547,27.510000228881836,27.799999237060547,8.990531921386719,35300
2007-05-15,27.790000915527344,27.950000762939453,27.5,27.790000915527344,8.987298965454102,42800
2007-05-16,27.790000915527344,28.0,27.75,28.0,9.055213928222656,28000
2007-05-17,27.989999771118164,28.260000228881836,27.889999389648438,28.190000534057617,9.116658210754395,27500
2007-05-18,28.25,28.25,28.059999465942383,28.18000030517578,9.113426208496094,17900
2007-05-21,28.0,28.299999237060547,28.0,28.299999237060547,9.15223503112793,21300
2007-05-22,28.299999237060547,28.459999084472656,28.280000686645508,28.459999084472656,9.203970909118652,24500
2007-05-23,28.450000762939453,28.649999618530273,28.399999618530273,28.549999237060547,9.233076095581055,37000
2007-05-24,28.559999465942383,28.700000762939453,28.440000534057617,28.469999313354492,9.207210540771484,46200
2007-05-25,28.549999237060547,28.6200008392334,28.350000381469727,28.350000381469727,9.168397903442383,14100
2007-05-29,28.350000381469727,28.799999237060547,28.010000228881836,28.149999618530273,9.10372257232666,46300
2007-05-30,28.0,28.350000381469727,28.0,28.350000381469727,9.168397903442383,20200
2007-05-31,28.31999969482422,28.700000762939453,28.209999084472656,28.6200008392334,9.255722045898438,21400
2007-06-01,28.75,28.75,28.610000610351562,28.75,9.29776382446289,20900
2007-06-04,28.799999237060547,28.899999618530273,28.719999313354492,28.809999465942383,9.317167282104492,28000
2007-06-05,28.850000381469727,28.950000762939453,28.549999237060547,28.649999618530273,9.26541805267334,28800
2007-06-06,28.59000015258789,28.600000381469727,28.40999984741211,28.440000534057617,9.197513580322266,39100
2007-06-07,28.489999771118164,28.5,27.899999618530273,27.899999618530273,9.022863388061523,35700
2007-06-08,27.760000228881836,27.760000228881836,27.0,27.469999313354492,8.883813858032227,58000
2007-06-11,27.200000762939453,27.350000381469727,27.139999389648438,27.290000915527344,8.89031982421875,31000
2007-06-12,27.149999618530273,27.149999618530273,25.350000381469727,25.600000381469727,8.339768409729004,203700
2007-06-13,25.5,26.270000457763672,25.5,26.190000534057617,8.531978607177734,101500
2007-06-14,26.299999237060547,26.969999313354492,26.219999313354492,26.93000030517578,8.773048400878906,44600
2007-06-15,26.950000762939453,27.399999618530273,26.950000762939453,27.260000228881836,8.880549430847168,34600
2007-06-18,27.200000762939453,27.399999618530273,27.149999618530273,27.280000686645508,8.887063980102539,13400
2007-06-19,27.299999237060547,27.5,27.239999771118164,27.489999771118164,8.955480575561523,12000
2007-06-20,27.5,27.850000381469727,27.25,27.5,8.95873737335205,38100
2007-06-21,27.450000762939453,27.5,26.90999984741211,27.149999618530273,8.844708442687988,42000
2007-06-22,27.0,27.0,26.450000762939453,26.700000762939453,8.698116302490234,40500
2007-06-25,26.600000381469727,26.6200008392334,26.25,26.25,8.551519393920898,29500
2007-06-26,26.25,26.530000686645508,26.18000030517578,26.3700008392334,8.590614318847656,49800
2007-06-27,26.3700008392334,26.40999984741211,26.15999984741211,26.25,8.551519393920898,34400
2007-06-28,26.469999313354492,26.84000015258789,26.329999923706055,26.84000015258789,8.743724822998047,23900
2007-06-29,26.799999237060547,27.239999771118164,26.75,27.239999771118164,8.874032974243164,26600
2007-07-02,27.25,27.299999237060547,27.040000915527344,27.219999313354492,8.867518424987793,18200
2007-07-03,27.299999237060547,27.469999313354492,27.18000030517578,27.3799991607666,8.919644355773926,14400
2007-07-05,27.15999984741211,27.399999618530273,27.149999618530273,27.360000610351562,8.913131713867188,14500
2007-07-06,27.389999389648438,27.549999237060547,27.299999237060547,27.540000915527344,8.971760749816895,15800
2007-07-09,27.399999618530273,27.850000381469727,27.329999923706055,27.850000381469727,9.07275676727295,22000
2007-07-10,27.799999237060547,27.829999923706055,27.399999618530273,27.56999969482422,8.981544494628906,25000
2007-07-11,27.5,27.600000381469727,27.0,27.450000762939453,8.942444801330566,39300
2007-07-12,27.350000381469727,27.649999618530273,26.940000534057617,27.329999923706055,8.968703269958496,51200
2007-07-13,27.5,27.799999237060547,27.5,27.739999771118164,9.103250503540039,40000
2007-07-16,27.790000915527344,28.34000015258789,27.790000915527344,28.25,9.270610809326172,42000
2007-07-17,28.299999237060547,28.780000686645508,28.25,28.579999923706055,9.378902435302734,33400
2007-07-18,28.579999923706055,28.700000762939453,28.149999618530273,28.31999969482422,9.293581008911133,41900
2007-07-19,28.399999618530273,28.5,27.829999923706055,28.100000381469727,9.221385955810547,41300
2007-07-20,27.950000762939453,28.06999969482422,27.600000381469727,27.739999771118164,9.103250503540039,28900
2007-07-23,27.719999313354492,28.0,27.719999313354492,27.75,9.106535911560059,16100
2007-07-24,27.700000762939453,28.1200008392334,27.639999389648438,27.899999618530273,9.15575122833252,31900
2007-07-25,27.899999618530273,28.040000915527344,27.75,27.940000534057617,9.168878555297852,22500
2007-07-26,27.809999465942383,28.0,27.15999984741211,27.75,9.106535911560059,69100
2007-07-27,27.600000381469727,27.75,27.209999084472656,27.290000915527344,8.955574035644531,38600
2007-07-30,27.25,27.600000381469727,27.219999313354492,27.59000015258789,9.054022789001465,27000
2007-07-31,27.56999969482422,28.0,27.549999237060547,27.799999237060547,9.122939109802246,25700
2007-08-01,27.639999389648438,27.8799991607666,27.56999969482422,27.780000686645508,9.116371154785156,15400
2007-08-02,27.850000381469727,28.200000762939453,27.850000381469727,28.190000534057617,9.250919342041016,26300
2007-08-03,28.200000762939453,28.399999618530273,27.709999084472656,27.709999084472656,9.093404769897461,21700
2007-08-06,27.709999084472656,28.0,27.3799991607666,27.65999984741211,9.076990127563477,28600
2007-08-07,27.649999618530273,27.969999313354492,27.25,27.450000762939453,9.008076667785645,32300
2007-08-08,27.299999237060547,28.149999618530273,27.299999237060547,27.899999618530273,9.15575122833252,46600
2007-08-09,27.600000381469727,28.350000381469727,27.579999923706055,27.989999771118164,9.185283660888672,31200
2007-08-10,27.75,27.899999618530273,27.530000686645508,27.799999237060547,9.122939109802246,34600
2007-08-13,27.649999618530273,27.899999618530273,27.649999618530273,27.770000457763672,9.189115524291992,14300
2007-08-14,27.81999969482422,27.81999969482422,25.700000762939453,26.469999313354492,8.758946418762207,66800
2007-08-15,25.700000762939453,25.700000762939453,22.260000228881836,22.93000030517578,7.587558746337891,279300
2007-08-16,22.260000228881836,22.3799991607666,20.25,21.25,7.031646251678467,372300
2007-08-17,23.270000457763672,28.549999237060547,22.31999969482422,23.950000762939453,7.925074577331543,153500
2007-08-20,24.200000762939453,25.8799991607666,24.100000381469727,25.579999923706055,8.464444160461426,86200
2007-08-21,26.0,27.229999542236328,26.0,26.799999237060547,8.868146896362305,83500
2007-08-22,26.5,27.0,26.440000534057617,26.899999618530273,8.90123462677002,48000
2007-08-23,26.709999084472656,27.25,26.709999084472656,27.020000457763672,8.940943717956543,40500
2007-08-24,26.950000762939453,27.25,26.899999618530273,27.020000457763672,8.940943717956543,48600
2007-08-27,26.989999771118164,27.170000076293945,26.829999923706055,27.15999984741211,8.98726749420166,13300
2007-08-28,26.969999313354492,27.170000076293945,26.450000762939453,26.59000015258789,8.798654556274414,35300
2007-08-29,26.450000762939453,27.1200008392334,26.3799991607666,27.079999923706055,8.960800170898438,35200
2007-08-30,26.940000534057617,27.420000076293945,26.700000762939453,27.020000457763672,8.940943717956543,35400
2007-08-31,27.34000015258789,27.549999237060547,27.079999923706055,27.299999237060547,9.033594131469727,30500
2007-09-04,27.520000457763672,27.899999618530273,27.389999389648438,27.6299991607666,9.142794609069824,45500
2007-09-05,27.549999237060547,27.68000030517578,27.420000076293945,27.65999984741211,9.152717590332031,15200
2007-09-06,27.5,27.700000762939453,27.5,27.520000457763672,9.106389999389648,18200
2007-09-07,27.520000457763672,27.850000381469727,27.270000457763672,27.530000686645508,9.10970401763916,32200
2007-09-10,27.600000381469727,27.600000381469727,27.260000228881836,27.3700008392334,9.056757926940918,15600
2007-09-11,27.399999618530273,27.799999237060547,27.280000686645508,27.510000228881836,9.103084564208984,27900
2007-09-12,27.520000457763672,27.75,27.149999618530273,27.440000534057617,9.079917907714844,28200
2007-09-13,27.389999389648438,27.6200008392334,27.0,27.329999923706055,9.119963645935059,24200
2007-09-14,27.25,27.6200008392334,27.1299991607666,27.239999771118164,9.089934349060059,21800
2007-09-17,27.350000381469727,27.43000030517578,27.0,27.149999618530273,9.059898376464844,9600
2007-09-18,27.139999389648438,27.520000457763672,26.889999389648438,27.25,9.093268394470215,44700
2007-09-19,27.489999771118164,27.84000015258789,27.399999618530273,27.59000015258789,9.206729888916016,34300
2007-09-20,27.56999969482422,27.59000015258789,27.209999084472656,27.489999771118164,9.173361778259277,15700
2007-09-21,27.290000915527344,27.43000030517578,27.1200008392334,27.1200008392334,9.049885749816895,34100
2007-09-24,27.299999237060547,27.360000610351562,27.0,27.030000686645508,9.019855499267578,27200
2007-09-25,27.049999237060547,27.239999771118164,27.020000457763672,27.239999771118164,9.089934349060059,31300
2007-09-26,27.260000228881836,27.469999313354492,27.059999465942383,27.100000381469727,9.043213844299316,21200
2007-09-27,27.100000381469727,27.3700008392334,27.100000381469727,27.25,9.093268394470215,13200
2007-09-28,27.100000381469727,27.329999923706055,27.09000015258789,27.270000457763672,9.099937438964844,10000
2007-10-01,27.34000015258789,27.530000686645508,27.18000030517578,27.530000686645508,9.18670654296875,19100
2007-10-02,27.43000030517578,27.65999984741211,27.43000030517578,27.5,9.176692008972168,29800
2007-10-03,27.479999542236328,27.559999465942383,27.389999389648438,27.40999984741211,9.146657943725586,14800
2007-10-04,27.3700008392334,27.59000015258789,27.350000381469727,27.389999389648438,9.139983177185059,13400
2007-10-05,27.40999984741211,27.700000762939453,27.399999618530273,27.43000030517578,9.15333080291748,23900
2007-10-08,27.479999542236328,27.68000030517578,27.450000762939453,27.68000030517578,9.236757278442383,12100
2007-10-09,27.700000762939453,27.950000762939453,27.6299991607666,27.889999389648438,9.306832313537598,28800
2007-10-10,27.950000762939453,28.479999542236328,27.899999618530273,28.049999237060547,9.360230445861816,35800
2007-10-11,27.8700008392334,27.889999389648438,27.59000015258789,27.600000381469727,9.28620433807373,16700
2007-10-12,27.700000762939453,27.770000457763672,27.610000610351562,27.6200008392334,9.292936325073242,10400
2007-10-15,27.75,27.75,27.5,27.5,9.252556800842285,27500
2007-10-16,27.459999084472656,27.600000381469727,27.459999084472656,27.5,9.252556800842285,12100
2007-10-17,27.639999389648438,27.790000915527344,27.59000015258789,27.770000457763672,9.343403816223145,15500
2007-10-18,27.639999389648438,27.739999771118164,27.6200008392334,27.719999313354492,9.326579093933105,7900
2007-10-19,27.520000457763672,27.670000076293945,27.489999771118164,27.5,9.252556800842285,24200
2007-10-22,27.5,27.899999618530273,27.420000076293945,27.889999389648438,9.383776664733887,18100
2007-10-23,27.899999618530273,28.1299991607666,27.850000381469727,28.100000381469727,9.45443344116211,22800
2007-10-24,28.139999389648438,28.139999389648438,27.829999923706055,28.06999969482422,9.44433879852295,26000
2007-10-25,28.06999969482422,28.09000015258789,27.8700008392334,27.989999771118164,9.417424201965332,21100
2007-10-26,27.989999771118164,28.100000381469727,27.959999084472656,28.09000015258789,9.451067924499512,14700
2007-10-29,28.149999618530273,28.200000762939453,28.040000915527344,28.18000030517578,9.481351852416992,31300
2007-10-30,28.020000457763672,28.399999618530273,28.020000457763672,28.18000030517578,9.481351852416992,22400
2007-10-31,28.1299991607666,28.600000381469727,28.1299991607666,28.549999237060547,9.605839729309082,25600
2007-11-01,28.43000030517578,28.459999084472656,28.219999313354492,28.399999618530273,9.555370330810547,14600
2007-11-02,28.5,28.59000015258789,28.3799991607666,28.540000915527344,9.602477073669434,8400
2007-11-05,27.649999618530273,28.65999984741211,27.649999618530273,28.549999237060547,9.605839729309082,18400
2007-11-06,28.610000610351562,28.889999389648438,28.510000228881836,28.770000457763672,9.679862022399902,17900
2007-11-07,28.780000686645508,28.809999465942383,28.559999465942383,28.600000381469727,9.622666358947754,13300
2007-11-08,28.719999313354492,28.93000030517578,28.600000381469727,28.809999465942383,9.693318367004395,17200
2007-11-09,28.75,29.229999542236328,28.149999618530273,29.200000762939453,9.824535369873047,19600
2007-11-12,29.239999771118164,29.579999923706055,29.149999618530273,29.450000762939453,9.908651351928711,27800
2007-11-13,29.200000762939453,29.510000228881836,29.010000228881836,29.5,10.0035982131958,16800
2007-11-14,29.31999969482422,29.450000762939453,27.969999313354492,28.899999618530273,9.800140380859375,41000
2007-11-15,28.780000686645508,28.799999237060547,28.0,28.010000228881836,9.498331069946289,37000
2007-11-16,28.040000915527344,28.190000534057617,27.020000457763672,27.06999969482422,9.17957592010498,57100
2007-11-19,27.690000534057617,27.690000534057617,25.399999618530273,26.079999923706055,8.84386157989502,90900
2007-11-20,26.010000228881836,26.329999923706055,25.6200008392334,26.110000610351562,8.854033470153809,31000
2007-11-21,25.799999237060547,25.829999923706055,25.25,25.399999618530273,8.613265991210938,45500
2007-11-23,25.31999969482422,27.040000915527344,25.31999969482422,26.09000015258789,8.847243309020996,24600
2007-11-26,26.479999542236328,26.649999618530273,26.299999237060547,26.510000228881836,8.989670753479004,33600
2007-11-27,26.520000457763672,27.280000686645508,26.5,26.65999984741211,9.040541648864746,34400
2007-11-28,26.739999771118164,27.06999969482422,26.530000686645508,27.06999969482422,9.17957592010498,16100
2007-11-29,26.75,28.399999618530273,26.690000534057617,27.450000762939453,9.30843734741211,19800
2007-11-30,28.3799991607666,28.3799991607666,27.5,27.93000030517578,9.47120475769043,19400
2007-12-03,28.139999389648438,28.290000915527344,28.010000228881836,28.290000915527344,9.593283653259277,21300
2007-12-04,28.149999618530273,28.440000534057617,28.059999465942383,28.059999465942383,9.515289306640625,13700
2007-12-05,28.239999771118164,28.350000381469727,28.0,28.260000228881836,9.583107948303223,27200
2007-12-06,28.350000381469727,28.549999237060547,28.270000457763672,28.520000457763672,9.671280860900879,26200
2007-12-07,28.549999237060547,28.59000015258789,28.329999923706055,28.440000534057617,9.644148826599121,20000
2007-12-10,28.450000762939453,28.799999237060547,28.440000534057617,28.799999237060547,9.766222953796387,20900
2007-12-11,28.700000762939453,28.700000762939453,28.200000762939453,28.200000762939453,9.562766075134277,20600
2007-12-12,28.600000381469727,28.75,27.780000686645508,28.15999984741211,9.549203872680664,17800
2007-12-13,27.649999618530273,27.950000762939453,27.649999618530273,27.809999465942383,9.508172035217285,18800
2007-12-14,27.700000762939453,27.84000015258789,27.559999465942383,27.700000762939453,9.470563888549805,16500
2007-12-17,27.8799991607666,27.8799991607666,27.549999237060547,27.739999771118164,9.484232902526855,11400
2007-12-18,27.799999237060547,27.799999237060547,26.549999237060547,26.600000381469727,9.094480514526367,43000
2007-12-19,26.899999618530273,27.450000762939453,26.75,27.3700008392334,9.357738494873047,69900
2007-12-20,28.530000686645508,28.530000686645508,27.5,27.8799991607666,9.532102584838867,19000
2007-12-21,28.0,28.5,28.0,28.40999984741211,9.713308334350586,22000
2007-12-24,28.5,29.399999618530273,28.450000762939453,29.25,10.000506401062012,28200
2007-12-26,28.079999923706055,28.079999923706055,26.899999618530273,27.479999542236328,10.001960754394531,45200
2007-12-27,27.350000381469727,27.350000381469727,27.020000457763672,27.299999237060547,9.936443328857422,29700
2007-12-28,27.489999771118164,27.489999771118164,27.1200008392334,27.459999084472656,9.994677543640137,18400
2007-12-31,27.010000228881836,27.989999771118164,27.010000228881836,27.989999771118164,10.187586784362793,48100
2008-01-02,28.510000228881836,28.510000228881836,27.139999389648438,27.3700008392334,9.961928367614746,24500
2008-01-03,27.5,28.0,27.209999084472656,27.549999237060547,10.027437210083008,25700
2008-01-04,27.229999542236328,27.75,27.229999542236328,27.56999969482422,10.03471851348877,17900
2008-01-07,28.739999771118164,28.739999771118164,27.5,28.0,10.191229820251465,35700
2008-01-08,28.239999771118164,28.350000381469727,27.90999984741211,28.049999237060547,10.209426879882812,27600
2008-01-09,27.729999542236328,28.649999618530273,27.15999984741211,28.3799991607666,10.329530715942383,35600
2008-01-10,28.739999771118164,28.799999237060547,28.31999969482422,28.600000381469727,10.409607887268066,28800
2008-01-11,28.5,29.299999237060547,28.0,29.100000381469727,10.591591835021973,36300
2008-01-14,29.34000015258789,29.34000015258789,27.760000228881836,27.760000228881836,10.184359550476074,45800
2008-01-15,27.510000228881836,28.0,27.5,27.649999618530273,10.144007682800293,36800
2008-01-16,27.5,27.6299991607666,27.280000686645508,27.469999313354492,10.077974319458008,33700
2008-01-17,27.399999618530273,28.0,27.020000457763672,27.1200008392334,9.949565887451172,30700
2008-01-18,27.670000076293945,27.670000076293945,26.559999465942383,26.75,9.813830375671387,50800
2008-01-22,26.5,27.3700008392334,25.670000076293945,27.15999984741211,9.964245796203613,52000
2008-01-23,27.399999618530273,28.489999771118164,27.209999084472656,27.600000381469727,10.125664710998535,46400
2008-01-24,27.770000457763672,28.59000015258789,27.399999618530273,28.549999237060547,10.47419548034668,46800
2008-01-25,29.139999389648438,29.139999389648438,27.5,27.700000762939453,10.16235065460205,28500
2008-01-28,27.600000381469727,27.979999542236328,27.030000686645508,27.290000915527344,10.01193618774414,41400
2008-01-29,27.790000915527344,27.790000915527344,26.75,26.860000610351562,9.854185104370117,45000
2008-01-30,27.25,27.959999084472656,26.799999237060547,27.649999618530273,10.144007682800293,27600
2008-01-31,27.5,27.75,26.93000030517578,27.75,10.18069839477539,31900
2008-02-01,27.75,27.809999465942383,27.09000015258789,27.59000015258789,10.121993064880371,26300
2008-02-04,27.780000686645508,27.920000076293945,27.399999618530273,27.649999618530273,10.144007682800293,31100
2008-02-05,27.739999771118164,27.889999389648438,27.5,27.5,10.08897590637207,22900
2008-02-06,27.579999923706055,27.700000762939453,27.299999237060547,27.600000381469727,10.125664710998535,16800
2008-02-07,27.5,27.729999542236328,27.5,27.719999313354492,10.169690132141113,14900
2008-02-08,27.559999465942383,27.690000534057617,27.399999618530273,27.399999618530273,10.052295684814453,48100
2008-02-11,27.020000457763672,27.100000381469727,26.790000915527344,26.950000762939453,9.97089672088623,18500
2008-02-12,26.510000228881836,27.09000015258789,26.059999465942383,26.5,9.804405212402344,46900
2008-02-13,26.540000915527344,26.540000915527344,26.399999618530273,26.489999771118164,9.80070686340332,26200
2008-02-14,26.280000686645508,26.690000534057617,26.100000381469727,26.209999084472656,9.697111129760742,29700
2008-02-15,26.290000915527344,26.309999465942383,25.25,25.43000030517578,9.40853214263916,55000
2008-02-19,25.559999465942383,26.110000610351562,25.559999465942383,26.030000686645508,9.63051986694336,28000
2008-02-20,26.399999618530273,26.489999771118164,25.8799991607666,26.469999313354492,9.793306350708008,20500
2008-02-21,26.56999969482422,27.0,26.3700008392334,26.899999618530273,9.952402114868164,19700
2008-02-22,26.75,26.940000534057617,26.540000915527344,26.729999542236328,9.889500617980957,17900
2008-02-25,27.559999465942383,27.559999465942383,26.040000915527344,26.190000534057617,9.689719200134277,43400
2008-02-26,26.100000381469727,26.530000686645508,26.100000381469727,26.469999313354492,9.793306350708008,29400
2008-02-27,26.459999084472656,26.940000534057617,26.010000228881836,26.25,9.71191120147705,27600
2008-02-28,26.149999618530273,26.520000457763672,26.100000381469727,26.459999084472656,9.789605140686035,15600
2008-02-29,26.649999618530273,26.649999618530273,26.100000381469727,26.100000381469727,9.656418800354004,25100
2008-03-03,26.100000381469727,26.209999084472656,25.739999771118164,25.739999771118164,9.523225784301758,27200
2008-03-04,25.700000762939453,25.989999771118164,25.309999465942383,25.649999618530273,9.4899263381958,17000
2008-03-05,25.979999542236328,25.979999542236328,25.760000228881836,25.760000228881836,9.530621528625488,15200
2008-03-06,25.989999771118164,26.149999618530273,25.75,25.770000457763672,9.534326553344727,20700
2008-03-07,25.989999771118164,25.989999771118164,25.5,25.59000015258789,9.467726707458496,21600
2008-03-10,25.329999923706055,25.799999237060547,24.68000030517578,24.75,9.156938552856445,55500
2008-03-11,24.850000381469727,25.670000076293945,24.799999237060547,25.389999389648438,9.393730163574219,18800
2008-03-12,25.700000762939453,25.850000381469727,25.049999237060547,25.229999542236328,9.334532737731934,12400
2008-03-13,25.149999618530273,25.18000030517578,25.040000915527344,25.18000030517578,9.40174388885498,14400
2008-03-14,24.940000534057617,25.200000762939453,24.940000534057617,25.030000686645508,9.345738410949707,12600
2008-03-17,25.0,25.149999618530273,24.540000915527344,24.540000915527344,9.1627836227417,26900
2008-03-18,24.6299991607666,24.84000015258789,23.729999542236328,24.09000015258789,8.994759559631348,39000
2008-03-19,24.0,24.270000457763672,22.8799991607666,23.100000381469727,8.625110626220703,55700
2008-03-20,22.860000610351562,22.899999618530273,21.75,21.979999542236328,8.206926345825195,87500
2008-03-24,23.09000015258789,23.09000015258789,21.100000381469727,22.780000686645508,8.505631446838379,51900
2008-03-25,22.8799991607666,23.950000762939453,22.8799991607666,23.549999237060547,8.793130874633789,48300
2008-03-26,23.549999237060547,23.549999237060547,22.969999313354492,23.399999618530273,8.7371244430542,22200
2008-03-27,23.56999969482422,23.56999969482422,22.520000457763672,23.100000381469727,8.625110626220703,18200
2008-03-28,23.31999969482422,23.31999969482422,22.979999542236328,23.110000610351562,8.628843307495117,18400
2008-03-31,23.329999923706055,23.3799991607666,22.959999084472656,23.25,8.681117057800293,19800
2008-04-01,23.209999084472656,23.700000762939453,23.209999084472656,23.700000762939453,8.849140167236328,20400
2008-04-02,23.75,24.5,23.75,24.5,9.147848129272461,24800
2008-04-03,24.399999618530273,24.989999771118164,24.100000381469727,24.600000381469727,9.185181617736816,25000
2008-04-04,24.799999237060547,25.450000762939453,24.510000228881836,25.25,9.427884101867676,31900
2008-04-07,25.979999542236328,25.979999542236328,25.110000610351562,25.799999237060547,9.633247375488281,18000
2008-04-08,25.799999237060547,26.350000381469727,25.799999237060547,26.149999618530273,9.763921737670898,25300
2008-04-09,26.149999618530273,26.399999618530273,26.030000686645508,26.030000686645508,9.71911907196045,11200
2008-04-10,26.25,26.5,25.700000762939453,25.90999984741211,9.674315452575684,24400
2008-04-11,25.219999313354492,25.790000915527344,25.059999465942383,25.299999237060547,9.53115463256836,16900
2008-04-14,25.149999618530273,25.399999618530273,25.020000457763672,25.149999618530273,9.474650382995605,7900
2008-04-15,25.149999618530273,25.31999969482422,24.850000381469727,24.899999618530273,9.380465507507324,18300
2008-04-16,25.780000686645508,25.780000686645508,24.84000015258789,25.389999389648438,9.56506061553955,17100
2008-04-17,25.489999771118164,25.489999771118164,25.299999237060547,25.329999923706055,9.542462348937988,5300
2008-04-18,25.799999237060547,26.100000381469727,25.399999618530273,25.780000686645508,9.711983680725098,18700
2008-04-21,26.100000381469727,26.100000381469727,25.5,25.899999618530273,9.757197380065918,17200
2008-04-22,26.489999771118164,26.489999771118164,25.299999237060547,25.600000381469727,9.64417552947998,29300
2008-04-23,25.25,25.75,25.0,25.440000534057617,9.583901405334473,17200
2008-04-24,25.450000762939453,25.549999237060547,25.350000381469727,25.450000762939453,9.587669372558594,17800
2008-04-25,25.889999389648438,25.889999389648438,25.5,25.739999771118164,9.696916580200195,27000
2008-04-28,26.479999542236328,26.479999542236328,25.299999237060547,25.790000915527344,9.715757369995117,13200
2008-04-29,26.389999389648438,26.389999389648438,25.549999237060547,25.760000228881836,9.704448699951172,19600
2008-04-30,25.299999237060547,25.649999618530273,25.299999237060547,25.479999542236328,9.598970413208008,16800
2008-05-01,26.43000030517578,26.43000030517578,25.40999984741211,25.739999771118164,9.696916580200195,16700
2008-05-02,25.899999618530273,26.09000015258789,25.579999923706055,25.899999618530273,9.757197380065918,20400
2008-05-05,25.950000762939453,25.959999084472656,25.709999084472656,25.739999771118164,9.696916580200195,12900
2008-05-06,25.770000457763672,25.899999618530273,25.610000610351562,25.899999618530273,9.757197380065918,14200
2008-05-07,26.0,26.0,25.809999465942383,25.979999542236328,9.78732967376709,19700
2008-05-08,25.729999542236328,26.0,25.729999542236328,25.950000762939453,9.77602481842041,5900
2008-05-09,25.950000762939453,26.489999771118164,25.850000381469727,26.25,9.889047622680664,33800
2008-05-12,26.25,26.25,25.8700008392334,25.899999618530273,9.843442916870117,15700
2008-05-13,25.979999542236328,26.0,25.6299991607666,25.68000030517578,9.759831428527832,16600
2008-05-14,26.0,26.219999313354492,25.68000030517578,26.1299991607666,9.930856704711914,21600
2008-05-15,25.940000534057617,26.25,25.920000076293945,26.1200008392334,9.927054405212402,12700
2008-05-16,26.239999771118164,26.239999771118164,25.799999237060547,26.010000228881836,9.885246276855469,15600
2008-05-19,26.100000381469727,26.100000381469727,25.950000762939453,25.989999771118164,9.87764835357666,17700
2008-05-20,26.149999618530273,26.25,25.959999084472656,26.25,9.976455688476562,17500
2008-05-21,25.989999771118164,26.100000381469727,25.90999984741211,25.90999984741211,9.847238540649414,25000
2008-05-22,25.93000030517578,25.979999542236328,25.700000762939453,25.979999542236328,9.873849868774414,21000
2008-05-23,25.84000015258789,25.969999313354492,25.790000915527344,25.8700008392334,9.832036018371582,8200
2008-05-27,25.6299991607666,26.0,25.610000610351562,25.93000030517578,9.854837417602539,14700
2008-05-28,27.020000457763672,27.020000457763672,25.889999389648438,25.959999084472656,9.866239547729492,18100
2008-05-29,26.0,26.079999923706055,25.979999542236328,26.030000686645508,9.892852783203125,15800
2008-05-30,25.959999084472656,26.030000686645508,25.709999084472656,26.0,9.881448745727539,15200
2008-06-02,25.780000686645508,25.989999771118164,25.760000228881836,25.799999237060547,9.805437088012695,20700
2008-06-03,26.68000030517578,26.68000030517578,25.6200008392334,25.75,9.78642749786377,28000
2008-06-04,25.81999969482422,25.860000610351562,25.670000076293945,25.760000228881836,9.790233612060547,16200
2008-06-05,25.81999969482422,25.979999542236328,25.700000762939453,25.829999923706055,9.816837310791016,24600
2008-06-06,26.899999618530273,26.899999618530273,25.6299991607666,25.709999084472656,9.771225929260254,18300
2008-06-09,26.799999237060547,26.799999237060547,25.760000228881836,25.8799991607666,9.835838317871094,9600
2008-06-10,26.6200008392334,26.6200008392334,25.90999984741211,26.049999237060547,9.900443077087402,47000
2008-06-11,26.239999771118164,26.239999771118164,25.81999969482422,25.81999969482422,9.813035011291504,11900
2008-06-12,25.68000030517578,25.719999313354492,25.5,25.6200008392334,9.824539184570312,10500
2008-06-13,25.59000015258789,25.799999237060547,25.59000015258789,25.799999237060547,9.89356803894043,10500
2008-06-16,26.350000381469727,26.350000381469727,25.75,25.899999618530273,9.931912422180176,17100
2008-06-17,25.81999969482422,26.3799991607666,25.81999969482422,26.049999237060547,9.989431381225586,33600
2008-06-18,25.860000610351562,26.0,25.780000686645508,25.860000610351562,9.916570663452148,11400
2008-06-19,25.610000610351562,25.950000762939453,25.5,25.860000610351562,9.916570663452148,21700
2008-06-20,25.649999618530273,25.790000915527344,25.520000457763672,25.6299991607666,9.828369140625,18500
2008-06-23,25.739999771118164,25.93000030517578,25.3799991607666,25.700000762939453,9.855220794677734,19300
2008-06-24,25.700000762939453,25.790000915527344,25.530000686645508,25.600000381469727,9.816868782043457,18300
2008-06-25,25.8700008392334,25.8700008392334,25.510000228881836,25.790000915527344,9.88972282409668,16400
2008-06-26,25.260000228881836,25.770000457763672,25.260000228881836,25.739999771118164,9.87055492401123,14800
2008-06-27,25.540000915527344,25.700000762939453,25.510000228881836,25.520000457763672,9.786195755004883,9200
2008-06-30,25.479999542236328,25.6200008392334,25.479999542236328,25.610000610351562,9.820701599121094,12700
2008-07-01,25.520000457763672,25.6299991607666,25.510000228881836,25.59000015258789,9.813036918640137,13800
2008-07-02,25.489999771118164,25.65999984741211,24.700000762939453,25.239999771118164,9.678814888000488,18800
2008-07-03,25.229999542236328,25.229999542236328,24.459999084472656,24.5,9.395050048828125,32800
2008-07-07,24.040000915527344,24.399999618530273,22.40999984741211,22.68000030517578,8.697132110595703,120500
2008-07-08,22.459999084472656,22.6200008392334,22.040000915527344,22.600000381469727,8.66645622253418,55200
2008-07-09,23.0,23.950000762939453,23.0,23.950000762939453,9.18414306640625,31700
2008-07-10,23.8799991607666,23.950000762939453,23.229999542236328,23.760000228881836,9.111284255981445,22700
2008-07-11,23.5,23.5,22.770000457763672,22.940000534057617,8.882822036743164,27000
2008-07-14,23.0,23.200000762939453,21.540000915527344,21.56999969482422,8.352331161499023,43900
2008-07-15,21.56999969482422,21.56999969482422,19.399999618530273,20.059999465942383,7.7676310539245605,174600
2008-07-16,19.56999969482422,22.350000381469727,19.489999771118164,19.610000610351562,7.593382835388184,63000
2008-07-17,19.690000534057617,20.799999237060547,19.649999618530273,20.649999618530273,7.996094703674316,44300
2008-07-18,20.530000686645508,20.850000381469727,20.350000381469727,20.850000381469727,8.073530197143555,20700
2008-07-21,22.530000686645508,22.530000686645508,21.0,22.440000534057617,8.689214706420898,33800
2008-07-22,23.239999771118164,23.239999771118164,22.049999237060547,22.450000762939453,8.693084716796875,14800
2008-07-23,22.329999923706055,22.989999771118164,22.280000686645508,22.450000762939453,8.693084716796875,17700
2008-07-24,22.450000762939453,22.459999084472656,22.200000762939453,22.219999313354492,8.604026794433594,22500
2008-07-25,22.010000228881836,22.31999969482422,22.0,22.15999984741211,8.580793380737305,14400
2008-07-28,22.420000076293945,22.420000076293945,22.030000686645508,22.1200008392334,8.565303802490234,14900
2008-07-29,22.290000915527344,22.549999237060547,22.1200008392334,22.549999237060547,8.731804847717285,29400
2008-07-30,23.190000534057617,23.190000534057617,22.34000015258789,22.450000762939453,8.693084716796875,16800
2008-07-31,22.510000228881836,22.510000228881836,22.239999771118164,22.260000228881836,8.619516372680664,19300
2008-08-01,22.049999237060547,22.350000381469727,22.040000915527344,22.040000915527344,8.534324645996094,9700
2008-08-04,22.010000228881836,23.290000915527344,22.010000228881836,22.600000381469727,8.75117015838623,34800
2008-08-05,22.5,23.170000076293945,22.399999618530273,23.100000381469727,8.944777488708496,25400
2008-08-06,22.950000762939453,23.149999618530273,22.899999618530273,23.149999618530273,8.964134216308594,26900
2008-08-07,23.0,23.049999237060547,22.889999389648438,23.0,8.906058311462402,7100
2008-08-08,23.0,23.239999771118164,22.899999618530273,23.229999542236328,8.995111465454102,26300
2008-08-11,23.0,23.09000015258789,22.84000015258789,23.0,8.995115280151367,13200
2008-08-12,22.8799991607666,22.950000762939453,22.649999618530273,22.670000076293945,8.866050720214844,8900
2008-08-13,22.68000030517578,22.68000030517578,22.5,22.5,8.799569129943848,10300
2008-08-14,22.510000228881836,22.540000915527344,22.049999237060547,22.350000381469727,8.740906715393066,22000
2008-08-15,22.489999771118164,22.5,22.25,22.299999237060547,8.72135066986084,19100
2008-08-18,22.200000762939453,22.260000228881836,22.0,22.100000381469727,8.643138885498047,18400
2008-08-19,22.049999237060547,22.049999237060547,21.780000686645508,21.850000381469727,8.545361518859863,34000
2008-08-20,21.850000381469727,21.950000762939453,20.809999465942383,20.940000534057617,8.189467430114746,37600
2008-08-21,20.68000030517578,21.399999618530273,20.68000030517578,21.149999618530273,8.271596908569336,14100
2008-08-22,21.25,21.280000686645508,20.6200008392334,20.6200008392334,8.064314842224121,20600
2008-08-25,20.75,21.149999618530273,20.0,20.049999237060547,7.841394424438477,52000
2008-08-26,20.0,20.34000015258789,20.0,20.139999389648438,7.876593589782715,24300
2008-08-27,21.149999618530273,21.149999618530273,20.170000076293945,20.350000381469727,7.958724498748779,18000
2008-08-28,20.299999237060547,20.75,20.1200008392334,20.75,8.115157127380371,20300
2008-08-29,20.850000381469727,21.06999969482422,20.829999923706055,21.020000457763672,8.220754623413086,12700
2008-09-02,21.100000381469727,21.200000762939453,20.520000457763672,20.649999618530273,8.076048851013184,16400
2008-09-03,20.479999542236328,20.899999618530273,20.25,20.540000915527344,8.03303337097168,35100
2008-09-04,20.209999084472656,20.530000686645508,20.100000381469727,20.110000610351562,7.864864349365234,27500
2008-09-05,20.100000381469727,20.139999389648438,20.010000228881836,20.1299991607666,7.872681140899658,41600
2008-09-08,20.399999618530273,20.690000534057617,20.25,20.299999237060547,7.939167022705078,26100
2008-09-09,20.110000610351562,20.40999984741211,20.110000610351562,20.309999465942383,7.943078517913818,31000
2008-09-10,21.139999389648438,21.139999389648438,20.059999465942383,20.110000610351562,7.864864349365234,28800
2008-09-11,20.100000381469727,20.34000015258789,19.829999923706055,20.149999618530273,7.8805036544799805,33200
2008-09-12,19.959999084472656,19.959999084472656,19.59000015258789,19.68000030517578,7.785557746887207,26000
2008-09-15,18.84000015258789,19.799999237060547,18.360000610351562,18.969999313354492,7.504677772521973,46100
2008-09-16,18.219999313354492,18.540000915527344,16.34000015258789,17.200000762939453,6.804452419281006,84000
2008-09-17,16.43000030517578,17.200000762939453,15.0,15.0,5.934112548828125,112200
2008-09-18,14.510000228881836,15.5,12.489999771118164,13.59000015258789,5.376311302185059,156200
2008-09-19,14.829999923706055,18.15999984741211,14.829999923706055,17.6200008392334,6.970610618591309,103300
2008-09-22,17.700000762939453,17.700000762939453,17.0,17.020000457763672,6.733237266540527,40300
2008-09-23,16.600000381469727,17.889999389648438,16.350000381469727,16.8799991607666,6.677855491638184,26500
2008-09-24,16.649999618530273,16.649999618530273,15.550000190734863,15.869999885559082,6.27829122543335,44700
2008-09-25,15.170000076293945,16.649999618530273,15.0600004196167,16.309999465942383,6.452360153198242,42800
2008-09-26,15.829999923706055,16.0,15.350000381469727,15.510000228881836,6.135875225067139,49500
2008-09-29,15.890000343322754,15.890000343322754,12.710000038146973,12.720000267028809,5.032130241394043,78100
2008-09-30,13.729999542236328,15.399999618530273,12.75,15.0,5.934112548828125,77500
2008-10-01,15.359999656677246,15.640000343322754,15.0,15.640000343322754,6.187304973602295,29800
2008-10-02,15.640000343322754,15.75,15.260000228881836,15.399999618530273,6.092354774475098,40700
2008-10-03,16.399999618530273,16.399999618530273,15.399999618530273,15.460000038146973,6.11609411239624,36900
2008-10-06,15.25,15.279999732971191,12.350000381469727,13.199999809265137,5.222020149230957,119400
2008-10-07,12.069999694824219,14.640000343322754,12.069999694824219,12.649999618530273,5.004437446594238,80600
2008-10-08,11.640000343322754,12.699999809265137,11.579999923706055,11.989999771118164,4.743336200714111,116600
2008-10-09,11.359999656677246,12.100000381469727,10.539999961853027,10.539999961853027,4.169704437255859,68500
2008-10-10,10.010000228881836,10.380000114440918,6.650000095367432,8.449999809265137,3.3428828716278076,188600
2008-10-13,9.220000267028809,11.989999771118164,8.600000381469727,11.800000190734863,4.6681694984436035,149600
2008-10-14,12.569999694824219,14.25,12.5,13.199999809265137,5.32582950592041,112000
2008-10-15,13.399999618530273,13.399999618530273,12.15999984741211,12.399999618530273,5.003053665161133,44200
2008-10-16,12.100000381469727,12.25,10.859999656677246,11.5600004196167,4.664139270782471,87500
2008-10-17,11.3100004196167,12.600000381469727,11.3100004196167,12.5,5.043396949768066,40400
2008-10-20,12.979999542236328,14.600000381469727,12.5,14.479999542236328,5.842273712158203,54000
2008-10-21,14.979999542236328,14.979999542236328,13.880000114440918,14.170000076293945,5.71720027923584,44200
2008-10-22,13.319999694824219,14.0600004196167,12.899999618530273,13.100000381469727,5.285482406616211,64800
2008-10-23,13.350000381469727,13.350000381469727,12.279999732971191,12.699999809265137,5.1240949630737305,46200
2008-10-24,11.199999809265137,11.899999618530273,11.0,11.710000038146973,4.724658966064453,62400
2008-10-27,11.699999809265137,12.579999923706055,11.300000190734863,11.859999656677246,4.785175800323486,29100
2008-10-28,13.010000228881836,13.010000228881836,11.949999809265137,12.850000381469727,5.1846160888671875,30900
2008-10-29,13.899999618530273,13.899999618530273,12.199999809265137,12.699999809265137,5.1240949630737305,83700
2008-10-30,13.25,13.300000190734863,12.75,12.899999618530273,5.204788684844971,16700
2008-10-31,13.350000381469727,13.399999618530273,12.75,13.25,5.346002101898193,46800
2008-11-03,13.949999809265137,13.949999809265137,13.149999618530273,13.579999923706055,5.479149341583252,25300
2008-11-04,14.260000228881836,14.260000228881836,13.4399995803833,13.699999809265137,5.5275654792785645,51200
2008-11-05,13.699999809265137,13.989999771118164,13.699999809265137,13.720000267028809,5.535635948181152,35600
2008-11-06,13.699999809265137,13.699999809265137,13.020000457763672,13.25,5.346002101898193,25600
2008-11-07,13.539999961853027,13.949999809265137,13.300000190734863,13.649999618530273,5.507391929626465,38400
2008-11-10,14.260000228881836,14.300000190734863,13.550000190734863,13.75,5.547735691070557,37000
2008-11-11,13.75,13.75,12.65999984741211,13.5,5.446869850158691,26100
2008-11-12,13.5,13.5,12.800000190734863,12.979999542236328,5.237064361572266,36300
2008-11-13,12.5,12.979999542236328,12.25,12.399999618530273,5.093305587768555,29100
2008-11-14,12.010000228881836,12.390000343322754,11.90999984741211,12.130000114440918,4.982398986816406,26800
2008-11-17,11.829999923706055,11.829999923706055,10.899999618530273,10.899999618530273,4.477179050445557,71700
2008-11-18,10.899999618530273,11.140000343322754,10.899999618530273,11.100000381469727,4.559328079223633,31800
2008-11-19,10.859999656677246,11.270000457763672,10.760000228881836,10.869999885559082,4.46485710144043,27200
2008-11-20,10.329999923706055,10.670000076293945,9.149999618530273,9.270000457763672,3.8076536655426025,79000
2008-11-21,9.220000267028809,9.819999694824219,8.199999809265137,9.09000015258789,3.733720541000366,67800
2008-11-24,9.25,10.25,9.25,10.09000015258789,4.14447021484375,41000
2008-11-25,10.890000343322754,11.199999809265137,10.210000038146973,10.350000381469727,4.251265525817871,68000
2008-11-26,10.5,11.239999771118164,10.109999656677246,11.239999771118164,4.6168317794799805,43400
2008-11-28,10.970000267028809,12.350000381469727,10.84000015258789,12.0,4.929006576538086,36300
2008-12-01,11.529999732971191,11.710000038146973,11.149999618530273,11.180000305175781,4.592187404632568,29800
2008-12-02,11.550000190734863,11.850000381469727,11.279999732971191,11.489999771118164,4.719517707824707,46500
2008-12-03,11.899999618530273,11.899999618530273,11.0,11.720000267028809,4.813992500305176,47300
2008-12-04,11.75,12.0,11.600000381469727,11.75,4.826314926147461,42000
2008-12-05,9.75,10.989999771118164,9.289999961853027,10.289999961853027,4.226620197296143,238400
2008-12-08,10.180000305175781,10.800000190734863,10.180000305175781,10.3100004196167,4.234835147857666,101700
2008-12-09,10.0600004196167,10.699999809265137,9.859999656677246,10.699999809265137,4.395029544830322,73400
2008-12-10,10.699999809265137,10.75,10.260000228881836,10.380000114440918,4.263588905334473,63500
2008-12-11,10.399999618530273,10.489999771118164,10.149999618530273,10.199999809265137,4.284588813781738,55000
2008-12-12,9.609999656677246,10.100000381469727,9.5600004196167,9.960000038146973,4.183777332305908,33700
2008-12-15,9.949999809265137,10.0600004196167,9.699999809265137,9.779999732971191,4.10816764831543,21800
2008-12-16,9.850000381469727,9.949999809265137,9.65999984741211,9.850000381469727,4.137568473815918,28100
2008-12-17,9.949999809265137,9.960000038146973,9.520000457763672,9.680000305175781,4.066162109375,33700
2008-12-18,9.84000015258789,9.899999618530273,9.630000114440918,9.8100004196167,4.1207685470581055,50100
2008-12-19,10.0,10.739999771118164,9.800000190734863,10.380000114440918,4.36020040512085,46100
2008-12-22,10.930000305175781,10.930000305175781,10.300000190734863,10.720000267028809,4.503020763397217,42000
2008-12-23,10.579999923706055,10.970000267028809,10.319999694824219,10.829999923706055,4.549229145050049,54100
2008-12-24,10.979999542236328,10.989999771118164,10.739999771118164,10.960000038146973,4.603834629058838,33500
2008-12-26,10.989999771118164,10.989999771118164,10.899999618530273,10.930000305175781,4.591236114501953,13500
2008-12-29,10.670000076293945,10.989999771118164,10.670000076293945,10.899999618530273,4.57863187789917,37600
2008-12-30,10.770000457763672,10.989999771118164,10.579999923706055,10.869999885559082,4.566030979156494,36800
2008-12-31,10.680000305175781,11.529999732971191,10.680000305175781,11.529999732971191,4.843268871307373,40100
2009-01-02,11.40999984741211,11.890000343322754,11.40999984741211,11.789999961853027,4.952480316162109,20400
2009-01-05,11.869999885559082,12.449999809265137,11.75,12.199999809265137,5.124706268310547,47000
2009-01-06,12.1899995803833,12.850000381469727,12.020000457763672,12.449999809265137,5.229722023010254,52000
2009-01-07,12.399999618530273,12.5,11.600000381469727,12.229999542236328,5.137306213378906,42300
2009-01-08,12.350000381469727,12.59000015258789,11.859999656677246,12.279999732971191,5.158309459686279,32500
2009-01-09,12.449999809265137,12.449999809265137,12.149999618530273,12.199999809265137,5.124706268310547,24100
2009-01-12,12.300000190734863,12.329999923706055,11.8100004196167,11.8100004196167,4.960883617401123,19200
2009-01-13,11.899999618530273,11.899999618530273,11.420000076293945,11.430000305175781,4.8012614250183105,25500
2009-01-14,11.0600004196167,11.3100004196167,10.630000114440918,10.699999809265137,4.538295269012451,33400
2009-01-15,10.649999618530273,10.979999542236328,10.5,10.649999618530273,4.517090320587158,26200
2009-01-16,11.050000190734863,11.050000190734863,10.779999732971191,10.949999809265137,4.644329071044922,10500
2009-01-20,10.859999656677246,11.149999618530273,10.300000190734863,10.329999923706055,4.3813652992248535,22300
2009-01-21,10.5,11.020000457763672,10.369999885559082,10.869999885559082,4.6104021072387695,20200
2009-01-22,10.760000228881836,10.960000038146973,10.550000190734863,10.960000038146973,4.64857292175293,23100
2009-01-23,10.899999618530273,11.1899995803833,10.550000190734863,11.100000381469727,4.707950592041016,32400
2009-01-26,10.960000038146973,11.479999542236328,10.960000038146973,11.260000228881836,4.775811672210693,17400
2009-01-27,11.350000381469727,11.970000267028809,11.260000228881836,11.970000267028809,5.076955795288086,44800
2009-01-28,12.84000015258789,12.84000015258789,12.25,12.420000076293945,5.267816543579102,27000
2009-01-29,12.25,12.420000076293945,11.229999542236328,12.180000305175781,5.166023254394531,35200
2009-01-30,12.220000267028809,12.220000267028809,11.829999923706055,11.9399995803833,5.0642290115356445,17400
2009-02-02,11.760000228881836,12.109999656677246,11.760000228881836,12.0600004196167,5.11512565612793,17500
2009-02-03,12.3100004196167,12.470000267028809,12.119999885559082,12.470000267028809,5.289022445678711,11500
2009-02-04,12.34000015258789,12.399999618530273,12.100000381469727,12.140000343322754,5.1490559577941895,14400
2009-02-05,11.949999809265137,12.199999809265137,11.949999809265137,12.010000228881836,5.093918800354004,38500
2009-02-06,12.050000190734863,12.300000190734863,11.949999809265137,12.029999732971191,5.102402687072754,21700
2009-02-09,12.25,12.420000076293945,12.0,12.050000190734863,5.110881805419922,25100
2009-02-10,12.0600004196167,12.0600004196167,11.850000381469727,11.9399995803833,5.0642290115356445,10500
2009-02-11,11.84000015258789,11.960000038146973,11.079999923706055,11.270000457763672,4.8245038986206055,24100
2009-02-12,11.25,11.270000457763672,10.399999618530273,10.829999923706055,4.636144161224365,28200
2009-02-13,10.890000343322754,11.140000343322754,10.699999809265137,10.930000305175781,4.678955554962158,13600
2009-02-17,10.369999885559082,10.8100004196167,10.09000015258789,10.239999771118164,4.38357400894165,32400
2009-02-18,10.220000267028809,10.260000228881836,9.529999732971191,9.680000305175781,4.1438493728637695,22200
2009-02-19,9.59000015258789,9.770000457763672,9.539999961853027,9.640000343322754,4.126726150512695,19100
2009-02-20,9.399999618530273,9.470000267028809,8.369999885559082,8.760000228881836,3.750011920928955,78400
2009-02-23,8.960000038146973,9.079999923706055,8.800000190734863,8.880000114440918,3.801382064819336,35100
2009-02-24,8.739999771118164,9.180000305175781,8.729999542236328,9.020000457763672,3.861314535140991,43700
2009-02-25,9.0,9.279999732971191,8.90999984741211,9.140000343322754,3.9126834869384766,23200
2009-02-26,9.600000381469727,9.789999961853027,9.300000190734863,9.550000190734863,4.088198661804199,37500
2009-02-27,9.399999618530273,9.449999809265137,9.170000076293945,9.170000076293945,3.9255282878875732,38000
2009-03-02,9.039999961853027,9.050000190734863,8.300000190734863,8.4399995803833,3.613023042678833,56200
2009-03-03,8.34000015258789,8.5,7.800000190734863,8.220000267028809,3.518846273422241,73700
2009-03-04,8.039999961853027,8.550000190734863,8.039999961853027,8.470000267028809,3.6258695125579834,27200
2009-03-05,8.479999542236328,8.479999542236328,7.980000019073486,8.119999885559082,3.476036787033081,28300
2009-03-06,7.940000057220459,8.0600004196167,7.75,7.849999904632568,3.3604564666748047,44900
2009-03-09,7.800000190734863,7.800000190734863,7.400000095367432,7.46999979019165,3.197783946990967,62300
2009-03-10,7.590000152587891,8.289999961853027,7.550000190734863,8.020000457763672,3.43323016166687,91900
2009-03-11,7.840000152587891,8.050000190734863,7.760000228881836,7.960000038146973,3.4549310207366943,31000
2009-03-12,7.869999885559082,8.789999961853027,7.820000171661377,8.770000457763672,3.8065030574798584,52200
2009-03-13,8.869999885559082,8.9399995803833,8.800000190734863,8.819999694824219,3.8282055854797363,28500
2009-03-16,8.84000015258789,9.109999656677246,8.84000015258789,8.869999885559082,3.849905490875244,48600
2009-03-17,9.039999961853027,9.039999961853027,8.869999885559082,9.0,3.906329870223999,9100
2009-03-18,9.0,9.119999885559082,8.710000038146973,8.899999618530273,3.8629257678985596,39100
2009-03-19,9.149999618530273,9.15999984741211,8.899999618530273,8.979999542236328,3.8976497650146484,41600
2009-03-20,9.100000381469727,9.100000381469727,8.630000114440918,8.630000114440918,3.745736598968506,44300
2009-03-23,8.829999923706055,9.039999961853027,8.829999923706055,9.0,3.906329870223999,35300
2009-03-24,9.09000015258789,9.199999809265137,8.960000038146973,9.140000343322754,3.967095375061035,39800
2009-03-25,9.0600004196167,9.5,9.0600004196167,9.359999656677246,4.062581539154053,29000
2009-03-26,9.569999694824219,9.84000015258789,9.34000015258789,9.819999694824219,4.262241363525391,47100
2009-03-27,10.15999984741211,10.15999984741211,9.770000457763672,9.770000457763672,4.240538597106934,19700
2009-03-30,9.5,9.680000305175781,8.760000228881836,9.0,3.906329870223999,100700
2009-03-31,9.09000015258789,9.470000267028809,9.0600004196167,9.399999618530273,4.0799431800842285,15000
2009-04-01,9.399999618530273,9.539999961853027,9.359999656677246,9.420000076293945,4.088623523712158,31300
2009-04-02,9.760000228881836,9.760000228881836,9.550000190734863,9.640000343322754,4.184113502502441,44200
2009-04-03,9.600000381469727,9.779999732971191,9.600000381469727,9.75,4.231857776641846,29100
2009-04-06,9.850000381469727,9.850000381469727,9.479999542236328,9.5600004196167,4.1493916511535645,13200
2009-04-07,9.520000457763672,9.619999885559082,9.4399995803833,9.529999732971191,4.136368274688721,14200
2009-04-08,10.199999809265137,10.199999809265137,9.609999656677246,9.880000114440918,4.288281440734863,19700
2009-04-09,10.130000114440918,10.359999656677246,9.920000076293945,10.289999961853027,4.466238021850586,43200
2009-04-13,10.25,10.279999732971191,9.9399995803833,10.010000228881836,4.391654014587402,64500
2009-04-14,10.010000228881836,10.050000190734863,9.760000228881836,9.760000228881836,4.281972885131836,21000
2009-04-15,9.90999984741211,10.100000381469727,9.760000228881836,9.9399995803833,4.360942840576172,38300
2009-04-16,10.390000343322754,10.390000343322754,10.050000190734863,10.149999618530273,4.4530744552612305,38000
2009-04-17,10.300000190734863,10.300000190734863,10.100000381469727,10.289999961853027,4.514496326446533,26500
2009-04-20,10.350000381469727,10.350000381469727,9.970000267028809,10.029999732971191,4.400428771972656,32100
2009-04-21,10.149999618530273,10.170000076293945,10.0,10.100000381469727,4.43113899230957,29200
2009-04-22,10.239999771118164,10.239999771118164,9.960000038146973,9.979999542236328,4.378493785858154,31600
2009-04-23,10.149999618530273,10.149999618530273,10.079999923706055,10.100000381469727,4.43113899230957,7100
2009-04-24,10.140000343322754,10.25,10.0600004196167,10.130000114440918,4.444301128387451,12400
2009-04-27,9.930000305175781,10.25,9.930000305175781,10.100000381469727,4.43113899230957,21800
2009-04-28,10.140000343322754,10.329999923706055,9.869999885559082,10.279999732971191,4.51010799407959,18600
2009-04-29,10.279999732971191,10.4399995803833,10.199999809265137,10.380000114440918,4.553982257843018,21700
2009-04-30,10.579999923706055,10.779999732971191,10.369999885559082,10.399999618530273,4.562758445739746,16800
2009-05-01,10.5,10.699999809265137,10.479999542236328,10.619999885559082,4.659276485443115,39300
2009-05-04,10.899999618530273,11.0,10.789999961853027,10.829999923706055,4.751409530639648,30700
2009-05-05,10.789999961853027,11.0600004196167,10.75,11.050000190734863,4.847929954528809,34200
2009-05-06,11.149999618530273,12.069999694824219,11.100000381469727,11.930000305175781,5.234009742736816,40800
2009-05-07,12.3100004196167,12.729999542236328,11.949999809265137,12.039999961853027,5.2822675704956055,27100
2009-05-08,12.149999618530273,12.640000343322754,12.0600004196167,12.260000228881836,5.378787994384766,21400
2009-05-11,11.960000038146973,12.270000457763672,11.960000038146973,12.0600004196167,5.338945388793945,26600
2009-05-12,12.149999618530273,12.149999618530273,11.539999961853027,11.770000457763672,5.210562705993652,32700
2009-05-13,11.6899995803833,11.75,11.010000228881836,11.020000457763672,4.878540992736816,38500
2009-05-14,10.9399995803833,11.199999809265137,10.4399995803833,10.829999923706055,4.794426918029785,54300
2009-05-15,10.770000457763672,10.779999732971191,10.460000038146973,10.739999771118164,4.754583835601807,26800
2009-05-18,10.729999542236328,10.949999809265137,10.640000343322754,10.729999542236328,4.750158786773682,40100
2009-05-19,10.6899995803833,10.949999809265137,10.6899995803833,10.880000114440918,4.816563129425049,28700
2009-05-20,11.149999618530273,11.359999656677246,10.920000076293945,11.199999809265137,4.958225250244141,40300
2009-05-21,11.260000228881836,11.260000228881836,10.899999618530273,11.199999809265137,4.958225250244141,42400
2009-05-22,11.300000190734863,11.319999694824219,11.199999809265137,11.319999694824219,5.011349201202393,15100
2009-05-26,11.430000305175781,11.529999732971191,11.220000267028809,11.5,5.091036319732666,52100
2009-05-27,11.579999923706055,11.65999984741211,11.390000343322754,11.529999732971191,5.104318141937256,26200
2009-05-28,11.600000381469727,11.680000305175781,11.479999542236328,11.680000305175781,5.170721530914307,33000
2009-05-29,11.800000190734863,12.09000015258789,11.779999732971191,11.979999542236328,5.303528308868408,31300
2009-06-01,12.25,12.25,11.920000076293945,11.920000076293945,5.276966094970703,34900
2009-06-02,11.760000228881836,12.0,11.729999542236328,11.859999656677246,5.250404357910156,19700
2009-06-03,12.319999694824219,12.319999694824219,11.880000114440918,11.920000076293945,5.276966094970703,17400
2009-06-04,12.0,12.34000015258789,12.0,12.1899995803833,5.396498680114746,17100
2009-06-05,12.220000267028809,12.239999771118164,11.779999732971191,11.859999656677246,5.250404357910156,19000
2009-06-08,11.829999923706055,11.869999885559082,11.670000076293945,11.779999732971191,5.21498966217041,19100
2009-06-09,11.850000381469727,12.050000190734863,11.829999923706055,12.050000190734863,5.33452033996582,15000
2009-06-10,12.050000190734863,12.1899995803833,11.979999542236328,12.170000076293945,5.387641906738281,28300
2009-06-11,12.0600004196167,12.279999732971191,12.0,12.279999732971191,5.485926628112793,24000
2009-06-12,12.25,12.25,12.050000190734863,12.079999923706055,5.39657735824585,10300
2009-06-15,12.050000190734863,12.140000343322754,11.630000114440918,11.710000038146973,5.231283187866211,26400
2009-06-16,11.640000343322754,11.739999771118164,11.449999809265137,11.449999809265137,5.1151347160339355,28900
2009-06-17,11.399999618530273,11.40999984741211,11.220000267028809,11.229999542236328,5.016852378845215,15100
2009-06-18,11.399999618530273,11.4399995803833,11.3100004196167,11.3100004196167,5.052590847015381,14000
2009-06-19,11.479999542236328,11.75,11.479999542236328,11.600000381469727,5.1821441650390625,15900
2009-06-22,11.670000076293945,11.670000076293945,10.979999542236328,11.079999923706055,4.9498419761657715,39400
2009-06-23,11.050000190734863,11.229999542236328,11.050000190734863,11.210000038146973,5.007918357849121,12500
2009-06-24,11.170000076293945,11.40999984741211,11.109999656677246,11.369999885559082,5.0793938636779785,35200
2009-06-25,11.449999809265137,11.479999542236328,11.270000457763672,11.460000038146973,5.119601726531982,14600
2009-06-26,11.520000457763672,11.529999732971191,11.220000267028809,11.40999984741211,5.097263813018799,34100
2009-06-29,11.510000228881836,11.680000305175781,11.430000305175781,11.539999961853027,5.155341148376465,27100
2009-06-30,11.420000076293945,11.649999618530273,11.420000076293945,11.609999656677246,5.186615943908691,9300
2009-07-01,11.760000228881836,11.819999694824219,11.550000190734863,11.819999694824219,5.280425071716309,20700
2009-07-02,11.65999984741211,11.850000381469727,11.479999542236328,11.640000343322754,5.200013160705566,34200
2009-07-06,11.710000038146973,11.779999732971191,11.649999618530273,11.670000076293945,5.213415145874023,13200
2009-07-07,11.670000076293945,11.789999961853027,11.359999656677246,11.520000457763672,5.146405220031738,37100
2009-07-08,11.520000457763672,11.520000457763672,11.010000228881836,11.100000381469727,4.958776473999023,31500
2009-07-09,11.180000305175781,11.380000114440918,11.100000381469727,11.210000038146973,5.007918357849121,10600
2009-07-10,11.180000305175781,11.319999694824219,11.09000015258789,11.270000457763672,5.0347208976745605,16100
2009-07-13,11.210000038146973,11.399999618530273,11.020000457763672,11.260000228881836,5.079835891723633,21700
2009-07-14,11.25,11.829999923706055,11.15999984741211,11.369999885559082,5.129462718963623,34400
2009-07-15,11.520000457763672,12.020000457763672,11.470000267028809,12.020000457763672,5.422701835632324,15600
2009-07-16,12.130000114440918,12.430000305175781,11.770000457763672,12.079999923706055,5.449769973754883,29100
2009-07-17,11.979999542236328,12.170000076293945,11.720000267028809,11.890000343322754,5.364049911499023,22900
2009-07-20,12.170000076293945,12.170000076293945,11.850000381469727,12.069999694824219,5.445258617401123,20900
2009-07-21,12.149999618530273,12.170000076293945,11.899999618530273,11.899999618530273,5.368564605712891,20600
2009-07-22,11.760000228881836,12.140000343322754,11.760000228881836,12.140000343322754,5.476838111877441,23700
2009-07-23,12.15999984741211,12.399999618530273,12.100000381469727,12.220000267028809,5.512930870056152,27700
2009-07-24,12.279999732971191,12.430000305175781,12.029999732971191,12.149999618530273,5.481350421905518,36900
2009-07-27,11.960000038146973,12.479999542236328,11.960000038146973,12.050000190734863,5.4362359046936035,36800
2009-07-28,12.300000190734863,12.34000015258789,12.0600004196167,12.09000015258789,5.454284191131592,9400
2009-07-29,12.1899995803833,12.229999542236328,12.0,12.010000228881836,5.418190956115723,12900
2009-07-30,12.359999656677246,12.359999656677246,12.260000228881836,12.350000381469727,5.571577072143555,13300
2009-07-31,12.329999923706055,12.479999542236328,12.279999732971191,12.369999885559082,5.580600738525391,21300
2009-08-03,12.619999885559082,13.15999984741211,12.399999618530273,12.789999961853027,5.770081996917725,33800
2009-08-04,12.829999923706055,12.949999809265137,12.680000305175781,12.779999732971191,5.76556921005249,27000
2009-08-05,12.75,12.869999885559082,12.680000305175781,12.850000381469727,5.797146797180176,25000
2009-08-06,12.779999732971191,12.850000381469727,12.520000457763672,12.640000343322754,5.702407360076904,33400
2009-08-07,13.279999732971191,13.279999732971191,12.619999885559082,12.65999984741211,5.711430072784424,20000
2009-08-10,12.5,12.779999732971191,12.5,12.729999542236328,5.743010997772217,17100
2009-08-11,12.800000190734863,12.859999656677246,12.619999885559082,12.829999923706055,5.7881245613098145,18300
2009-08-12,12.770000457763672,12.850000381469727,12.609999656677246,12.720000267028809,5.73850154876709,19000
2009-08-13,12.569999694824219,12.850000381469727,12.460000038146973,12.59000015258789,5.729398250579834,30000
2009-08-14,12.380000114440918,12.729999542236328,12.380000114440918,12.539999961853027,5.706646919250488,11700
2009-08-17,12.539999961853027,12.539999961853027,12.15999984741211,12.390000343322754,5.6383843421936035,43300
2009-08-18,12.3100004196167,12.319999694824219,12.130000114440918,12.300000190734863,5.597426414489746,35700
2009-08-19,12.239999771118164,12.390000343322754,12.09000015258789,12.1899995803833,5.547369003295898,33800
2009-08-20,12.210000038146973,12.520000457763672,12.199999809265137,12.489999771118164,5.6838884353637695,13200
2009-08-21,12.479999542236328,12.529999732971191,12.3100004196167,12.399999618530273,5.642931938171387,13800
2009-08-24,12.619999885559082,12.770000457763672,12.350000381469727,12.630000114440918,5.747602462768555,27800
2009-08-25,12.640000343322754,12.670000076293945,12.569999694824219,12.569999694824219,5.720297336578369,20300
2009-08-26,12.479999542236328,12.84000015258789,12.350000381469727,12.800000190734863,5.824963569641113,25900
2009-08-27,12.699999809265137,12.800000190734863,12.5,12.5,5.688441276550293,33800
2009-08-28,12.520000457763672,12.720000267028809,12.479999542236328,12.529999732971191,5.702091217041016,18200
2009-08-31,12.399999618530273,12.630000114440918,12.399999618530273,12.489999771118164,5.6838884353637695,19100
2009-09-01,12.539999961853027,12.5600004196167,12.210000038146973,12.210000038146973,5.556469917297363,15700
2009-09-02,12.25,12.25,12.0,12.050000190734863,5.483657360076904,24000
2009-09-03,12.350000381469727,12.350000381469727,12.0,12.210000038146973,5.556469917297363,32300
2009-09-04,12.34000015258789,12.460000038146973,12.119999885559082,12.34000015258789,5.615628242492676,16700
2009-09-08,12.40999984741211,12.819999694824219,12.279999732971191,12.460000038146973,5.670236587524414,19300
2009-09-09,12.550000190734863,12.600000381469727,12.449999809265137,12.600000381469727,5.733951091766357,14700
2009-09-10,12.520000457763672,12.649999618530273,12.520000457763672,12.630000114440918,5.747602462768555,18200
2009-09-11,12.649999618530273,12.800000190734863,12.649999618530273,12.789999961853027,5.8204145431518555,21900
2009-09-14,12.770000457763672,12.770000457763672,12.630000114440918,12.699999809265137,5.829593181610107,29500
2009-09-15,12.699999809265137,12.800000190734863,12.670000076293945,12.789999961853027,5.870906829833984,16400
2009-09-16,12.779999732971191,12.899999618530273,12.6899995803833,12.859999656677246,5.903038501739502,16100
2009-09-17,12.680000305175781,12.960000038146973,12.680000305175781,12.84000015258789,5.893857002258301,14500
2009-09-18,12.800000190734863,12.930000305175781,12.75,12.84000015258789,5.893857002258301,10300
2009-09-21,12.890000343322754,12.90999984741211,12.729999542236328,12.899999618530273,5.921397686004639,18700
2009-09-22,12.90999984741211,13.079999923706055,12.75,12.75,5.852542877197266,31100
2009-09-23,12.680000305175781,13.050000190734863,12.680000305175781,12.890000343322754,5.916807174682617,25900
2009-09-24,12.8100004196167,12.890000343322754,12.550000190734863,12.680000305175781,5.8204145431518555,34300
2009-09-25,12.569999694824219,12.890000343322754,12.569999694824219,12.649999618530273,5.806639671325684,29300
2009-09-28,12.670000076293945,12.850000381469727,12.539999961853027,12.630000114440918,5.797463893890381,15200
2009-09-29,12.819999694824219,12.819999694824219,12.619999885559082,12.640000343322754,5.802051544189453,27200
2009-09-30,12.619999885559082,12.770000457763672,12.5,12.59000015258789,5.7791008949279785,50900
2009-10-01,12.6899995803833,12.729999542236328,12.550000190734863,12.550000190734863,5.760739326477051,24900
2009-10-02,12.359999656677246,12.539999961853027,12.359999656677246,12.5,5.737788677215576,32700
2009-10-05,12.569999694824219,12.899999618530273,12.5,12.890000343322754,5.916807174682617,21600
2009-10-06,12.739999771118164,12.90999984741211,12.739999771118164,12.880000114440918,5.912216663360596,22600
2009-10-07,12.880000114440918,13.069999694824219,12.850000381469727,12.949999809265137,5.944348335266113,19300
2009-10-08,13.149999618530273,13.430000305175781,12.930000305175781,13.1899995803833,6.054510116577148,16300
2009-10-09,13.180000305175781,13.449999809265137,13.180000305175781,13.380000114440918,6.193378925323486,11800
2009-10-12,13.539999961853027,13.539999961853027,13.260000228881836,13.319999694824219,6.165605068206787,8400
2009-10-13,13.34000015258789,13.489999771118164,13.25,13.470000267028809,6.235040187835693,9100
2009-10-14,13.300000190734863,13.899999618530273,13.300000190734863,13.710000038146973,6.346130847930908,26500
2009-10-15,13.739999771118164,14.069999694824219,13.65999984741211,13.680000305175781,6.332247734069824,24600
2009-10-16,13.630000114440918,13.880000114440918,12.899999618530273,12.960000038146973,5.998969554901123,77300
2009-10-19,12.920000076293945,13.039999961853027,12.800000190734863,12.90999984741211,5.975822925567627,47900
2009-10-20,12.850000381469727,13.069999694824219,12.850000381469727,13.0,6.017482280731201,18800
2009-10-21,13.0,13.079999923706055,12.949999809265137,13.020000457763672,6.026743412017822,12300
2009-10-22,13.0,13.020000457763672,12.890000343322754,12.970000267028809,6.00360107421875,26700
2009-10-23,12.970000267028809,13.109999656677246,12.970000267028809,13.0,6.017482280731201,24900
2009-10-26,13.100000381469727,13.109999656677246,12.819999694824219,12.859999656677246,5.952681541442871,22900
2009-10-27,12.9399995803833,13.199999809265137,12.8100004196167,13.130000114440918,6.077660083770752,46400
2009-10-28,13.029999732971191,13.079999923706055,12.75,12.760000228881836,5.906394004821777,28200
2009-10-29,12.760000228881836,13.029999732971191,12.699999809265137,12.789999961853027,5.9202799797058105,31200
2009-10-30,12.819999694824219,12.880000114440918,12.029999732971191,12.029999732971191,5.568487644195557,24800
2009-11-02,12.170000076293945,12.319999694824219,12.020000457763672,12.0600004196167,5.582375526428223,27800
2009-11-03,12.0600004196167,12.25,11.899999618530273,12.25,5.670322418212891,38300
2009-11-04,12.380000114440918,12.430000305175781,12.260000228881836,12.279999732971191,5.684208393096924,15700
2009-11-05,12.279999732971191,12.279999732971191,12.09000015258789,12.09000015258789,5.596261501312256,12400
2009-11-06,12.130000114440918,12.350000381469727,12.09000015258789,12.170000076293945,5.6332902908325195,78800
2009-11-09,12.260000228881836,12.380000114440918,12.210000038146973,12.380000114440918,5.730494499206543,95700
2009-11-10,12.329999923706055,12.510000228881836,12.289999961853027,12.5,5.786042213439941,34900
2009-11-11,12.720000267028809,12.899999618530273,12.649999618530273,12.869999885559082,5.957308769226074,34400
2009-11-12,12.850000381469727,12.850000381469727,12.640000343322754,12.75,5.952638149261475,131300
2009-11-13,12.699999809265137,13.020000457763672,12.600000381469727,12.949999809265137,6.046016693115234,116600
2009-11-16,13.1899995803833,13.710000038146973,12.890000343322754,12.979999542236328,6.060017108917236,20500
2009-11-17,13.0600004196167,13.0600004196167,12.8100004196167,12.869999885559082,6.008664131164551,19500
2009-11-18,12.869999885559082,12.90999984741211,12.699999809265137,12.770000457763672,5.961979389190674,27400
2009-11-19,12.649999618530273,12.789999961853027,12.489999771118164,12.65999984741211,5.91062068939209,11800
2009-11-20,12.670000076293945,12.670000076293945,12.510000228881836,12.510000228881836,5.840590953826904,12800
2009-11-23,12.5,12.550000190734863,12.350000381469727,12.380000114440918,5.779895305633545,41900
2009-11-24,12.369999885559082,12.489999771118164,12.3100004196167,12.350000381469727,5.765890598297119,20100
2009-11-25,12.430000305175781,12.609999656677246,12.359999656677246,12.460000038146973,5.817245960235596,21300
2009-11-27,12.210000038146973,12.359999656677246,11.930000305175781,12.180000305175781,5.686517715454102,18200
2009-11-30,12.300000190734863,12.529999732971191,12.149999618530273,12.25,5.719203472137451,38800
2009-12-01,12.100000381469727,12.489999771118164,12.100000381469727,12.489999771118164,5.831254005432129,44700
2009-12-02,12.489999771118164,12.84000015258789,12.470000267028809,12.8100004196167,5.980655193328857,30500
2009-12-03,12.859999656677246,12.899999618530273,12.6899995803833,12.789999961853027,5.971316814422607,22200
2009-12-04,12.869999885559082,12.960000038146973,12.75,12.770000457763672,5.961979389190674,19900
2009-12-07,12.8100004196167,13.09000015258789,12.8100004196167,13.0,6.069361686706543,24000
2009-12-08,12.829999923706055,13.319999694824219,12.779999732971191,13.140000343322754,6.1347198486328125,35700
2009-12-09,13.300000190734863,13.380000114440918,13.140000343322754,13.239999771118164,6.181407451629639,31900
2009-12-10,13.369999885559082,14.75,13.369999885559082,14.550000190734863,6.793015480041504,386500
2009-12-11,14.770000457763672,14.9399995803833,14.25,14.460000038146973,6.802424430847168,121300
2009-12-14,14.6899995803833,14.6899995803833,14.210000038146973,14.239999771118164,6.698927402496338,78400
2009-12-15,14.210000038146973,14.430000305175781,14.149999618530273,14.3100004196167,6.731861114501953,43200
2009-12-16,14.470000267028809,14.649999618530273,14.0,14.079999923706055,6.623657703399658,74300
2009-12-17,14.050000190734863,14.140000343322754,13.960000038146973,13.979999542236328,6.576615810394287,42700
2009-12-18,14.229999542236328,14.430000305175781,13.84000015258789,14.399999618530273,6.774196624755859,113800
2009-12-21,14.5,14.600000381469727,14.420000076293945,14.59000015258789,6.863577365875244,48600
2009-12-22,14.640000343322754,14.6899995803833,14.460000038146973,14.579999923706055,6.858874797821045,25300
2009-12-23,14.510000228881836,14.640000343322754,14.449999809265137,14.550000190734863,6.844762802124023,48200
2009-12-24,14.520000457763672,14.699999809265137,14.520000457763672,14.5600004196167,6.849463939666748,11600
2009-12-28,14.600000381469727,14.760000228881836,14.489999771118164,14.760000228881836,6.943551063537598,26000
2009-12-29,14.800000190734863,14.800000190734863,14.630000114440918,14.699999809265137,6.915323734283447,28000
2009-12-30,14.770000457763672,14.989999771118164,14.550000190734863,14.670000076293945,6.901210784912109,30100
2009-12-31,14.65999984741211,14.84000015258789,14.5,14.729999542236328,6.929438591003418,34600
2010-01-04,14.949999809265137,15.25,14.729999542236328,15.15999984741211,7.131721496582031,71800
2010-01-05,15.270000457763672,15.470000267028809,15.210000038146973,15.300000190734863,7.197585105895996,49800
2010-01-06,15.420000076293945,15.449999809265137,15.25,15.270000457763672,7.183472633361816,37300
2010-01-07,15.260000228881836,15.300000190734863,15.119999885559082,15.119999885559082,7.112907409667969,43100
2010-01-08,15.1899995803833,15.300000190734863,15.180000305175781,15.270000457763672,7.183472633361816,20100
2010-01-11,15.359999656677246,15.460000038146973,15.329999923706055,15.359999656677246,7.225805759429932,62500
2010-01-12,15.399999618530273,15.670000076293945,15.210000038146973,15.3100004196167,7.2022881507873535,104900
2010-01-13,15.399999618530273,15.59000015258789,15.329999923706055,15.569999694824219,7.324598789215088,40800
2010-01-14,15.420000076293945,15.520000457763672,15.199999809265137,15.479999542236328,7.334073543548584,19500
2010-01-15,15.420000076293945,15.529999732971191,15.140000343322754,15.239999771118164,7.220370292663574,30800
2010-01-19,15.3100004196167,15.3100004196167,14.899999618530273,14.949999809265137,7.082971572875977,48700
2010-01-20,14.890000343322754,14.989999771118164,14.800000190734863,14.819999694824219,7.02138090133667,41500
2010-01-21,14.699999809265137,14.8100004196167,14.5,14.529999732971191,6.883985996246338,61200
2010-01-22,14.619999885559082,15.100000381469727,14.600000381469727,14.65999984741211,6.945578098297119,31000
2010-01-25,14.630000114440918,14.630000114440918,14.390000343322754,14.449999809265137,6.846085548400879,50600
2010-01-26,14.539999961853027,14.800000190734863,14.449999809265137,14.670000076293945,6.950313568115234,19200
2010-01-27,14.550000190734863,14.8100004196167,14.5,14.579999923706055,6.9076762199401855,42100
2010-01-28,14.720000267028809,14.9399995803833,14.550000190734863,14.800000190734863,7.011904716491699,29000
2010-01-29,14.899999618530273,14.899999618530273,14.65999984741211,14.65999984741211,6.945578098297119,29900
2010-02-01,14.779999732971191,14.899999618530273,14.59000015258789,14.899999618530273,7.059284210205078,20100
2010-02-02,14.859999656677246,15.25,14.859999656677246,14.9399995803833,7.0782341957092285,52400
2010-02-03,14.920000076293945,14.949999809265137,14.770000457763672,14.8100004196167,7.016640663146973,31700
2010-02-04,14.859999656677246,14.930000305175781,14.699999809265137,14.699999809265137,6.964527130126953,42000
2010-02-05,14.600000381469727,14.859999656677246,14.25,14.350000381469727,6.798709869384766,76800
2010-02-08,14.319999694824219,14.630000114440918,14.319999694824219,14.420000076293945,6.8318705558776855,34800
2010-02-09,14.5,14.59000015258789,14.420000076293945,14.529999732971191,6.883985996246338,39600
2010-02-10,14.550000190734863,14.75,14.510000228881836,14.6899995803833,6.959788799285889,23200
2010-02-11,14.640000343322754,14.84000015258789,14.640000343322754,14.84000015258789,7.083903789520264,31800
2010-02-12,14.770000457763672,15.0,14.619999885559082,14.739999771118164,7.036167621612549,23900
2010-02-16,14.760000228881836,15.140000343322754,14.760000228881836,15.140000343322754,7.227107048034668,59500
2010-02-17,15.140000343322754,15.399999618530273,15.100000381469727,15.329999923706055,7.317805767059326,31700
2010-02-18,15.420000076293945,15.539999961853027,15.369999885559082,15.539999961853027,7.418045997619629,20700
2010-02-19,15.579999923706055,16.25,15.579999923706055,15.710000038146973,7.499201774597168,44800
2010-02-22,15.729999542236328,16.09000015258789,15.609999656677246,15.880000114440918,7.580348968505859,35000
2010-02-23,15.970000267028809,16.149999618530273,15.75,16.149999618530273,7.709231853485107,50400
2010-02-24,16.100000381469727,16.25,15.329999923706055,15.859999656677246,7.570797920227051,63100
2010-02-25,15.729999542236328,15.859999656677246,15.5600004196167,15.5600004196167,7.427595615386963,54300
2010-02-26,15.5600004196167,15.699999809265137,15.5,15.649999618530273,7.470555782318115,32700
2010-03-01,15.579999923706055,16.030000686645508,15.5,15.90999984741211,7.594668865203857,22800
2010-03-02,16.0,16.0,15.539999961853027,15.850000381469727,7.566025733947754,26700
2010-03-03,15.880000114440918,16.030000686645508,15.75,15.770000457763672,7.527841567993164,18700
2010-03-04,15.800000190734863,15.84000015258789,15.539999961853027,15.710000038146973,7.499201774597168,19100
2010-03-05,15.699999809265137,15.850000381469727,15.539999961853027,15.729999542236328,7.508744716644287,21100
2010-03-08,15.729999542236328,15.84000015258789,15.529999732971191,15.59000015258789,7.441911220550537,21300
2010-03-09,15.65999984741211,15.65999984741211,15.5,15.550000190734863,7.422817707061768,20900
2010-03-10,15.5600004196167,15.600000381469727,15.449999809265137,15.479999542236328,7.389406681060791,55200
2010-03-11,15.359999656677246,15.430000305175781,12.369999885559082,12.369999885559082,5.947101593017578,841700
2010-03-12,12.369999885559082,12.369999885559082,11.819999694824219,12.359999656677246,5.942296504974365,621800
2010-03-15,12.1899995803833,12.270000457763672,11.90999984741211,12.270000457763672,5.899026870727539,219600
2010-03-16,12.130000114440918,12.350000381469727,11.899999618530273,12.079999923706055,5.807680130004883,187000
2010-03-17,12.010000228881836,12.210000038146973,11.920000076293945,12.210000038146973,5.870180130004883,252100
2010-03-18,12.100000381469727,12.1899995803833,11.979999542236328,12.069999694824219,5.802872657775879,83200
2010-03-19,11.729999542236328,12.039999961853027,11.710000038146973,11.729999542236328,5.639411926269531,137200
2010-03-22,11.520000457763672,11.930000305175781,11.510000228881836,11.850000381469727,5.69710111618042,116000
2010-03-23,11.850000381469727,11.899999618530273,11.630000114440918,11.770000457763672,5.658639907836914,112800
2010-03-24,11.619999885559082,12.149999618530273,11.619999885559082,12.140000343322754,5.836527347564697,150300
2010-03-25,12.149999618530273,12.199999809265137,11.979999542236328,12.130000114440918,5.831717491149902,95100
2010-03-26,12.069999694824219,12.25,12.069999694824219,12.210000038146973,5.870180130004883,59300
2010-03-29,12.220000267028809,12.300000190734863,12.0600004196167,12.109999656677246,5.822103023529053,69400
2010-03-30,12.149999618530273,12.220000267028809,12.0,12.09000015258789,5.812489986419678,54900
2010-03-31,12.119999885559082,12.15999984741211,12.0,12.100000381469727,5.81729793548584,50400
2010-04-01,12.130000114440918,12.489999771118164,12.130000114440918,12.399999618530273,5.96152400970459,139600
2010-04-05,12.529999732971191,12.729999542236328,12.489999771118164,12.649999618530273,6.081718921661377,118100
2010-04-06,12.670000076293945,12.680000305175781,12.520000457763672,12.539999961853027,6.028832912445068,31600
2010-04-07,12.529999732971191,12.59000015258789,12.4399995803833,12.4399995803833,5.980753421783447,24500
2010-04-08,12.489999771118164,12.75,12.350000381469727,12.680000305175781,6.0961432456970215,40500
2010-04-09,12.399999618530273,12.579999923706055,12.399999618530273,12.579999923706055,6.048063278198242,53100
2010-04-12,12.520000457763672,12.699999809265137,12.34000015258789,12.399999618530273,5.96152400970459,46100
2010-04-13,12.369999885559082,12.369999885559082,12.1899995803833,12.25,5.925252914428711,53800
2010-04-14,12.239999771118164,12.319999694824219,12.140000343322754,12.199999809265137,5.901064872741699,44600
2010-04-15,12.130000114440918,12.199999809265137,12.020000457763672,12.029999732971191,5.8188371658325195,57700
2010-04-16,12.029999732971191,12.09000015258789,11.84000015258789,11.899999618530273,5.755954742431641,87000
2010-04-19,11.789999961853027,11.920000076293945,11.5600004196167,11.760000228881836,5.688238143920898,99700
2010-04-20,11.710000038146973,11.960000038146973,11.699999809265137,11.949999809265137,5.780140399932861,38600
2010-04-21,12.020000457763672,12.039999961853027,11.850000381469727,11.880000114440918,5.746282577514648,29100
2010-04-22,11.800000190734863,11.880000114440918,11.800000190734863,11.8100004196167,5.712427139282227,21500
2010-04-23,11.739999771118164,11.859999656677246,11.739999771118164,11.859999656677246,5.736608505249023,41300
2010-04-26,11.819999694824219,11.859999656677246,11.720000267028809,11.720000267028809,5.668889999389648,51700
2010-04-27,11.630000114440918,11.84000015258789,11.630000114440918,11.739999771118164,5.678564548492432,42100
2010-04-28,11.789999961853027,11.84000015258789,11.630000114440918,11.84000015258789,5.726934432983398,47600
2010-04-29,11.869999885559082,11.890000343322754,11.699999809265137,11.779999732971191,5.697910785675049,36600
2010-04-30,11.75,11.800000190734863,11.640000343322754,11.699999809265137,5.659220218658447,35000
2010-05-03,11.649999618530273,11.859999656677246,11.630000114440918,11.729999542236328,5.673727512359619,34300
2010-05-04,11.720000267028809,11.75,11.5600004196167,11.619999885559082,5.620523452758789,30800
2010-05-05,11.609999656677246,11.84000015258789,11.380000114440918,11.470000267028809,5.547967910766602,48800
2010-05-06,11.210000038146973,11.449999809265137,9.979999542236328,10.880000114440918,5.262587547302246,163500
2010-05-07,10.720000267028809,10.989999771118164,10.5,10.65999984741211,5.1561760902404785,75900
2010-05-10,10.859999656677246,11.15999984741211,10.829999923706055,10.930000305175781,5.286773681640625,51600
2010-05-11,10.65999984741211,11.09000015258789,10.65999984741211,10.970000267028809,5.306118011474609,45300
2010-05-12,10.90999984741211,10.989999771118164,10.899999618530273,10.979999542236328,5.3475189208984375,31600
2010-05-13,11.0,11.140000343322754,10.970000267028809,10.989999771118164,5.352386474609375,23100
2010-05-14,11.050000190734863,11.050000190734863,10.770000457763672,10.84000015258789,5.279334545135498,44700
2010-05-17,10.789999961853027,10.819999694824219,10.649999618530273,10.710000038146973,5.21602201461792,39000
2010-05-18,10.789999961853027,10.84000015258789,10.630000114440918,10.640000343322754,5.181933879852295,32500
2010-05-19,10.539999961853027,10.710000038146973,10.329999923706055,10.479999542236328,5.104004859924316,56500
2010-05-20,10.199999809265137,10.300000190734863,9.979999542236328,10.029999732971191,4.88484525680542,72200
2010-05-21,9.739999771118164,10.0600004196167,9.539999961853027,9.890000343322754,4.8166632652282715,128800
2010-05-24,9.720000267028809,10.050000190734863,9.720000267028809,9.930000305175781,4.836142063140869,63300
2010-05-25,9.4399995803833,9.949999809265137,9.4399995803833,9.949999809265137,4.845882892608643,65300
2010-05-26,10.0,10.15999984741211,9.989999771118164,9.989999771118164,4.865365982055664,38500
2010-05-27,10.149999618530273,10.239999771118164,10.130000114440918,10.239999771118164,4.987119674682617,27800
2010-05-28,10.25,10.3100004196167,10.210000038146973,10.3100004196167,5.021214008331299,54300
2010-06-01,10.15999984741211,10.3100004196167,10.100000381469727,10.100000381469727,4.9189372062683105,26100
2010-06-02,10.1899995803833,10.300000190734863,10.119999885559082,10.279999732971191,5.006601333618164,25300
2010-06-03,10.300000190734863,10.4399995803833,10.300000190734863,10.399999618530273,5.065044403076172,35200
2010-06-04,10.220000267028809,10.399999618530273,10.1899995803833,10.220000267028809,4.977378845214844,30300
2010-06-07,10.220000267028809,10.380000114440918,10.130000114440918,10.25,4.991990089416504,22600
2010-06-08,10.210000038146973,10.270000457763672,10.15999984741211,10.239999771118164,4.987119674682617,26300
2010-06-09,10.210000038146973,10.34000015258789,10.210000038146973,10.260000228881836,4.996860027313232,38300
2010-06-10,10.359999656677246,10.479999542236328,10.329999923706055,10.40999984741211,5.0699143409729,23400
2010-06-11,10.260000228881836,10.420000076293945,10.260000228881836,10.420000076293945,5.1116108894348145,17300
2010-06-14,10.449999809265137,10.569999694824219,10.399999618530273,10.510000228881836,5.155762195587158,22500
2010-06-15,10.520000457763672,10.65999984741211,10.520000457763672,10.649999618530273,5.2244391441345215,54000
2010-06-16,10.630000114440918,10.670000076293945,10.380000114440918,10.65999984741211,5.229344367980957,39200
2010-06-17,10.640000343322754,10.770000457763672,10.609999656677246,10.760000228881836,5.278402805328369,49200
2010-06-18,10.75,10.84000015258789,10.720000267028809,10.84000015258789,5.3176469802856445,39700
2010-06-21,10.859999656677246,10.899999618530273,10.65999984741211,10.699999809265137,5.248967170715332,49600
2010-06-22,10.770000457763672,10.770000457763672,10.539999961853027,10.5600004196167,5.180290222167969,35300
2010-06-23,10.569999694824219,10.59000015258789,10.479999542236328,10.479999542236328,5.141043663024902,22500
2010-06-24,10.4399995803833,10.59000015258789,10.4399995803833,10.479999542236328,5.141043663024902,18300
2010-06-25,10.5,10.619999885559082,10.4399995803833,10.619999885559082,5.209723472595215,32800
2010-06-28,10.640000343322754,10.640000343322754,10.479999542236328,10.5,5.150858402252197,50800
2010-06-29,10.470000267028809,10.470000267028809,10.300000190734863,10.369999885559082,5.087082386016846,44000
2010-06-30,10.3100004196167,10.470000267028809,10.3100004196167,10.369999885559082,5.087082386016846,31900
2010-07-01,10.3100004196167,10.390000343322754,10.270000457763672,10.390000343322754,5.096895217895508,30000
2010-07-02,10.289999961853027,10.430000305175781,10.289999961853027,10.390000343322754,5.096895217895508,33900
2010-07-06,10.550000190734863,10.609999656677246,10.449999809265137,10.5,5.150858402252197,36100
2010-07-07,10.579999923706055,10.680000305175781,10.5,10.670000076293945,5.234251022338867,34200
2010-07-08,10.680000305175781,10.739999771118164,10.630000114440918,10.739999771118164,5.268589496612549,49100
2010-07-09,10.789999961853027,10.890000343322754,10.710000038146973,10.890000343322754,5.342174053192139,39200
2010-07-12,10.890000343322754,10.979999542236328,10.890000343322754,10.979999542236328,5.386323928833008,20100
2010-07-13,11.0,11.0600004196167,10.899999618530273,11.050000190734863,5.457943439483643,24000
2010-07-14,11.0600004196167,11.0600004196167,10.90999984741211,10.960000038146973,5.413489818572998,28000
2010-07-15,11.0,11.050000190734863,10.90999984741211,11.050000190734863,5.457943439483643,15600
2010-07-16,10.960000038146973,11.050000190734863,10.850000381469727,10.899999618530273,5.383853435516357,19900
2010-07-19,10.979999542236328,11.0600004196167,10.829999923706055,11.0600004196167,5.4628825187683105,29400
2010-07-20,11.0,11.15999984741211,10.970000267028809,11.140000343322754,5.502396106719971,42400
2010-07-21,11.210000038146973,11.229999542236328,11.050000190734863,11.140000343322754,5.502396106719971,22800
2010-07-22,11.199999809265137,11.279999732971191,11.140000343322754,11.270000457763672,5.5666093826293945,22900
2010-07-23,11.3100004196167,11.34000015258789,11.210000038146973,11.34000015258789,5.601184844970703,25400
2010-07-26,11.350000381469727,11.40999984741211,11.289999961853027,11.399999618530273,5.630820274353027,31700
2010-07-27,11.4399995803833,11.4399995803833,11.319999694824219,11.34000015258789,5.601184844970703,26400
2010-07-28,11.369999885559082,11.390000343322754,11.260000228881836,11.279999732971191,5.5715484619140625,33500
2010-07-29,11.300000190734863,11.34000015258789,11.109999656677246,11.210000038146973,5.5369744300842285,22300
2010-07-30,11.15999984741211,11.229999542236328,11.0600004196167,11.199999809265137,5.5320353507995605,27800
2010-08-02,11.3100004196167,11.399999618530273,11.239999771118164,11.399999618530273,5.630820274353027,39800
2010-08-03,11.4399995803833,11.4399995803833,11.300000190734863,11.350000381469727,5.606122970581055,49800
2010-08-04,11.399999618530273,11.449999809265137,11.319999694824219,11.449999809265137,5.655517578125,36300
2010-08-05,11.449999809265137,11.479999542236328,11.359999656677246,11.479999542236328,5.670333385467529,47400
2010-08-06,11.399999618530273,11.479999542236328,11.359999656677246,11.460000038146973,5.660456657409668,21100
2010-08-09,11.489999771118164,11.520000457763672,11.449999809265137,11.479999542236328,5.670333385467529,18900
2010-08-10,11.5,11.5600004196167,11.430000305175781,11.550000190734863,5.704909801483154,30300
2010-08-11,11.5,11.520000457763672,11.319999694824219,11.350000381469727,5.606122970581055,25000
2010-08-12,11.289999961853027,11.34000015258789,11.15999984741211,11.34000015258789,5.638444900512695,26000
2010-08-13,11.319999694824219,11.420000076293945,11.319999694824219,11.329999923706055,5.633471488952637,23400
2010-08-16,11.350000381469727,11.359999656677246,11.15999984741211,11.319999694824219,5.628499507904053,33100
2010-08-17,11.380000114440918,11.579999923706055,11.350000381469727,11.430000305175781,5.683194160461426,33400
2010-08-18,11.470000267028809,11.470000267028809,11.3100004196167,11.430000305175781,5.683194160461426,21100
2010-08-19,11.430000305175781,11.4399995803833,11.270000457763672,11.300000190734863,5.618551254272461,22200
2010-08-20,11.199999809265137,11.350000381469727,11.199999809265137,11.319999694824219,5.628499507904053,22800
2010-08-23,11.300000190734863,11.399999618530273,11.270000457763672,11.359999656677246,5.648388385772705,25900
2010-08-24,11.279999732971191,11.390000343322754,11.170000076293945,11.359999656677246,5.648388385772705,32500
2010-08-25,11.34000015258789,11.359999656677246,11.220000267028809,11.359999656677246,5.648388385772705,28500
2010-08-26,11.399999618530273,11.489999771118164,11.279999732971191,11.369999885559082,5.6533613204956055,48700
2010-08-27,11.4399995803833,11.449999809265137,11.34000015258789,11.40999984741211,5.6732497215271,28600
2010-08-30,11.380000114440918,11.380000114440918,11.3100004196167,11.369999885559082,5.6533613204956055,23800
2010-08-31,11.300000190734863,11.329999923706055,11.210000038146973,11.229999542236328,5.583749294281006,84700
2010-09-01,11.270000457763672,11.390000343322754,11.25,11.390000343322754,5.663304805755615,31700
2010-09-02,11.380000114440918,11.4399995803833,11.359999656677246,11.399999618530273,5.668275833129883,46100
2010-09-03,11.399999618530273,11.449999809265137,11.34000015258789,11.420000076293945,5.678219795227051,27300
2010-09-07,11.34000015258789,11.470000267028809,11.34000015258789,11.420000076293945,5.678219795227051,31000
2010-09-08,11.399999618530273,11.449999809265137,11.350000381469727,11.359999656677246,5.648388385772705,34900
2010-09-09,11.369999885559082,11.479999542236328,11.369999885559082,11.470000267028809,5.703080654144287,20200
2010-09-10,11.479999542236328,11.539999961853027,11.420000076293945,11.5,5.717999458312988,32300
2010-09-13,11.449999809265137,11.579999923706055,11.369999885559082,11.529999732971191,5.770548343658447,43700
2010-09-14,11.579999923706055,11.649999618530273,11.529999732971191,11.649999618530273,5.830604553222656,31800
2010-09-15,11.65999984741211,11.65999984741211,11.600000381469727,11.640000343322754,5.825602054595947,17200
2010-09-16,11.649999618530273,11.699999809265137,11.59000015258789,11.680000305175781,5.845619201660156,11000
2010-09-17,11.779999732971191,11.779999732971191,11.630000114440918,11.649999618530273,5.830604553222656,18300
2010-09-20,11.720000267028809,11.770000457763672,11.59000015258789,11.670000076293945,5.840614318847656,36700
2010-09-21,11.6899995803833,11.729999542236328,11.630000114440918,11.640000343322754,5.825602054595947,26200
2010-09-22,11.600000381469727,11.760000228881836,11.600000381469727,11.75,5.880655288696289,34900
2010-09-23,11.6899995803833,11.789999961853027,11.640000343322754,11.649999618530273,5.830604553222656,31800
2010-09-24,11.670000076293945,11.800000190734863,11.670000076293945,11.6899995803833,5.850624084472656,28500
2010-09-27,11.760000228881836,11.84000015258789,11.760000228881836,11.84000015258789,5.925697326660156,36100
2010-09-28,11.75,11.850000381469727,11.75,11.850000381469727,5.930702209472656,28200
2010-09-29,11.850000381469727,11.850000381469727,11.789999961853027,11.829999923706055,5.920692443847656,19000
2010-09-30,11.899999618530273,11.899999618530273,11.760000228881836,11.8100004196167,5.9106855392456055,22400
2010-10-01,11.819999694824219,11.890000343322754,11.800000190734863,11.890000343322754,5.950720310211182,22900
2010-10-04,11.890000343322754,11.930000305175781,11.8100004196167,11.850000381469727,5.930702209472656,33100
2010-10-05,11.859999656677246,11.960000038146973,11.829999923706055,11.90999984741211,5.96073055267334,65300
2010-10-06,11.949999809265137,12.020000457763672,11.859999656677246,11.930000305175781,5.9707417488098145,26600
2010-10-07,11.989999771118164,12.010000228881836,11.880000114440918,12.0,6.005774021148682,30700
2010-10-08,12.039999961853027,12.119999885559082,11.949999809265137,11.989999771118164,6.000769138336182,34100
2010-10-11,12.010000228881836,12.199999809265137,12.010000228881836,12.050000190734863,6.030797481536865,46000
2010-10-12,12.109999656677246,12.140000343322754,12.050000190734863,12.079999923706055,6.045812606811523,36100
2010-10-13,12.100000381469727,12.170000076293945,12.050000190734863,12.140000343322754,6.113799095153809,63400
2010-10-14,12.180000305175781,12.180000305175781,12.010000228881836,12.0600004196167,6.073510646820068,40300
2010-10-15,12.130000114440918,12.149999618530273,12.020000457763672,12.130000114440918,6.108762264251709,27100
2010-10-18,12.140000343322754,12.270000457763672,12.109999656677246,12.15999984741211,6.123873233795166,41400
2010-10-19,12.15999984741211,12.180000305175781,12.069999694824219,12.079999923706055,6.083583831787109,18200
2010-10-20,12.140000343322754,12.329999923706055,12.140000343322754,12.319999694824219,6.20444917678833,66000
2010-10-21,12.319999694824219,12.329999923706055,12.170000076293945,12.220000267028809,6.154088973999023,24400
2010-10-22,12.270000457763672,12.329999923706055,12.199999809265137,12.279999732971191,6.184305191040039,28400
2010-10-25,12.279999732971191,12.3100004196167,12.210000038146973,12.270000457763672,6.1792683601379395,13900
2010-10-26,12.300000190734863,12.300000190734863,12.149999618530273,12.170000076293945,6.12890625,36900
2010-10-27,12.170000076293945,12.229999542236328,12.050000190734863,12.220000267028809,6.154088973999023,23100
2010-10-28,12.180000305175781,12.210000038146973,12.149999618530273,12.149999618530273,6.118837356567383,11500
2010-10-29,12.180000305175781,12.229999542236328,12.109999656677246,12.119999885559082,6.103726863861084,34200
2010-11-01,12.180000305175781,12.229999542236328,12.09000015258789,12.140000343322754,6.113799095153809,31900
2010-11-02,12.1899995803833,12.239999771118164,12.15999984741211,12.199999809265137,6.144016265869141,31900
2010-11-03,12.199999809265137,12.300000190734863,12.140000343322754,12.210000038146973,6.14905309677124,26600
2010-11-04,12.289999961853027,12.350000381469727,12.260000228881836,12.270000457763672,6.1792683601379395,35900
2010-11-05,12.329999923706055,12.329999923706055,12.180000305175781,12.229999542236328,6.159124851226807,30800
2010-11-08,12.279999732971191,12.289999961853027,12.199999809265137,12.239999771118164,6.164161682128906,29300
2010-11-09,12.279999732971191,12.359999656677246,12.199999809265137,12.210000038146973,6.14905309677124,24700
2010-11-10,12.180000305175781,12.180000305175781,12.109999656677246,12.119999885559082,6.141450881958008,17900
2010-11-11,12.149999618530273,12.170000076293945,12.010000228881836,12.149999618530273,6.156651496887207,30900
2010-11-12,12.09000015258789,12.149999618530273,12.010000228881836,12.050000190734863,6.105978488922119,18900
2010-11-15,12.100000381469727,12.25,12.020000457763672,12.039999961853027,6.100914478302002,26000
2010-11-16,12.09000015258789,12.09000015258789,11.489999771118164,11.59000015258789,5.872890472412109,86700
2010-11-17,11.670000076293945,11.829999923706055,11.630000114440918,11.630000114440918,5.893158435821533,29400
2010-11-18,11.789999961853027,11.819999694824219,11.640000343322754,11.75,5.9539642333984375,58100
2010-11-19,11.789999961853027,11.8100004196167,11.640000343322754,11.760000228881836,5.959031581878662,41000
2010-11-22,11.75,11.859999656677246,11.699999809265137,11.829999923706055,5.994500637054443,36600
2010-11-23,11.8100004196167,11.8100004196167,11.6899995803833,11.779999732971191,5.96916389465332,33300
2010-11-24,11.819999694824219,11.899999618530273,11.729999542236328,11.819999694824219,5.989436149597168,27600
2010-11-26,11.800000190734863,11.899999618530273,11.760000228881836,11.800000190734863,5.979299068450928,9600
2010-11-29,11.84000015258789,11.869999885559082,11.720000267028809,11.84000015258789,5.999571800231934,29300
2010-11-30,11.739999771118164,11.850000381469727,11.739999771118164,11.84000015258789,5.999571800231934,23300
2010-12-01,11.850000381469727,11.979999542236328,11.850000381469727,11.920000076293945,6.040107727050781,17600
2010-12-02,11.9399995803833,12.050000190734863,11.930000305175781,12.0,6.080645561218262,34700
2010-12-03,12.010000228881836,12.149999618530273,12.0,12.0,6.080645561218262,24200
2010-12-06,12.029999732971191,12.069999694824219,11.920000076293945,12.0,6.080645561218262,35400
2010-12-07,12.100000381469727,12.149999618530273,12.010000228881836,12.050000190734863,6.105978488922119,34700
2010-12-08,12.09000015258789,12.100000381469727,11.869999885559082,11.869999885559082,6.014769554138184,34900
2010-12-09,11.9399995803833,11.979999542236328,11.829999923706055,11.84000015258789,5.999571800231934,44000
2010-12-10,11.899999618530273,11.949999809265137,11.760000228881836,11.819999694824219,5.989436149597168,58300
2010-12-13,11.819999694824219,11.819999694824219,11.600000381469727,11.600000381469727,5.915494441986084,44100
2010-12-14,11.65999984741211,11.739999771118164,11.569999694824219,11.569999694824219,5.900193691253662,37400
2010-12-15,11.510000228881836,11.670000076293945,11.510000228881836,11.520000457763672,5.87469482421875,21800
2010-12-16,11.59000015258789,11.609999656677246,11.430000305175781,11.470000267028809,5.849197864532471,44300
2010-12-17,11.449999809265137,11.5600004196167,11.449999809265137,11.539999961853027,5.884896755218506,33500
2010-12-20,11.510000228881836,11.550000190734863,11.449999809265137,11.449999809265137,5.838998794555664,27200
2010-12-21,11.510000228881836,11.510000228881836,11.300000190734863,11.399999618530273,5.813498020172119,39000
2010-12-22,11.350000381469727,11.529999732971191,11.350000381469727,11.5,5.864494800567627,16100
2010-12-23,11.539999961853027,11.609999656677246,11.5,11.579999923706055,5.90529203414917,33700
2010-12-27,11.600000381469727,11.680000305175781,11.470000267028809,11.5600004196167,5.89509391784668,43500
2010-12-28,11.539999961853027,11.619999885559082,11.520000457763672,11.609999656677246,5.920590877532959,39700
2010-12-29,11.630000114440918,11.640000343322754,11.520000457763672,11.59000015258789,5.910391807556152,51800
2010-12-30,11.59000015258789,11.600000381469727,11.479999542236328,11.59000015258789,5.910391807556152,92600
2010-12-31,11.600000381469727,11.649999618530273,11.550000190734863,11.59000015258789,5.910391807556152,26300
2011-01-03,11.640000343322754,11.729999542236328,11.619999885559082,11.680000305175781,5.9562859535217285,20300
2011-01-04,11.720000267028809,11.789999961853027,11.600000381469727,11.630000114440918,5.930789947509766,41000
2011-01-05,11.600000381469727,11.710000038146973,11.489999771118164,11.670000076293945,5.951189994812012,33200
2011-01-06,11.720000267028809,11.739999771118164,11.550000190734863,11.59000015258789,5.910391807556152,49000
2011-01-07,11.640000343322754,11.75,11.619999885559082,11.710000038146973,5.9715895652771,42600
2011-01-10,11.710000038146973,11.710000038146973,11.619999885559082,11.65999984741211,5.94608736038208,26500
2011-01-11,11.720000267028809,11.779999732971191,11.569999694824219,11.630000114440918,5.930789947509766,37900
2011-01-12,11.699999809265137,11.729999542236328,11.65999984741211,11.670000076293945,5.951189994812012,33300
2011-01-13,11.649999618530273,11.6899995803833,11.59000015258789,11.630000114440918,5.969152927398682,35500
2011-01-14,11.680000305175781,11.680000305175781,11.600000381469727,11.640000343322754,5.97428560256958,24500
2011-01-18,11.720000267028809,11.760000228881836,11.670000076293945,11.739999771118164,6.025609970092773,36400
2011-01-19,11.779999732971191,11.789999961853027,11.640000343322754,11.649999618530273,5.979415416717529,33900
2011-01-20,11.65999984741211,11.75,11.630000114440918,11.6899995803833,5.999948501586914,42300
2011-01-21,11.670000076293945,11.789999961853027,11.670000076293945,11.760000228881836,6.035874366760254,22300
2011-01-24,11.770000457763672,11.850000381469727,11.760000228881836,11.8100004196167,6.061537742614746,26900
2011-01-25,11.850000381469727,11.859999656677246,11.760000228881836,11.829999923706055,6.071801662445068,26600
2011-01-26,11.8100004196167,11.880000114440918,11.800000190734863,11.819999694824219,6.066671371459961,26700
2011-01-27,11.850000381469727,11.920000076293945,11.819999694824219,11.890000343322754,6.102597236633301,24500
2011-01-28,11.859999656677246,11.880000114440918,11.75,11.800000190734863,6.056405544281006,29300
2011-01-31,11.8100004196167,11.850000381469727,11.760000228881836,11.800000190734863,6.056405544281006,22900
2011-02-01,11.84000015258789,11.949999809265137,11.800000190734863,11.9399995803833,6.128260135650635,36200
2011-02-02,11.90999984741211,12.029999732971191,11.90999984741211,11.979999542236328,6.148791313171387,38600
2011-02-03,11.960000038146973,11.979999542236328,11.920000076293945,11.9399995803833,6.128260135650635,18400
2011-02-04,11.970000267028809,11.989999771118164,11.859999656677246,11.930000305175781,6.123126983642578,37800
2011-02-07,11.970000267028809,11.989999771118164,11.930000305175781,11.930000305175781,6.123126983642578,31100
2011-02-08,11.899999618530273,12.029999732971191,11.899999618530273,12.0,6.159058570861816,24700
2011-02-09,12.0,12.050000190734863,11.899999618530273,11.899999618530273,6.107730865478516,39500
2011-02-10,11.899999618530273,11.979999542236328,11.899999618530273,11.970000267028809,6.143660545349121,24700
2011-02-11,11.899999618530273,11.960000038146973,11.869999885559082,11.960000038146973,6.177232265472412,22100
2011-02-14,11.90999984741211,11.9399995803833,11.880000114440918,11.890000343322754,6.141075134277344,36800
2011-02-15,11.84000015258789,11.949999809265137,11.829999923706055,11.850000381469727,6.120416164398193,30600
2011-02-16,11.829999923706055,11.949999809265137,11.800000190734863,11.819999694824219,6.104919910430908,41200
2011-02-17,11.789999961853027,11.890000343322754,11.779999732971191,11.859999656677246,6.125580310821533,33300
2011-02-18,11.829999923706055,11.899999618530273,11.800000190734863,11.829999923706055,6.110086441040039,34600
2011-02-22,11.800000190734863,11.800000190734863,11.630000114440918,11.630000114440918,6.0067901611328125,79400
2011-02-23,11.640000343322754,11.720000267028809,11.600000381469727,11.609999656677246,5.996458053588867,46000
2011-02-24,11.640000343322754,11.680000305175781,11.529999732971191,11.630000114440918,6.0067901611328125,30000
2011-02-25,11.600000381469727,11.720000267028809,11.600000381469727,11.720000267028809,6.0532708168029785,29300
2011-02-28,11.710000038146973,11.789999961853027,11.710000038146973,11.770000457763672,6.07909631729126,52200
2011-03-01,11.819999694824219,11.819999694824219,11.640000343322754,11.640000343322754,6.011951923370361,66200
2011-03-02,11.649999618530273,11.75,11.640000343322754,11.649999618530273,6.017116069793701,30600
2011-03-03,11.680000305175781,11.75,11.680000305175781,11.6899995803833,6.037777423858643,39000
2011-03-04,11.680000305175781,11.739999771118164,11.680000305175781,11.6899995803833,6.037777423858643,26700
2011-03-07,11.6899995803833,11.779999732971191,11.670000076293945,11.699999809265137,6.042943477630615,29700
2011-03-08,11.699999809265137,11.8100004196167,11.6899995803833,11.8100004196167,6.099756717681885,79800
2011-03-09,11.8100004196167,11.869999885559082,11.75,11.829999923706055,6.110086441040039,29100
2011-03-10,11.829999923706055,11.829999923706055,11.680000305175781,11.680000305175781,6.032612323760986,34600
2011-03-11,11.630000114440918,11.670000076293945,11.579999923706055,11.59000015258789,6.024815082550049,65700
2011-03-14,11.569999694824219,11.569999694824219,11.350000381469727,11.430000305175781,5.9416422843933105,47400
2011-03-15,11.25,11.399999618530273,11.220000267028809,11.390000343322754,5.920853614807129,56100
2011-03-16,11.420000076293945,11.420000076293945,11.220000267028809,11.270000457763672,5.858469486236572,30900
2011-03-17,11.380000114440918,11.470000267028809,11.270000457763672,11.359999656677246,5.905254364013672,32400
2011-03-18,11.430000305175781,11.529999732971191,11.34000015258789,11.380000114440918,5.915647506713867,23100
2011-03-21,11.470000267028809,11.550000190734863,11.449999809265137,11.470000267028809,5.962435722351074,21600
2011-03-22,11.520000457763672,11.59000015258789,11.479999542236328,11.479999542236328,5.967633247375488,26700
2011-03-23,11.520000457763672,11.5600004196167,11.489999771118164,11.529999732971191,5.993627071380615,27900
2011-03-24,11.510000228881836,11.640000343322754,11.479999542236328,11.619999885559082,6.040411472320557,26100
2011-03-25,11.640000343322754,11.640000343322754,11.539999961853027,11.619999885559082,6.040411472320557,20700
2011-03-28,11.630000114440918,11.699999809265137,11.630000114440918,11.670000076293945,6.066404819488525,16400
2011-03-29,11.699999809265137,11.869999885559082,11.680000305175781,11.789999961853027,6.128782272338867,21500
2011-03-30,11.859999656677246,11.890000343322754,11.789999961853027,11.880000114440918,6.175565719604492,32900
2011-03-31,11.859999656677246,11.899999618530273,11.8100004196167,11.84000015258789,6.15477180480957,21600
2011-04-01,11.899999618530273,11.949999809265137,11.859999656677246,11.890000343322754,6.180762767791748,17400
2011-04-04,11.880000114440918,11.9399995803833,11.8100004196167,11.869999885559082,6.170365810394287,41600
2011-04-05,11.899999618530273,11.960000038146973,11.869999885559082,11.880000114440918,6.175565719604492,49200
2011-04-06,11.949999809265137,11.989999771118164,11.859999656677246,11.899999618530273,6.185963153839111,27100
2011-04-07,11.880000114440918,11.970000267028809,11.789999961853027,11.899999618530273,6.185963153839111,29000
2011-04-08,11.869999885559082,11.9399995803833,11.850000381469727,11.890000343322754,6.180762767791748,47500
2011-04-11,11.789999961853027,11.829999923706055,11.65999984741211,11.710000038146973,6.1258392333984375,33600
2011-04-12,11.6899995803833,11.720000267028809,11.550000190734863,11.649999618530273,6.094446182250977,37000
2011-04-13,11.729999542236328,11.770000457763672,11.649999618530273,11.739999771118164,6.1415300369262695,31200
2011-04-14,11.65999984741211,11.829999923706055,11.649999618530273,11.829999923706055,6.188608646392822,34200
2011-04-15,11.859999656677246,11.930000305175781,11.819999694824219,11.899999618530273,6.225228309631348,32000
2011-04-18,11.859999656677246,11.890000343322754,11.739999771118164,11.8100004196167,6.17814826965332,18200
2011-04-19,11.84000015258789,11.84000015258789,11.720000267028809,11.829999923706055,6.188608646392822,13400
2011-04-20,11.880000114440918,11.970000267028809,11.850000381469727,11.930000305175781,6.240922451019287,21200
2011-04-21,11.989999771118164,11.989999771118164,11.899999618530273,11.970000267028809,6.261847972869873,31700
2011-04-25,11.949999809265137,11.989999771118164,11.890000343322754,11.9399995803833,6.246157169342041,24800
2011-04-26,11.989999771118164,12.010000228881836,11.960000038146973,12.010000228881836,6.282776355743408,32600
2011-04-27,12.020000457763672,12.050000190734863,11.9399995803833,12.039999961853027,6.298468589782715,20500
2011-04-28,12.050000190734863,12.100000381469727,12.039999961853027,12.09000015258789,6.324622631072998,15200
2011-04-29,12.119999885559082,12.180000305175781,12.069999694824219,12.180000305175781,6.371706485748291,27000
2011-05-02,12.170000076293945,12.1899995803833,12.100000381469727,12.100000381469727,6.329857349395752,18000
2011-05-03,12.130000114440918,12.1899995803833,12.130000114440918,12.180000305175781,6.371706485748291,31800
2011-05-04,12.220000267028809,12.220000267028809,12.0600004196167,12.140000343322754,6.350782871246338,47000
2011-05-05,12.140000343322754,12.140000343322754,11.890000343322754,11.90999984741211,6.230460166931152,46200
2011-05-06,12.020000457763672,12.260000228881836,11.970000267028809,11.979999542236328,6.267078399658203,26500
2011-05-09,12.029999732971191,12.050000190734863,11.979999542236328,12.039999961853027,6.298468589782715,16200
2011-05-10,12.109999656677246,12.239999771118164,12.079999923706055,12.210000038146973,6.3874006271362305,31600
2011-05-11,12.199999809265137,12.229999542236328,12.119999885559082,12.15999984741211,6.361248016357422,28300
2011-05-12,12.100000381469727,12.119999885559082,12.039999961853027,12.109999656677246,6.3744025230407715,25300
2011-05-13,12.149999618530273,12.199999809265137,12.100000381469727,12.140000343322754,6.390198230743408,19800
2011-05-16,12.09000015258789,12.15999984741211,12.010000228881836,12.039999961853027,6.3375563621521,60000
2011-05-17,12.079999923706055,12.100000381469727,11.960000038146973,12.050000190734863,6.342820644378662,55300
2011-05-18,12.079999923706055,12.079999923706055,11.930000305175781,12.0,6.316502094268799,49300
2011-05-19,12.0,12.0600004196167,11.989999771118164,12.020000457763672,6.327028274536133,40600
2011-05-20,11.979999542236328,12.100000381469727,11.930000305175781,12.0600004196167,6.348083972930908,23700
2011-05-23,12.050000190734863,12.050000190734863,11.989999771118164,12.020000457763672,6.327028274536133,18800
2011-05-24,12.050000190734863,12.050000190734863,11.949999809265137,12.010000228881836,6.3217668533325195,34000
2011-05-25,12.010000228881836,12.010000228881836,11.899999618530273,11.9399995803833,6.2849202156066895,18700
2011-05-26,11.989999771118164,11.989999771118164,11.920000076293945,11.970000267028809,6.300712585449219,26200
2011-05-27,12.020000457763672,12.050000190734863,11.960000038146973,11.979999542236328,6.305973529815674,18400
2011-05-31,11.989999771118164,12.050000190734863,11.989999771118164,12.020000457763672,6.327028274536133,34000
2011-06-01,12.039999961853027,12.100000381469727,11.949999809265137,11.970000267028809,6.300712585449219,33500
2011-06-02,11.989999771118164,12.010000228881836,11.930000305175781,11.960000038146973,6.295445442199707,36500
2011-06-03,11.960000038146973,12.039999961853027,11.90999984741211,11.970000267028809,6.300712585449219,35000
2011-06-06,12.0,12.0,11.899999618530273,11.930000305175781,6.279655933380127,25500
2011-06-07,11.90999984741211,11.9399995803833,11.890000343322754,11.920000076293945,6.274393558502197,26000
2011-06-08,11.949999809265137,11.949999809265137,11.899999618530273,11.90999984741211,6.269125938415527,22600
2011-06-09,11.949999809265137,11.949999809265137,11.859999656677246,11.90999984741211,6.269125938415527,39300
2011-06-10,11.90999984741211,11.90999984741211,11.800000190734863,11.84000015258789,6.2322821617126465,23500
2011-06-13,11.800000190734863,11.800000190734863,11.710000038146973,11.720000267028809,6.208442211151123,23800
2011-06-14,11.729999542236328,11.789999961853027,11.649999618530273,11.710000038146973,6.203150272369385,43400
2011-06-15,11.710000038146973,11.710000038146973,11.5,11.5,6.09190559387207,40500
2011-06-16,11.5600004196167,11.640000343322754,11.420000076293945,11.460000038146973,6.070713996887207,36100
2011-06-17,11.470000267028809,11.489999771118164,11.40999984741211,11.449999809265137,6.065418243408203,40100
2011-06-20,11.479999542236328,11.569999694824219,11.220000267028809,11.390000343322754,6.033634185791016,91600
2011-06-21,11.4399995803833,11.529999732971191,11.399999618530273,11.4399995803833,6.060120105743408,32600
2011-06-22,11.489999771118164,11.579999923706055,11.460000038146973,11.489999771118164,6.086605072021484,36700
2011-06-23,11.470000267028809,11.479999542236328,11.380000114440918,11.479999542236328,6.081306457519531,31300
2011-06-24,11.489999771118164,11.539999961853027,11.399999618530273,11.489999771118164,6.086605072021484,18900
2011-06-27,11.539999961853027,11.609999656677246,11.510000228881836,11.609999656677246,6.150173187255859,25500
2011-06-28,11.609999656677246,11.65999984741211,11.600000381469727,11.65999984741211,6.176660060882568,19700
2011-06-29,11.720000267028809,11.739999771118164,11.630000114440918,11.739999771118164,6.219039440155029,32300
2011-06-30,11.710000038146973,11.770000457763672,11.680000305175781,11.760000228881836,6.229635715484619,36800
2011-07-01,11.720000267028809,11.819999694824219,11.710000038146973,11.819999694824219,6.261415958404541,29400
2011-07-05,11.779999732971191,11.84000015258789,11.779999732971191,11.829999923706055,6.2667131423950195,30100
2011-07-06,11.869999885559082,11.960000038146973,11.819999694824219,11.869999885559082,6.287901401519775,63700
2011-07-07,11.979999542236328,11.979999542236328,11.869999885559082,11.930000305175781,6.319688320159912,22000
2011-07-08,11.859999656677246,11.920000076293945,11.789999961853027,11.920000076293945,6.314391613006592,52800
2011-07-11,11.819999694824219,11.819999694824219,11.699999809265137,11.739999771118164,6.258417129516602,36400
2011-07-12,11.739999771118164,11.789999961853027,11.699999809265137,11.789999961853027,6.285069942474365,40100
2011-07-13,11.84000015258789,12.0,11.729999542236328,11.829999923706055,6.306392192840576,39700
2011-07-14,11.859999656677246,11.859999656677246,11.760000228881836,11.779999732971191,6.2797393798828125,16900
2011-07-15,11.84000015258789,11.850000381469727,11.600000381469727,11.6899995803833,6.231761455535889,28100
2011-07-18,11.710000038146973,11.710000038146973,11.479999542236328,11.539999961853027,6.151799201965332,32500
2011-07-19,11.600000381469727,11.630000114440918,11.510000228881836,11.510000228881836,6.135809421539307,43800
2011-07-20,11.5600004196167,11.630000114440918,11.539999961853027,11.609999656677246,6.189114570617676,24900
2011-07-21,11.609999656677246,11.729999542236328,11.609999656677246,11.720000267028809,6.247752666473389,40100
2011-07-22,11.6899995803833,11.770000457763672,11.680000305175781,11.720000267028809,6.247752666473389,37300
2011-07-25,11.699999809265137,11.770000457763672,11.649999618530273,11.75,6.2637505531311035,27600
2011-07-26,11.710000038146973,11.739999771118164,11.640000343322754,11.65999984741211,6.215769290924072,39800
2011-07-27,11.619999885559082,11.699999809265137,11.4399995803833,11.550000190734863,6.157128810882568,58400
2011-07-28,11.520000457763672,11.520000457763672,11.350000381469727,11.350000381469727,6.050512790679932,48200
2011-07-29,11.289999961853027,11.289999961853027,11.109999656677246,11.180000305175781,5.959885597229004,51600
2011-08-01,11.329999923706055,11.600000381469727,11.220000267028809,11.300000190734863,6.023857593536377,48000
2011-08-02,11.329999923706055,11.350000381469727,11.300000190734863,11.300000190734863,6.023857593536377,49400
2011-08-03,11.3100004196167,11.329999923706055,11.180000305175781,11.239999771118164,5.991873264312744,50300
2011-08-04,11.229999542236328,11.260000228881836,10.949999809265137,10.960000038146973,5.8426103591918945,89700
2011-08-05,10.970000267028809,11.020000457763672,10.550000190734863,10.8100004196167,5.7626495361328125,66300
2011-08-08,10.5,10.6899995803833,9.510000228881836,9.539999961853027,5.085628986358643,238400
2011-08-09,9.739999771118164,10.329999923706055,9.579999923706055,10.210000038146973,5.442798614501953,109800
2011-08-10,10.039999961853027,10.260000228881836,10.020000457763672,10.130000114440918,5.400149822235107,55700
2011-08-11,9.880000114440918,10.4399995803833,9.880000114440918,10.40999984741211,5.59080696105957,67900
2011-08-12,10.489999771118164,10.539999961853027,10.399999618530273,10.430000305175781,5.601548671722412,44900
2011-08-15,10.510000228881836,10.800000190734863,10.470000267028809,10.699999809265137,5.746553421020508,58900
2011-08-16,10.65999984741211,10.729999542236328,10.510000228881836,10.699999809265137,5.746553421020508,22800
2011-08-17,10.760000228881836,10.920000076293945,10.760000228881836,10.829999923706055,5.816370487213135,18100
2011-08-18,10.6899995803833,10.6899995803833,10.479999542236328,10.609999656677246,5.698217391967773,55000
2011-08-19,10.470000267028809,10.609999656677246,10.460000038146973,10.479999542236328,5.628398418426514,18500
2011-08-22,10.609999656677246,10.680000305175781,10.399999618530273,10.399999618530273,5.585437774658203,23400
2011-08-23,10.5,10.6899995803833,10.4399995803833,10.6899995803833,5.741183757781982,46000
2011-08-24,10.699999809265137,10.899999618530273,10.6899995803833,10.899999618530273,5.853963375091553,22800
2011-08-25,11.0,11.0,10.760000228881836,10.800000190734863,5.800260066986084,27100
2011-08-26,10.739999771118164,10.8100004196167,10.630000114440918,10.75,5.7734055519104,30000
2011-08-29,10.829999923706055,10.9399995803833,10.789999961853027,10.9399995803833,5.875449180603027,31000
2011-08-30,10.9399995803833,10.979999542236328,10.829999923706055,10.949999809265137,5.880819797515869,25500
2011-08-31,10.979999542236328,11.050000190734863,10.979999542236328,11.029999732971191,5.9237871170043945,28500
2011-09-01,11.09000015258789,11.109999656677246,11.0,11.029999732971191,5.9237871170043945,34700
2011-09-02,10.920000076293945,11.020000457763672,10.850000381469727,10.949999809265137,5.880819797515869,23700
2011-09-06,10.8100004196167,10.8100004196167,10.59000015258789,10.720000267028809,5.757294178009033,25200
2011-09-07,10.800000190734863,10.859999656677246,10.75,10.8100004196167,5.805632591247559,25300
2011-09-08,10.829999923706055,10.960000038146973,10.8100004196167,10.829999923706055,5.816370487213135,19100
2011-09-09,10.869999885559082,10.869999885559082,10.65999984741211,10.760000228881836,5.778777122497559,43200
2011-09-12,10.640000343322754,10.649999618530273,10.529999732971191,10.619999885559082,5.743624210357666,25400
2011-09-13,10.579999923706055,10.630000114440918,10.550000190734863,10.619999885559082,5.743624210357666,21500
2011-09-14,10.600000381469727,10.699999809265137,10.600000381469727,10.699999809265137,5.786886692047119,16100
2011-09-15,10.729999542236328,10.75,10.680000305175781,10.739999771118164,5.808525562286377,27300
2011-09-16,10.760000228881836,10.859999656677246,10.739999771118164,10.8100004196167,5.846383571624756,29800
2011-09-19,10.760000228881836,10.770000457763672,10.619999885559082,10.729999542236328,5.803112983703613,25100
2011-09-20,10.760000228881836,10.829999923706055,10.649999618530273,10.800000190734863,5.8409743309021,34400
2011-09-21,10.859999656677246,10.859999656677246,10.65999984741211,10.65999984741211,5.765256881713867,42500
2011-09-22,10.4399995803833,10.520000457763672,10.3100004196167,10.369999885559082,5.6084184646606445,52400
2011-09-23,10.319999694824219,10.380000114440918,10.279999732971191,10.279999732971191,5.559739112854004,34200
2011-09-26,10.329999923706055,10.390000343322754,10.279999732971191,10.390000343322754,5.61923360824585,19100
2011-09-27,10.470000267028809,10.59000015258789,10.470000267028809,10.520000457763672,5.689542770385742,38400
2011-09-28,10.5,10.569999694824219,10.399999618530273,10.399999618530273,5.6246418952941895,23800
2011-09-29,10.489999771118164,10.510000228881836,10.399999618530273,10.4399995803833,5.646275520324707,39100
2011-09-30,10.390000343322754,10.460000038146973,10.260000228881836,10.260000228881836,5.548925876617432,42200
2011-10-03,10.260000228881836,10.260000228881836,10.0,10.029999732971191,5.424534320831299,46200
2011-10-04,9.979999542236328,9.979999542236328,9.630000114440918,9.899999618530273,5.354227542877197,74500
2011-10-05,9.859999656677246,10.050000190734863,9.859999656677246,10.050000190734863,5.4353485107421875,82400
2011-10-06,10.050000190734863,10.180000305175781,10.029999732971191,10.170000076293945,5.50024938583374,37300
2011-10-07,10.239999771118164,10.239999771118164,10.140000343322754,10.1899995803833,5.5110673904418945,33200
2011-10-10,10.25,10.75,10.149999618530273,10.359999656677246,5.603006839752197,35900
2011-10-11,10.319999694824219,10.319999694824219,10.25,10.25,5.543518543243408,23500
2011-10-12,10.300000190734863,10.40999984741211,10.270000457763672,10.369999885559082,5.6084184646606445,40900
2011-10-13,10.260000228881836,10.350000381469727,10.25,10.350000381469727,5.638379096984863,36200
2011-10-14,10.739999771118164,11.050000190734863,10.420000076293945,10.5600004196167,5.752779960632324,41600
2011-10-17,10.640000343322754,10.720000267028809,10.470000267028809,10.5,5.720093250274658,29800
2011-10-18,10.640000343322754,10.670000076293945,10.449999809265137,10.640000343322754,5.796362400054932,27900
2011-10-19,10.710000038146973,10.710000038146973,10.600000381469727,10.640000343322754,5.796362400054932,18700
2011-10-20,10.609999656677246,10.710000038146973,10.579999923706055,10.699999809265137,5.829044818878174,15500
2011-10-21,10.760000228881836,10.829999923706055,10.75,10.829999923706055,5.899868488311768,17900
2011-10-24,10.8100004196167,10.880000114440918,10.779999732971191,10.84000015258789,5.905317783355713,50800
2011-10-25,10.84000015258789,10.899999618530273,10.710000038146973,10.899999618530273,5.937999725341797,35700
2011-10-26,10.880000114440918,10.899999618530273,10.6899995803833,10.899999618530273,5.937999725341797,41100
2011-10-27,11.050000190734863,11.069999694824219,10.970000267028809,11.069999694824219,6.030613899230957,54000
2011-10-28,11.039999961853027,11.130000114440918,10.970000267028809,11.130000114440918,6.063302040100098,60000
2011-10-31,11.079999923706055,11.100000381469727,10.930000305175781,10.970000267028809,5.976137638092041,48700
2011-11-01,10.739999771118164,10.890000343322754,10.729999542236328,10.890000343322754,5.932554244995117,28800
2011-11-02,10.960000038146973,10.979999542236328,10.859999656677246,10.930000305175781,5.954346179962158,30800
2011-11-03,11.020000457763672,11.020000457763672,10.899999618530273,10.899999618530273,5.937999725341797,34700
2011-11-04,10.90999984741211,10.979999542236328,10.829999923706055,10.979999542236328,5.981583118438721,31900
2011-11-07,11.180000305175781,11.180000305175781,10.979999542236328,11.079999923706055,6.036060810089111,29200
2011-11-08,11.119999885559082,11.119999885559082,10.979999542236328,11.020000457763672,6.00337553024292,25000
2011-11-09,10.960000038146973,11.010000228881836,10.869999885559082,10.930000305175781,5.954346179962158,38600
2011-11-10,11.079999923706055,11.100000381469727,10.930000305175781,11.010000228881836,5.997928142547607,32700
2011-11-11,11.039999961853027,11.180000305175781,11.020000457763672,11.069999694824219,6.030613899230957,21400
2011-11-14,11.039999961853027,11.199999809265137,10.779999732971191,10.890000343322754,5.9730224609375,34800
2011-11-15,10.84000015258789,10.850000381469727,10.739999771118164,10.800000190734863,5.923658847808838,24700
2011-11-16,10.699999809265137,10.869999885559082,10.670000076293945,10.8100004196167,5.929146766662598,18800
2011-11-17,10.8100004196167,10.869999885559082,10.579999923706055,10.619999885559082,5.824932098388672,48300
2011-11-18,10.720000267028809,10.720000267028809,10.529999732971191,10.649999618530273,5.841385841369629,43600
2011-11-21,10.619999885559082,10.619999885559082,10.329999923706055,10.4399995803833,5.726204872131348,48900
2011-11-22,10.479999542236328,10.520000457763672,10.369999885559082,10.4399995803833,5.726204872131348,34000
2011-11-23,10.390000343322754,10.40999984741211,10.149999618530273,10.350000381469727,5.676840782165527,49400
2011-11-25,10.329999923706055,10.359999656677246,10.270000457763672,10.300000190734863,5.649418354034424,4800
2011-11-28,10.40999984741211,10.710000038146973,10.359999656677246,10.369999885559082,5.68781042098999,57000
2011-11-29,10.4399995803833,10.529999732971191,10.350000381469727,10.430000305175781,5.720719337463379,47400
2011-11-30,10.59000015258789,10.760000228881836,10.59000015258789,10.75,5.896234512329102,59300
2011-12-01,10.739999771118164,10.899999618530273,10.739999771118164,10.75,5.896234512329102,32900
2011-12-02,11.140000343322754,11.140000343322754,10.829999923706055,10.899999618530273,5.978504657745361,32700
2011-12-05,11.119999885559082,11.149999618530273,10.90999984741211,11.149999618530273,6.115630149841309,57900
2011-12-06,11.239999771118164,11.25,11.079999923706055,11.239999771118164,6.1649932861328125,74100
2011-12-07,11.1899995803833,11.380000114440918,11.15999984741211,11.369999885559082,6.236299514770508,46000
2011-12-08,11.34000015258789,11.359999656677246,11.130000114440918,11.199999809265137,6.143057346343994,34500
2011-12-09,11.229999542236328,11.260000228881836,11.15999984741211,11.180000305175781,6.132081031799316,21600
2011-12-12,10.949999809265137,11.079999923706055,10.899999618530273,10.949999809265137,6.046494960784912,23900
2011-12-13,11.050000190734863,11.100000381469727,10.90999984741211,10.960000038146973,6.052016258239746,38300
2011-12-14,10.970000267028809,10.989999771118164,10.75,10.770000457763672,5.9471025466918945,32000
2011-12-15,10.84000015258789,10.979999542236328,10.760000228881836,10.859999656677246,5.996795654296875,25500
2011-12-16,11.010000228881836,11.010000228881836,10.8100004196167,10.850000381469727,5.991275787353516,39300
2011-12-19,11.0,11.0,10.869999885559082,10.930000305175781,6.0354509353637695,25000
2011-12-20,11.180000305175781,11.210000038146973,10.979999542236328,11.119999885559082,6.140366554260254,55900
2011-12-21,11.170000076293945,11.210000038146973,11.069999694824219,11.079999923706055,6.118277549743652,45600
2011-12-22,11.0600004196167,11.380000114440918,11.0600004196167,11.359999656677246,6.272892951965332,42800
2011-12-23,11.420000076293945,11.489999771118164,11.25,11.390000343322754,6.289458751678467,20700
2011-12-27,11.350000381469727,11.430000305175781,11.199999809265137,11.319999694824219,6.2508063316345215,50800
2011-12-28,11.359999656677246,11.390000343322754,11.100000381469727,11.100000381469727,6.129322528839111,33400
2011-12-29,11.1899995803833,11.239999771118164,11.140000343322754,11.15999984741211,6.162453651428223,26800
2011-12-30,11.210000038146973,11.25,11.109999656677246,11.149999618530273,6.156932353973389,34500
2012-01-03,11.25,11.390000343322754,11.050000190734863,11.050000190734863,6.101712703704834,53800
2012-01-04,11.109999656677246,11.109999656677246,10.8100004196167,11.0,6.074106693267822,124600
2012-01-05,11.039999961853027,11.130000114440918,11.020000457763672,11.109999656677246,6.13484525680542,69200
2012-01-06,11.149999618530273,11.529999732971191,11.149999618530273,11.270000457763672,6.223198413848877,89200
2012-01-09,11.279999732971191,11.4399995803833,11.239999771118164,11.350000381469727,6.267368316650391,30900
2012-01-10,11.5,11.649999618530273,11.369999885559082,11.600000381469727,6.405417442321777,61900
2012-01-11,11.649999618530273,11.720000267028809,11.5600004196167,11.649999618530273,6.43302583694458,76600
2012-01-12,11.619999885559082,11.729999542236328,11.600000381469727,11.6899995803833,6.455113887786865,47900
2012-01-13,11.710000038146973,11.75,11.539999961853027,11.65999984741211,6.4801249504089355,62800
2012-01-17,12.0600004196167,12.0600004196167,11.699999809265137,11.779999732971191,6.546815395355225,38200
2012-01-18,11.75,11.779999732971191,11.600000381469727,11.609999656677246,6.45233678817749,34500
2012-01-19,11.600000381469727,11.630000114440918,11.4399995803833,11.449999809265137,6.363414287567139,38700
2012-01-20,11.5,11.619999885559082,11.449999809265137,11.539999961853027,6.413434028625488,43400
2012-01-23,11.600000381469727,11.739999771118164,11.600000381469727,11.699999809265137,6.502355575561523,50700
2012-01-24,11.75,11.8100004196167,11.619999885559082,11.779999732971191,6.546815395355225,30000
2012-01-25,11.829999923706055,11.930000305175781,11.6899995803833,11.699999809265137,6.502355575561523,60200
2012-01-26,11.770000457763672,11.770000457763672,11.600000381469727,11.670000076293945,6.485683441162109,37000
2012-01-27,11.710000038146973,11.739999771118164,11.619999885559082,11.65999984741211,6.4801249504089355,33400
2012-01-30,11.640000343322754,11.75,11.539999961853027,11.75,6.5301432609558105,44400
2012-01-31,11.829999923706055,11.859999656677246,11.770000457763672,11.789999961853027,6.55237340927124,38500
2012-02-01,11.859999656677246,12.020000457763672,11.859999656677246,11.970000267028809,6.652409553527832,44000
2012-02-02,12.039999961853027,12.039999961853027,11.869999885559082,11.960000038146973,6.646849155426025,31800
2012-02-03,12.0600004196167,12.0600004196167,11.859999656677246,11.890000343322754,6.607947826385498,51800
2012-02-06,11.930000305175781,11.960000038146973,11.819999694824219,11.850000381469727,6.585718631744385,18500
2012-02-07,11.859999656677246,11.920000076293945,11.859999656677246,11.890000343322754,6.607947826385498,25500
2012-02-08,12.0,12.09000015258789,11.859999656677246,12.0600004196167,6.702426433563232,64700
2012-02-09,12.100000381469727,12.100000381469727,11.890000343322754,11.949999809265137,6.641293048858643,57700
2012-02-10,12.039999961853027,12.199999809265137,11.949999809265137,12.0,6.6690826416015625,42500
2012-02-13,12.100000381469727,12.100000381469727,12.0,12.0,6.711027145385742,29000
2012-02-14,12.100000381469727,12.100000381469727,11.779999732971191,11.779999732971191,6.5879902839660645,28000
2012-02-15,11.90999984741211,11.930000305175781,11.829999923706055,11.84000015258789,6.621544361114502,30500
2012-02-16,11.829999923706055,12.0,11.829999923706055,11.9399995803833,6.677469253540039,25200
2012-02-17,11.930000305175781,12.010000228881836,11.850000381469727,11.890000343322754,6.649507999420166,21700
2012-02-21,11.920000076293945,11.920000076293945,11.710000038146973,11.720000267028809,6.554434299468994,28600
2012-02-22,11.779999732971191,11.890000343322754,11.739999771118164,11.770000457763672,6.582396984100342,29100
2012-02-23,11.829999923706055,11.899999618530273,11.770000457763672,11.789999961853027,6.5935845375061035,27400
2012-02-24,11.869999885559082,11.90999984741211,11.75,11.75,6.57121467590332,29800
2012-02-27,11.779999732971191,11.850000381469727,11.720000267028809,11.75,6.57121467590332,28400
2012-02-28,11.729999542236328,11.8100004196167,11.720000267028809,11.789999961853027,6.5935845375061035,13200
2012-02-29,11.829999923706055,11.829999923706055,11.699999809265137,11.819999694824219,6.6103620529174805,21000
2012-03-01,11.859999656677246,12.100000381469727,11.859999656677246,12.029999732971191,6.7278032302856445,51900
2012-03-02,12.079999923706055,12.079999923706055,11.979999542236328,11.979999542236328,6.699840545654297,13800
2012-03-05,12.039999961853027,12.039999961853027,11.75,11.770000457763672,6.582396984100342,32200
2012-03-06,11.779999732971191,11.869999885559082,11.699999809265137,11.729999542236328,6.56002950668335,23800
2012-03-07,11.789999961853027,11.8100004196167,11.649999618530273,11.6899995803833,6.537657737731934,38100
2012-03-08,11.710000038146973,11.829999923706055,11.649999618530273,11.819999694824219,6.6103620529174805,27000
2012-03-09,11.869999885559082,11.880000114440918,11.8100004196167,11.850000381469727,6.627137660980225,23600
2012-03-12,11.819999694824219,11.899999618530273,11.630000114440918,11.850000381469727,6.669349670410156,24000
2012-03-13,11.90999984741211,11.970000267028809,11.760000228881836,11.789999961853027,6.635579586029053,17900
2012-03-14,11.770000457763672,11.859999656677246,11.710000038146973,11.770000457763672,6.624321460723877,25300
2012-03-15,11.800000190734863,11.84000015258789,11.739999771118164,11.75,6.6130690574646,10000
2012-03-16,11.710000038146973,11.890000343322754,11.699999809265137,11.75,6.6130690574646,31600
2012-03-19,11.800000190734863,12.0,11.649999618530273,11.949999809265137,6.725629806518555,34400
2012-03-20,11.880000114440918,11.90999984741211,11.779999732971191,11.850000381469727,6.669349670410156,26400
2012-03-21,11.899999618530273,11.949999809265137,11.729999542236328,11.949999809265137,6.725629806518555,26400
2012-03-22,11.949999809265137,11.979999542236328,11.890000343322754,11.960000038146973,6.731256484985352,18700
2012-03-23,11.989999771118164,12.079999923706055,11.930000305175781,12.079999923706055,6.798794746398926,13200
2012-03-26,12.100000381469727,12.100000381469727,11.960000038146973,12.050000190734863,6.781912803649902,24600
2012-03-27,12.09000015258789,12.149999618530273,11.970000267028809,12.109999656677246,6.815681457519531,41800
2012-03-28,12.140000343322754,12.149999618530273,12.029999732971191,12.100000381469727,6.8100504875183105,22000
2012-03-29,12.029999732971191,12.029999732971191,11.869999885559082,11.949999809265137,6.725629806518555,27700
2012-03-30,11.970000267028809,12.0600004196167,11.90999984741211,11.960000038146973,6.731256484985352,26700
2012-04-02,11.859999656677246,11.970000267028809,11.789999961853027,11.930000305175781,6.714376926422119,53700
2012-04-03,12.020000457763672,12.020000457763672,11.859999656677246,11.899999618530273,6.697490215301514,21100
2012-04-04,11.800000190734863,11.880000114440918,11.800000190734863,11.800000190734863,6.641210079193115,26500
2012-04-05,11.75,11.819999694824219,11.670000076293945,11.75,6.6130690574646,41500
2012-04-09,11.640000343322754,11.670000076293945,11.529999732971191,11.600000381469727,6.5286478996276855,26000
2012-04-10,11.640000343322754,11.640000343322754,11.510000228881836,11.520000457763672,6.483621120452881,14500
2012-04-11,11.609999656677246,11.609999656677246,11.5,11.5600004196167,6.506134986877441,13000
2012-04-12,11.460000038146973,11.600000381469727,11.420000076293945,11.449999809265137,6.4863057136535645,20800
2012-04-13,11.399999618530273,11.489999771118164,11.399999618530273,11.399999618530273,6.457981586456299,9400
2012-04-16,11.399999618530273,11.550000190734863,11.260000228881836,11.489999771118164,6.508966445922852,35600
2012-04-17,11.470000267028809,11.579999923706055,11.380000114440918,11.579999923706055,6.559952259063721,26200
2012-04-18,11.510000228881836,11.630000114440918,11.510000228881836,11.539999961853027,6.537292003631592,24600
2012-04-19,11.5,11.5600004196167,11.5,11.510000228881836,6.520297527313232,13000
2012-04-20,11.520000457763672,11.569999694824219,11.510000228881836,11.510000228881836,6.520297527313232,15700
2012-04-23,11.479999542236328,11.5600004196167,11.4399995803833,11.550000190734863,6.5429534912109375,21200
2012-04-24,11.579999923706055,11.579999923706055,11.4399995803833,11.569999694824219,6.554285049438477,13900
2012-04-25,11.579999923706055,11.579999923706055,11.529999732971191,11.579999923706055,6.559952259063721,10200
2012-04-26,11.529999732971191,11.65999984741211,11.529999732971191,11.65999984741211,6.605267524719238,14800
2012-04-27,11.619999885559082,11.739999771118164,11.569999694824219,11.729999542236328,6.64492130279541,16600
2012-04-30,11.65999984741211,11.739999771118164,11.600000381469727,11.600000381469727,6.571280479431152,10100
2012-05-01,11.65999984741211,11.739999771118164,11.600000381469727,11.699999809265137,6.627930641174316,27000
2012-05-02,11.6899995803833,11.8100004196167,11.630000114440918,11.800000190734863,6.684577465057373,21800
2012-05-03,11.770000457763672,11.770000457763672,11.630000114440918,11.65999984741211,6.605267524719238,14000
2012-05-04,11.680000305175781,11.680000305175781,11.510000228881836,11.529999732971191,6.531625747680664,15300
2012-05-07,11.510000228881836,11.640000343322754,11.470000267028809,11.520000457763672,6.525960445404053,15900
2012-05-08,11.460000038146973,11.670000076293945,11.460000038146973,11.619999885559082,6.582608222961426,16900
2012-05-09,11.600000381469727,11.670000076293945,11.579999923706055,11.600000381469727,6.571280479431152,12200
2012-05-10,11.609999656677246,11.6899995803833,11.5,11.619999885559082,6.582608222961426,35100
2012-05-11,11.539999961853027,11.649999618530273,11.539999961853027,11.630000114440918,6.631074905395508,15800
2012-05-14,11.609999656677246,11.609999656677246,11.5,11.5,6.556952476501465,11400
2012-05-15,11.5,11.5,11.279999732971191,11.329999923706055,6.460019588470459,30000
2012-05-16,11.300000190734863,11.329999923706055,10.890000343322754,11.069999694824219,6.311776638031006,90400
2012-05-17,11.020000457763672,11.100000381469727,10.8100004196167,10.829999923706055,6.1749396324157715,28400
2012-05-18,10.779999732971191,10.84000015258789,10.75,10.770000457763672,6.140728950500488,23000
2012-05-21,10.720000267028809,10.9399995803833,10.640000343322754,10.859999656677246,6.192043304443359,30500
2012-05-22,10.819999694824219,11.100000381469727,10.819999694824219,10.979999542236328,6.260465621948242,22800
2012-05-23,11.0,11.0,10.829999923706055,10.989999771118164,6.266167163848877,18400
2012-05-24,11.0,11.180000305175781,10.949999809265137,11.130000114440918,6.3459906578063965,25600
2012-05-25,11.109999656677246,11.140000343322754,11.0,11.140000343322754,6.351689338684082,10300
2012-05-29,11.149999618530273,11.3100004196167,11.140000343322754,11.289999961853027,6.437215805053711,18700
2012-05-30,11.180000305175781,11.229999542236328,11.130000114440918,11.199999809265137,6.385900974273682,11000
2012-05-31,11.149999618530273,11.180000305175781,11.100000381469727,11.119999885559082,6.340285778045654,16000
2012-06-01,11.100000381469727,11.100000381469727,10.9399995803833,11.039999961853027,6.294673919677734,33900
2012-06-04,11.0,11.1899995803833,10.899999618530273,11.0,6.271870136260986,23600
2012-06-05,10.949999809265137,11.170000076293945,10.90999984741211,11.010000228881836,6.277568340301514,14800
2012-06-06,11.020000457763672,11.25,11.010000228881836,11.09000015258789,6.323181629180908,13400
2012-06-07,11.079999923706055,11.25,11.079999923706055,11.1899995803833,6.380197048187256,22200
2012-06-08,11.149999618530273,11.300000190734863,11.109999656677246,11.300000190734863,6.4429144859313965,24100
2012-06-11,11.3100004196167,11.350000381469727,11.149999618530273,11.15999984741211,6.405612468719482,20000
2012-06-12,11.130000114440918,11.180000305175781,11.0,11.100000381469727,6.371171474456787,14200
2012-06-13,11.109999656677246,11.109999656677246,10.90999984741211,11.09000015258789,6.365428447723389,20500
2012-06-14,11.100000381469727,11.15999984741211,11.0,11.149999618530273,6.399869441986084,14500
2012-06-15,11.130000114440918,11.199999809265137,11.09000015258789,11.180000305175781,6.417088031768799,14600
2012-06-18,11.109999656677246,11.199999809265137,11.109999656677246,11.199999809265137,6.428568363189697,13600
2012-06-19,11.210000038146973,11.420000076293945,11.210000038146973,11.369999885559082,6.52614688873291,26200
2012-06-20,11.34000015258789,11.390000343322754,11.279999732971191,11.359999656677246,6.520405292510986,14600
2012-06-21,11.420000076293945,11.5,11.34000015258789,11.399999618530273,6.543365001678467,20700
2012-06-22,11.359999656677246,11.5,11.359999656677246,11.4399995803833,6.566324710845947,7100
2012-06-25,11.289999961853027,11.350000381469727,11.149999618530273,11.239999771118164,6.451527118682861,53000
2012-06-26,11.279999732971191,11.279999732971191,11.029999732971191,11.0600004196167,6.348209857940674,40500
2012-06-27,11.069999694824219,11.15999984741211,11.029999732971191,11.079999923706055,6.359690189361572,34500
2012-06-28,11.039999961853027,11.119999885559082,10.960000038146973,11.09000015258789,6.365428447723389,37400
2012-06-29,11.15999984741211,11.25,11.130000114440918,11.239999771118164,6.451527118682861,31200
2012-07-02,11.34000015258789,11.5,11.34000015258789,11.359999656677246,6.520405292510986,70300
2012-07-03,11.359999656677246,11.510000228881836,11.359999656677246,11.449999809265137,6.57206392288208,10200
2012-07-05,11.390000343322754,11.479999542236328,11.390000343322754,11.4399995803833,6.566324710845947,26800
2012-07-06,11.380000114440918,11.460000038146973,11.329999923706055,11.4399995803833,6.566324710845947,31300
2012-07-09,11.479999542236328,11.5,11.380000114440918,11.4399995803833,6.566324710845947,38200
2012-07-10,11.40999984741211,11.539999961853027,11.369999885559082,11.539999961853027,6.623719692230225,30800
2012-07-11,11.479999542236328,11.630000114440918,11.479999542236328,11.539999961853027,6.623719692230225,29200
2012-07-12,11.369999885559082,11.770000457763672,11.279999732971191,11.539999961853027,6.667050361633301,28500
2012-07-13,11.539999961853027,11.59000015258789,11.420000076293945,11.479999542236328,6.632386207580566,15300
2012-07-16,11.430000305175781,11.569999694824219,11.399999618530273,11.539999961853027,6.667050361633301,14500
2012-07-17,11.520000457763672,11.75,11.470000267028809,11.649999618530273,6.730600357055664,32500
2012-07-18,11.609999656677246,11.75,11.550000190734863,11.75,6.788375377655029,36900
2012-07-19,11.710000038146973,11.890000343322754,11.619999885559082,11.869999885559082,6.857702255249023,27200
2012-07-20,11.819999694824219,11.869999885559082,11.75,11.850000381469727,6.8461480140686035,29200
2012-07-23,11.729999542236328,11.829999923706055,11.710000038146973,11.800000190734863,6.817263126373291,16800
2012-07-24,11.729999542236328,11.770000457763672,11.600000381469727,11.65999984741211,6.736380100250244,32000
2012-07-25,11.609999656677246,11.779999732971191,11.59000015258789,11.760000228881836,6.794151782989502,33700
2012-07-26,11.8100004196167,12.0,11.770000457763672,11.880000114440918,6.863478183746338,34600
2012-07-27,11.84000015258789,11.949999809265137,11.800000190734863,11.949999809265137,6.903923034667969,38100
2012-07-30,11.899999618530273,12.079999923706055,11.890000343322754,11.960000038146973,6.90969705581665,35500
2012-07-31,11.90999984741211,12.020000457763672,11.90999984741211,12.020000457763672,6.944362163543701,31900
2012-08-01,12.050000190734863,12.270000457763672,12.020000457763672,12.079999923706055,6.9790263175964355,57000
2012-08-02,12.069999694824219,12.149999618530273,11.890000343322754,11.989999771118164,6.927034854888916,47000
2012-08-03,12.020000457763672,12.079999923706055,11.829999923706055,11.890000343322754,6.869258880615234,30600
2012-08-06,11.84000015258789,12.0,11.770000457763672,11.829999923706055,6.834592819213867,27400
2012-08-07,11.789999961853027,12.15999984741211,11.789999961853027,11.90999984741211,6.8808135986328125,21300
2012-08-08,11.850000381469727,11.949999809265137,11.670000076293945,11.930000305175781,6.892368793487549,28400
2012-08-09,11.869999885559082,12.15999984741211,11.850000381469727,11.989999771118164,6.927034854888916,35700
2012-08-10,11.84000015258789,12.239999771118164,11.84000015258789,12.15999984741211,7.069467067718506,38800
2012-08-13,12.09000015258789,12.149999618530273,11.9399995803833,12.039999961853027,6.999703407287598,14400
2012-08-14,12.039999961853027,12.119999885559082,11.850000381469727,12.010000228881836,6.982264518737793,34700
2012-08-15,12.029999732971191,12.029999732971191,11.760000228881836,11.869999885559082,6.900868892669678,44600
2012-08-16,11.9399995803833,12.15999984741211,11.930000305175781,12.039999961853027,6.999703407287598,65600
2012-08-17,12.020000457763672,12.149999618530273,12.020000457763672,12.119999885559082,7.0462141036987305,15900
2012-08-20,12.119999885559082,12.119999885559082,11.899999618530273,12.050000190734863,7.00551700592041,58400
2012-08-21,11.970000267028809,12.140000343322754,11.970000267028809,12.039999961853027,6.999703407287598,25700
2012-08-22,12.0,12.010000228881836,11.949999809265137,11.989999771118164,6.970636367797852,13800
2012-08-23,12.029999732971191,12.0600004196167,11.869999885559082,11.899999618530273,6.918309211730957,20700
2012-08-24,11.84000015258789,12.0,11.75,11.880000114440918,6.906680583953857,45600
2012-08-27,11.850000381469727,12.0600004196167,11.850000381469727,11.9399995803833,6.941563129425049,21500
2012-08-28,11.869999885559082,12.039999961853027,11.869999885559082,12.039999961853027,6.999703407287598,31300
2012-08-29,11.989999771118164,12.109999656677246,11.989999771118164,12.069999694824219,7.017143249511719,14900
2012-08-30,12.020000457763672,12.050000190734863,11.949999809265137,11.979999542236328,6.964819431304932,9600
2012-08-31,11.920000076293945,11.970000267028809,11.890000343322754,11.920000076293945,6.929936408996582,12100
2012-09-04,11.970000267028809,12.149999618530273,11.90999984741211,12.100000381469727,7.034585475921631,27800
2012-09-05,12.0600004196167,12.260000228881836,12.029999732971191,12.229999542236328,7.110162734985352,21400
2012-09-06,12.199999809265137,12.329999923706055,12.199999809265137,12.260000228881836,7.127607822418213,21400
2012-09-07,12.220000267028809,12.369999885559082,12.140000343322754,12.359999656677246,7.185744285583496,35700
2012-09-10,12.289999961853027,12.350000381469727,12.130000114440918,12.220000267028809,7.1043500900268555,31700
2012-09-11,12.15999984741211,12.25,12.15999984741211,12.170000076293945,7.075282096862793,23200
2012-09-12,12.180000305175781,12.239999771118164,12.109999656677246,12.109999656677246,7.040396690368652,22400
2012-09-13,12.100000381469727,12.430000305175781,12.100000381469727,12.220000267028809,7.1043500900268555,27500
2012-09-14,12.109999656677246,12.1899995803833,12.050000190734863,12.050000190734863,7.0487775802612305,37800
2012-09-17,12.119999885559082,12.170000076293945,12.029999732971191,12.029999732971191,7.037078380584717,18500
2012-09-18,11.979999542236328,12.100000381469727,11.979999542236328,12.039999961853027,7.0429277420043945,24000
2012-09-19,12.0,12.100000381469727,11.960000038146973,12.069999694824219,7.0604777336120605,19700
2012-09-20,12.050000190734863,12.140000343322754,12.039999961853027,12.100000381469727,7.078026294708252,25100
2012-09-21,12.149999618530273,12.199999809265137,12.0600004196167,12.199999809265137,7.136521339416504,23900
2012-09-24,12.170000076293945,12.289999961853027,12.140000343322754,12.289999961853027,7.189173221588135,20500
2012-09-25,12.3100004196167,12.329999923706055,12.149999618530273,12.170000076293945,7.118974208831787,22600
2012-09-26,12.130000114440918,12.390000343322754,12.130000114440918,12.229999542236328,7.1540703773498535,22200
2012-09-27,12.239999771118164,12.270000457763672,12.109999656677246,12.149999618530273,7.107274055480957,24700
2012-09-28,12.069999694824219,12.119999885559082,12.010000228881836,12.0600004196167,7.05462646484375,38400
2012-10-01,12.130000114440918,12.220000267028809,12.079999923706055,12.100000381469727,7.078026294708252,54900
2012-10-02,12.140000343322754,12.15999984741211,11.899999618530273,12.010000228881836,7.025383472442627,42200
2012-10-03,12.010000228881836,12.09000015258789,12.0,12.010000228881836,7.025383472442627,47900
2012-10-04,12.010000228881836,12.1899995803833,12.010000228881836,12.15999984741211,7.113125801086426,24000
2012-10-05,12.130000114440918,12.229999542236328,12.119999885559082,12.229999542236328,7.1540703773498535,37300
2012-10-08,12.220000267028809,12.220000267028809,12.119999885559082,12.1899995803833,7.130673885345459,17300
2012-10-09,12.149999618530273,12.229999542236328,12.130000114440918,12.130000114440918,7.09557580947876,23000
2012-10-10,12.170000076293945,12.199999809265137,12.039999961853027,12.199999809265137,7.136521339416504,30800
2012-10-11,12.09000015258789,12.09000015258789,11.899999618530273,11.960000038146973,7.039405345916748,73200
2012-10-12,12.0,12.010000228881836,11.90999984741211,11.920000076293945,7.015862464904785,15300
2012-10-15,11.920000076293945,12.0600004196167,11.899999618530273,12.050000190734863,7.092379093170166,53200
2012-10-16,12.079999923706055,12.100000381469727,11.979999542236328,12.079999923706055,7.110036849975586,18900
2012-10-17,12.149999618530273,12.15999984741211,12.079999923706055,12.149999618530273,7.151235580444336,31000
2012-10-18,12.109999656677246,12.140000343322754,12.029999732971191,12.039999961853027,7.086493015289307,11600
2012-10-19,12.010000228881836,12.050000190734863,11.949999809265137,12.0,7.062948703765869,21900
2012-10-22,11.9399995803833,12.0,11.9399995803833,12.0,7.062948703765869,15200
2012-10-23,11.970000267028809,12.0,11.899999618530273,11.949999809265137,7.033520221710205,23500
2012-10-24,11.9399995803833,11.960000038146973,11.65999984741211,11.819999694824219,6.957004547119141,75800
2012-10-25,11.779999732971191,11.920000076293945,11.779999732971191,11.880000114440918,6.992321014404297,22800
2012-10-26,11.850000381469727,11.890000343322754,11.770000457763672,11.869999885559082,6.986433506011963,14600
2012-10-31,11.90999984741211,11.9399995803833,11.779999732971191,11.899999618530273,7.004091739654541,25800
2012-11-01,11.949999809265137,11.949999809265137,11.850000381469727,11.869999885559082,6.986433506011963,28400
2012-11-02,11.84000015258789,11.920000076293945,11.800000190734863,11.869999885559082,6.986433506011963,21700
2012-11-05,11.869999885559082,11.869999885559082,11.600000381469727,11.720000267028809,6.89814567565918,61800
2012-11-06,11.640000343322754,11.779999732971191,11.640000343322754,11.75,6.915805816650391,43100
2012-11-07,11.729999542236328,11.75,11.59000015258789,11.680000305175781,6.87460470199585,29000
2012-11-08,11.630000114440918,11.890000343322754,11.420000076293945,11.649999618530273,6.8569464683532715,42000
2012-11-09,11.569999694824219,11.569999694824219,11.420000076293945,11.430000305175781,6.727458477020264,43500
2012-11-12,11.390000343322754,11.460000038146973,11.359999656677246,11.460000038146973,6.745117664337158,33800
2012-11-13,11.3100004196167,11.3100004196167,11.170000076293945,11.239999771118164,6.659210681915283,45200
2012-11-14,11.289999961853027,11.289999961853027,10.859999656677246,10.890000343322754,6.451851844787598,49400
2012-11-15,10.770000457763672,10.770000457763672,10.4399995803833,10.609999656677246,6.285960674285889,130400
2012-11-16,10.380000114440918,10.920000076293945,10.289999961853027,10.920000076293945,6.469627857208252,101700
2012-11-19,11.039999961853027,11.1899995803833,11.029999732971191,11.0600004196167,6.552567005157471,26400
2012-11-20,10.989999771118164,11.140000343322754,10.989999771118164,11.09000015258789,6.570342540740967,34500
2012-11-21,11.149999618530273,11.149999618530273,11.050000190734863,11.130000114440918,6.594043254852295,18700
2012-11-23,11.119999885559082,11.210000038146973,11.119999885559082,11.180000305175781,6.623662948608398,26600
2012-11-26,11.130000114440918,11.350000381469727,11.130000114440918,11.3100004196167,6.700680732727051,48800
2012-11-27,11.279999732971191,11.380000114440918,11.260000228881836,11.369999885559082,6.736233711242676,34800
2012-11-28,11.329999923706055,11.399999618530273,11.25,11.350000381469727,6.7243828773498535,31600
2012-11-29,11.329999923706055,11.4399995803833,11.270000457763672,11.34000015258789,6.71845817565918,43100
2012-11-30,11.3100004196167,11.380000114440918,11.119999885559082,11.380000114440918,6.742153167724609,25900
2012-12-03,11.350000381469727,11.380000114440918,11.289999961853027,11.3100004196167,6.700680732727051,29800
2012-12-04,11.260000228881836,11.399999618530273,11.239999771118164,11.329999923706055,6.712531089782715,44700
2012-12-05,11.329999923706055,11.420000076293945,11.329999923706055,11.420000076293945,6.7658562660217285,41100
2012-12-06,11.359999656677246,11.390000343322754,11.329999923706055,11.369999885559082,6.736233711242676,19000
2012-12-07,11.3100004196167,11.3100004196167,11.199999809265137,11.3100004196167,6.700680732727051,70000
2012-12-10,11.229999542236328,11.289999961853027,11.210000038146973,11.279999732971191,6.682912349700928,28800
2012-12-11,11.229999542236328,11.350000381469727,11.229999542236328,11.289999961853027,6.688833236694336,26000
2012-12-12,11.25,11.350000381469727,11.25,11.319999694824219,6.706610679626465,21300
2012-12-13,11.199999809265137,11.279999732971191,11.170000076293945,11.25,6.709589004516602,42800
2012-12-14,11.170000076293945,11.239999771118164,11.170000076293945,11.1899995803833,6.67380428314209,50900
2012-12-17,11.1899995803833,11.210000038146973,11.119999885559082,11.199999809265137,6.679769992828369,47900
2012-12-18,11.119999885559082,11.3100004196167,11.119999885559082,11.279999732971191,6.727480888366699,53200
2012-12-19,11.239999771118164,11.300000190734863,11.170000076293945,11.229999542236328,6.697664737701416,34900
2012-12-20,11.270000457763672,11.369999885559082,11.15999984741211,11.369999885559082,6.781160354614258,23100
2012-12-21,11.239999771118164,11.270000457763672,11.149999618530273,11.239999771118164,6.7036237716674805,41800
2012-12-24,11.210000038146973,11.229999542236328,11.119999885559082,11.149999618530273,6.64995002746582,41000
2012-12-26,11.119999885559082,11.1899995803833,11.100000381469727,11.149999618530273,6.64995002746582,20900
2012-12-27,11.100000381469727,11.1899995803833,11.020000457763672,11.0600004196167,6.596271514892578,43200
2012-12-28,10.989999771118164,11.09000015258789,10.989999771118164,11.039999961853027,6.584342956542969,22700
2012-12-31,11.020000457763672,11.229999542236328,10.970000267028809,11.180000305175781,6.6678361892700195,45600
2013-01-02,11.239999771118164,11.40999984741211,11.220000267028809,11.229999542236328,6.697664737701416,110700
2013-01-03,11.239999771118164,11.850000381469727,11.199999809265137,11.390000343322754,6.79308557510376,120100
2013-01-04,11.350000381469727,11.4399995803833,11.289999961853027,11.40999984741211,6.8050127029418945,66300
2013-01-07,11.34000015258789,11.5,11.34000015258789,11.449999809265137,6.828872203826904,41400
2013-01-08,11.380000114440918,11.529999732971191,11.380000114440918,11.520000457763672,6.870622158050537,39800
2013-01-09,11.460000038146973,11.529999732971191,11.460000038146973,11.529999732971191,6.876584053039551,35700
2013-01-10,11.489999771118164,11.550000190734863,11.489999771118164,11.550000190734863,6.888513088226318,36100
2013-01-11,11.420000076293945,11.520000457763672,11.399999618530273,11.510000228881836,6.9095234870910645,24800
2013-01-14,11.449999809265137,11.510000228881836,11.449999809265137,11.479999542236328,6.891511917114258,31500
2013-01-15,11.40999984741211,11.510000228881836,11.390000343322754,11.489999771118164,6.897519588470459,31400
2013-01-16,11.4399995803833,11.520000457763672,11.399999618530273,11.520000457763672,6.915527820587158,33400
2013-01-17,11.479999542236328,11.609999656677246,11.479999542236328,11.5600004196167,6.939540863037109,28100
2013-01-18,11.520000457763672,11.6899995803833,11.520000457763672,11.65999984741211,6.999568939208984,32500
2013-01-22,11.649999618530273,11.739999771118164,11.609999656677246,11.729999542236328,7.041588306427002,49000
2013-01-23,11.699999809265137,11.800000190734863,11.680000305175781,11.800000190734863,7.083613872528076,35100
2013-01-24,11.75,11.899999618530273,11.75,11.8100004196167,7.0896172523498535,44800
2013-01-25,11.800000190734863,11.859999656677246,11.770000457763672,11.859999656677246,7.11962890625,37100
2013-01-28,11.829999923706055,11.84000015258789,11.770000457763672,11.819999694824219,7.0956196784973145,29200
2013-01-29,11.8100004196167,11.869999885559082,11.8100004196167,11.869999885559082,7.125634670257568,23000
2013-01-30,11.869999885559082,11.899999618530273,11.789999961853027,11.789999961853027,7.077608585357666,36100
2013-01-31,11.75,11.850000381469727,11.75,11.8100004196167,7.0896172523498535,16400
2013-02-01,11.880000114440918,11.890000343322754,11.8100004196167,11.819999694824219,7.0956196784973145,32500
2013-02-04,11.789999961853027,11.800000190734863,11.630000114440918,11.680000305175781,7.011575698852539,45500
2013-02-05,11.640000343322754,11.770000457763672,11.640000343322754,11.770000457763672,7.065600395202637,40500
2013-02-06,11.699999809265137,11.779999732971191,11.699999809265137,11.779999732971191,7.0716047286987305,26600
2013-02-07,11.770000457763672,11.779999732971191,11.710000038146973,11.779999732971191,7.0716047286987305,13900
2013-02-08,11.75,11.869999885559082,11.75,11.779999732971191,7.0716047286987305,39000
2013-02-11,11.6899995803833,11.75,11.649999618530273,11.680000305175781,7.056502342224121,30300
2013-02-12,11.670000076293945,11.779999732971191,11.65999984741211,11.760000228881836,7.104834079742432,24000
2013-02-13,11.760000228881836,11.8100004196167,11.65999984741211,11.75,7.098794460296631,51000
2013-02-14,11.680000305175781,11.75,11.65999984741211,11.739999771118164,7.092751502990723,18000
2013-02-15,11.75,11.800000190734863,11.720000267028809,11.770000457763672,7.110876083374023,13700
2013-02-19,11.739999771118164,11.829999923706055,11.699999809265137,11.75,7.098794460296631,62500
2013-02-20,11.729999542236328,11.760000228881836,11.630000114440918,11.649999618530273,7.038377285003662,31000
2013-02-21,11.640000343322754,11.670000076293945,11.550000190734863,11.5600004196167,6.984004974365234,12500
2013-02-22,11.5600004196167,11.670000076293945,11.550000190734863,11.65999984741211,7.044417381286621,12100
2013-02-25,11.720000267028809,11.720000267028809,11.529999732971191,11.529999732971191,6.96588134765625,38700
2013-02-26,11.569999694824219,11.680000305175781,11.539999961853027,11.640000343322754,7.032336235046387,17400
2013-02-27,11.630000114440918,11.680000305175781,11.600000381469727,11.630000114440918,7.026295185089111,28200
2013-02-28,11.630000114440918,11.699999809265137,11.630000114440918,11.6899995803833,7.0625410079956055,16000
2013-03-01,11.710000038146973,11.720000267028809,11.619999885559082,11.720000267028809,7.080667495727539,21800
2013-03-04,11.710000038146973,11.819999694824219,11.680000305175781,11.819999694824219,7.141080379486084,25900
2013-03-05,11.819999694824219,11.850000381469727,11.760000228881836,11.84000015258789,7.1531662940979,30800
2013-03-06,11.850000381469727,11.850000381469727,11.770000457763672,11.800000190734863,7.129002094268799,16900
2013-03-07,11.779999732971191,11.880000114440918,11.779999732971191,11.880000114440918,7.177332401275635,22700
2013-03-08,11.930000305175781,11.930000305175781,11.779999732971191,11.869999885559082,7.171292304992676,37500
2013-03-11,11.789999961853027,11.90999984741211,11.789999961853027,11.899999618530273,7.189417839050293,17600
2013-03-12,11.8100004196167,11.90999984741211,11.760000228881836,11.819999694824219,7.186373233795166,27200
2013-03-13,11.789999961853027,11.829999923706055,11.760000228881836,11.770000457763672,7.15597677230835,18000
2013-03-14,11.779999732971191,11.850000381469727,11.670000076293945,11.670000076293945,7.095177173614502,53000
2013-03-15,11.710000038146973,11.729999542236328,11.609999656677246,11.649999618530273,7.0830183029174805,25600
2013-03-18,11.600000381469727,11.770000457763672,11.569999694824219,11.649999618530273,7.0830183029174805,18900
2013-03-19,11.649999618530273,11.720000267028809,11.529999732971191,11.600000381469727,7.052621841430664,28500
2013-03-20,11.600000381469727,11.779999732971191,11.600000381469727,11.710000038146973,7.119500160217285,33900
2013-03-21,11.630000114440918,11.760000228881836,11.630000114440918,11.75,7.14381742477417,22600
2013-03-22,11.6899995803833,11.8100004196167,11.6899995803833,11.800000190734863,7.17421817779541,22000
2013-03-25,11.850000381469727,11.850000381469727,11.710000038146973,11.800000190734863,7.17421817779541,44500
2013-03-26,11.800000190734863,11.859999656677246,11.760000228881836,11.859999656677246,7.210690975189209,24500
2013-03-27,11.770000457763672,11.880000114440918,11.720000267028809,11.869999885559082,7.216776371002197,32300
2013-03-28,11.899999618530273,11.899999618530273,11.770000457763672,11.84000015258789,7.198535919189453,64000
2013-04-01,11.989999771118164,11.989999771118164,11.6899995803833,11.75,7.14381742477417,91400
2013-04-02,11.75,11.8100004196167,11.720000267028809,11.75,7.14381742477417,87900
2013-04-03,11.729999542236328,11.789999961853027,11.699999809265137,11.75,7.14381742477417,48200
2013-04-04,11.800000190734863,11.850000381469727,11.75,11.8100004196167,7.180296897888184,35100
2013-04-05,11.75,11.850000381469727,11.75,11.850000381469727,7.204615116119385,30400
2013-04-08,11.90999984741211,11.90999984741211,11.779999732971191,11.789999961853027,7.168135643005371,28300
2013-04-09,11.899999618530273,11.970000267028809,11.8100004196167,11.9399995803833,7.25933837890625,57000
2013-04-10,11.9399995803833,12.0,11.930000305175781,11.989999771118164,7.289733409881592,18600
2013-04-11,12.050000190734863,12.050000190734863,11.960000038146973,12.0,7.295813083648682,23500
2013-04-12,11.789999961853027,11.989999771118164,11.789999961853027,11.930000305175781,7.2988739013671875,53400
2013-04-15,11.800000190734863,11.890000343322754,11.720000267028809,11.720000267028809,7.170392036437988,32500
2013-04-16,11.729999542236328,11.869999885559082,11.729999542236328,11.819999694824219,7.23157262802124,27700
2013-04-17,11.800000190734863,11.800000190734863,11.710000038146973,11.729999542236328,7.176513195037842,39500
2013-04-18,11.8100004196167,11.859999656677246,11.770000457763672,11.84000015258789,7.243808746337891,43500
2013-04-19,11.899999618530273,12.010000228881836,11.8100004196167,12.010000228881836,7.3478193283081055,54300
2013-04-22,12.010000228881836,12.029999732971191,11.949999809265137,12.010000228881836,7.3478193283081055,25700
2013-04-23,12.039999961853027,12.09000015258789,12.0,12.039999961853027,7.366171360015869,67000
2013-04-24,12.010000228881836,12.149999618530273,12.010000228881836,12.100000381469727,7.4028801918029785,47300
2013-04-25,12.100000381469727,12.180000305175781,12.069999694824219,12.119999885559082,7.415114879608154,56800
2013-04-26,12.170000076293945,12.260000228881836,12.039999961853027,12.039999961853027,7.366171360015869,80800
2013-04-29,12.109999656677246,12.25,12.109999656677246,12.210000038146973,7.470180034637451,24400
2013-04-30,12.1899995803833,12.260000228881836,12.149999618530273,12.239999771118164,7.488533020019531,31200
2013-05-01,12.260000228881836,12.289999961853027,12.130000114440918,12.130000114440918,7.421229839324951,72000
2013-05-02,12.170000076293945,12.300000190734863,12.140000343322754,12.270000457763672,7.5068864822387695,94600
2013-05-03,12.350000381469727,12.399999618530273,12.270000457763672,12.319999694824219,7.537477970123291,69200
2013-05-06,12.3100004196167,12.350000381469727,12.199999809265137,12.300000190734863,7.525238037109375,62600
2013-05-07,12.300000190734863,12.5,12.300000190734863,12.489999771118164,7.641480445861816,52700
2013-05-08,12.479999542236328,12.479999542236328,12.420000076293945,12.449999809265137,7.617012977600098,38000
2013-05-09,12.4399995803833,12.4399995803833,12.300000190734863,12.319999694824219,7.537477970123291,44000
2013-05-10,12.34000015258789,12.430000305175781,12.3100004196167,12.430000305175781,7.6047749519348145,20200
2013-05-13,12.350000381469727,12.350000381469727,12.279999732971191,12.300000190734863,7.570920467376709,26000
2013-05-14,12.350000381469727,12.449999809265137,12.279999732971191,12.40999984741211,7.63862943649292,58800
2013-05-15,12.369999885559082,12.479999542236328,12.260000228881836,12.479999542236328,7.6817145347595215,51200
2013-05-16,12.489999771118164,12.5,12.369999885559082,12.479999542236328,7.6817145347595215,49100
2013-05-17,12.479999542236328,12.520000457763672,12.350000381469727,12.5,7.694024562835693,42500
2013-05-20,12.520000457763672,12.550000190734863,12.420000076293945,12.539999961853027,7.7186479568481445,51900
2013-05-21,12.479999542236328,12.5600004196167,12.420000076293945,12.539999961853027,7.7186479568481445,30200
2013-05-22,12.5600004196167,12.600000381469727,12.4399995803833,12.5600004196167,7.730957984924316,71700
2013-05-23,12.529999732971191,12.579999923706055,12.350000381469727,12.579999923706055,7.743266582489014,49900
2013-05-24,12.4399995803833,12.520000457763672,12.430000305175781,12.460000038146973,7.669404983520508,65400
2013-05-28,12.600000381469727,12.600000381469727,12.470000267028809,12.529999732971191,7.712491512298584,55900
2013-05-29,12.510000228881836,12.510000228881836,11.930000305175781,12.109999656677246,7.453972816467285,125000
2013-05-30,12.180000305175781,12.180000305175781,12.0,12.079999923706055,7.435507297515869,82400
2013-05-31,12.079999923706055,12.210000038146973,12.010000228881836,12.210000038146973,7.515526294708252,51000
2013-06-03,12.119999885559082,12.260000228881836,12.0,12.09000015258789,7.44166374206543,56000
2013-06-04,12.079999923706055,12.319999694824219,12.039999961853027,12.289999961853027,7.564769268035889,47600
2013-06-05,12.270000457763672,12.390000343322754,12.1899995803833,12.390000343322754,7.626321792602539,28900
2013-06-06,12.34000015258789,12.399999618530273,12.1899995803833,12.239999771118164,7.53399133682251,26200
2013-06-07,12.34000015258789,12.460000038146973,12.25,12.329999923706055,7.589390277862549,31600
2013-06-10,12.300000190734863,12.40999984741211,12.199999809265137,12.369999885559082,7.614009857177734,39000
2013-06-11,12.260000228881836,12.289999961853027,11.989999771118164,11.989999771118164,7.380109786987305,28300
2013-06-12,12.079999923706055,12.100000381469727,11.680000305175781,11.680000305175781,7.189298629760742,69400
2013-06-13,11.569999694824219,11.970000267028809,11.34000015258789,11.770000457763672,7.2915167808532715,99900
2013-06-14,11.770000457763672,12.039999961853027,11.770000457763672,11.9399995803833,7.39683198928833,21300
2013-06-17,11.960000038146973,12.170000076293945,11.699999809265137,11.789999961853027,7.303905963897705,56200
2013-06-18,11.760000228881836,11.789999961853027,11.699999809265137,11.699999809265137,7.248154640197754,29900
2013-06-19,11.680000305175781,11.770000457763672,11.649999618530273,11.649999618530273,7.217177391052246,40600
2013-06-20,11.569999694824219,11.640000343322754,11.199999809265137,11.25,6.9693756103515625,69000
2013-06-21,11.260000228881836,11.350000381469727,11.109999656677246,11.329999923706055,7.018934726715088,57000
2013-06-24,11.279999732971191,11.289999961853027,10.899999618530273,11.029999732971191,6.8330864906311035,72600
2013-06-25,11.0600004196167,11.390000343322754,11.0600004196167,11.350000381469727,7.031327724456787,28500
2013-06-26,11.399999618530273,11.729999542236328,11.390000343322754,11.729999542236328,7.26673698425293,30000
2013-06-27,11.75,11.90999984741211,11.6899995803833,11.710000038146973,7.254347324371338,31100
2013-06-28,11.630000114440918,11.869999885559082,11.579999923706055,11.829999923706055,7.328681468963623,23700
2013-07-01,11.899999618530273,12.09000015258789,11.899999618530273,12.029999732971191,7.452587604522705,24800
2013-07-02,12.020000457763672,12.369999885559082,12.0,12.239999771118164,7.582681655883789,40700
2013-07-03,12.199999809265137,12.229999542236328,12.0,12.180000305175781,7.545511722564697,14800
2013-07-05,12.239999771118164,12.239999771118164,11.979999542236328,12.069999694824219,7.477367401123047,29500
2013-07-08,12.079999923706055,12.100000381469727,11.949999809265137,11.949999809265137,7.403027534484863,10800
2013-07-09,12.029999732971191,12.050000190734863,11.9399995803833,11.949999809265137,7.403027534484863,27000
2013-07-10,11.90999984741211,11.979999542236328,11.859999656677246,11.9399995803833,7.39683198928833,28700
2013-07-11,11.970000267028809,12.149999618530273,11.920000076293945,12.050000190734863,7.512162685394287,30600
2013-07-12,12.09000015258789,12.260000228881836,11.960000038146973,11.979999542236328,7.468525409698486,9600
2013-07-15,12.050000190734863,12.130000114440918,12.050000190734863,12.100000381469727,7.543333053588867,22000
2013-07-16,12.140000343322754,12.149999618530273,12.050000190734863,12.069999694824219,7.524631023406982,15000
2013-07-17,12.079999923706055,12.140000343322754,12.0,12.010000228881836,7.48723030090332,20600
2013-07-18,12.0600004196167,12.130000114440918,12.0,12.010000228881836,7.48723030090332,40900
2013-07-19,12.029999732971191,12.100000381469727,11.949999809265137,11.960000038146973,7.456055641174316,21200
2013-07-22,11.90999984741211,12.010000228881836,11.869999885559082,11.970000267028809,7.462291717529297,39600
2013-07-23,11.930000305175781,12.0600004196167,11.899999618530273,12.039999961853027,7.5059285163879395,10500
2013-07-24,12.079999923706055,12.130000114440918,11.979999542236328,12.100000381469727,7.543333053588867,67200
2013-07-25,12.100000381469727,12.25,11.949999809265137,12.229999542236328,7.624375343322754,30300
2013-07-26,12.140000343322754,12.239999771118164,12.069999694824219,12.220000267028809,7.618143081665039,29200
2013-07-29,12.25,12.350000381469727,11.850000381469727,12.069999694824219,7.524631023406982,26000
2013-07-30,12.039999961853027,12.229999542236328,12.039999961853027,12.229999542236328,7.624375343322754,60600
2013-07-31,12.180000305175781,12.329999923706055,12.149999618530273,12.25,7.636848449707031,23200
2013-08-01,12.34000015258789,12.34000015258789,12.100000381469727,12.279999732971191,7.655549049377441,28400
2013-08-02,12.229999542236328,12.359999656677246,12.199999809265137,12.220000267028809,7.618143081665039,16500
2013-08-05,12.260000228881836,12.420000076293945,12.1899995803833,12.319999694824219,7.680485725402832,17100
2013-08-06,12.239999771118164,12.40999984741211,12.239999771118164,12.399999618530273,7.7303571701049805,34000
2013-08-07,12.399999618530273,12.5,12.350000381469727,12.470000267028809,7.77400016784668,18500
2013-08-08,12.449999809265137,12.600000381469727,12.350000381469727,12.40999984741211,7.7365922927856445,45100
2013-08-09,12.449999809265137,12.550000190734863,12.369999885559082,12.449999809265137,7.761528968811035,31700
2013-08-12,12.300000190734863,12.539999961853027,12.279999732971191,12.449999809265137,7.808568477630615,18800
2013-08-13,12.489999771118164,12.539999961853027,12.380000114440918,12.40999984741211,7.78348445892334,24900
2013-08-14,12.470000267028809,12.859999656677246,12.289999961853027,12.289999961853027,7.708219528198242,35300
2013-08-15,12.140000343322754,12.25,11.779999732971191,11.829999923706055,7.419704914093018,51900
2013-08-16,11.819999694824219,11.989999771118164,11.670000076293945,11.84000015258789,7.425981044769287,47200
2013-08-19,11.75,11.899999618530273,11.539999961853027,11.699999809265137,7.338177680969238,39300
2013-08-20,11.640000343322754,11.779999732971191,11.640000343322754,11.699999809265137,7.338177680969238,24800
2013-08-21,11.739999771118164,11.75,11.600000381469727,11.640000343322754,7.300542831420898,14600
2013-08-22,11.609999656677246,11.729999542236328,11.609999656677246,11.720000267028809,7.350717544555664,13400
2013-08-23,11.720000267028809,11.90999984741211,11.680000305175781,11.899999618530273,7.463613510131836,16800
2013-08-26,11.890000343322754,11.970000267028809,11.890000343322754,11.930000305175781,7.4824299812316895,14200
2013-08-27,11.880000114440918,12.020000457763672,11.880000114440918,12.0,7.526330947875977,17700
2013-08-28,12.050000190734863,12.050000190734863,11.880000114440918,11.970000267028809,7.5075178146362305,32600
2013-08-29,11.989999771118164,11.989999771118164,11.850000381469727,11.949999809265137,7.494974136352539,16300
2013-08-30,11.90999984741211,12.039999961853027,11.869999885559082,12.039999961853027,7.551419258117676,12600
2013-09-03,12.079999923706055,12.180000305175781,11.989999771118164,12.020000457763672,7.538873672485352,12700
2013-09-04,11.960000038146973,12.050000190734863,11.960000038146973,12.050000190734863,7.5576910972595215,17200
2013-09-05,11.979999542236328,12.050000190734863,11.869999885559082,11.930000305175781,7.4824299812316895,21900
2013-09-06,11.899999618530273,11.949999809265137,11.729999542236328,11.859999656677246,7.4385223388671875,40800
2013-09-09,11.819999694824219,11.949999809265137,11.779999732971191,11.84000015258789,7.425981044769287,13200
2013-09-10,11.859999656677246,11.949999809265137,11.779999732971191,11.880000114440918,7.451067924499512,16800
2013-09-11,11.84000015258789,11.949999809265137,11.84000015258789,11.880000114440918,7.451067924499512,19300
2013-09-12,11.819999694824219,12.0,11.819999694824219,11.989999771118164,7.520058631896973,41200
2013-09-13,11.90999984741211,12.100000381469727,11.8100004196167,12.100000381469727,7.636821746826172,39600
2013-09-16,12.079999923706055,12.130000114440918,11.960000038146973,12.0,7.573709011077881,82600
2013-09-17,11.960000038146973,11.960000038146973,11.8100004196167,11.84000015258789,7.472724914550781,21100
2013-09-18,11.779999732971191,12.100000381469727,11.770000457763672,12.100000381469727,7.636821746826172,48900
2013-09-19,12.100000381469727,12.130000114440918,12.050000190734863,12.100000381469727,7.636821746826172,22200
2013-09-20,12.039999961853027,12.239999771118164,12.039999961853027,12.109999656677246,7.643130302429199,32800
2013-09-23,12.100000381469727,12.15999984741211,12.0600004196167,12.15999984741211,7.6746931076049805,16800
2013-09-24,12.180000305175781,12.229999542236328,12.09000015258789,12.199999809265137,7.699935436248779,19400
2013-09-25,12.119999885559082,12.25,12.119999885559082,12.199999809265137,7.699935436248779,17400
2013-09-26,12.210000038146973,12.239999771118164,12.119999885559082,12.220000267028809,7.712558269500732,23500
2013-09-27,12.199999809265137,12.229999542236328,12.149999618530273,12.15999984741211,7.6746931076049805,13600
2013-09-30,12.039999961853027,12.050000190734863,11.90999984741211,11.960000038146973,7.548460483551025,27900
2013-10-01,12.029999732971191,12.149999618530273,11.989999771118164,12.149999618530273,7.668376445770264,23500
2013-10-02,12.079999923706055,12.180000305175781,11.960000038146973,12.180000305175781,7.687314033508301,23700
2013-10-03,12.100000381469727,12.100000381469727,11.9399995803833,12.029999732971191,7.5926432609558105,22900
2013-10-04,11.9399995803833,12.069999694824219,11.90999984741211,11.9399995803833,7.535841464996338,13700
2013-10-07,11.90999984741211,11.920000076293945,11.789999961853027,11.850000381469727,7.479035377502441,28900
2013-10-08,11.779999732971191,11.899999618530273,11.75,11.8100004196167,7.453791618347168,27300
2013-10-09,11.8100004196167,11.84000015258789,11.75,11.8100004196167,7.453791618347168,16900
2013-10-10,11.8100004196167,11.899999618530273,11.670000076293945,11.850000381469727,7.5268330574035645,25000
2013-10-11,11.770000457763672,11.90999984741211,11.770000457763672,11.899999618530273,7.558597564697266,17400
2013-10-14,11.779999732971191,11.859999656677246,11.729999542236328,11.779999732971191,7.482369422912598,18400
2013-10-15,11.779999732971191,11.800000190734863,11.640000343322754,11.640000343322754,7.393450736999512,25200
2013-10-16,11.640000343322754,11.779999732971191,11.640000343322754,11.760000228881836,7.469666957855225,32200
2013-10-17,11.789999961853027,11.9399995803833,11.729999542236328,11.9399995803833,7.584000110626221,26100
2013-10-18,11.960000038146973,11.960000038146973,11.859999656677246,11.949999809265137,7.590355396270752,13000
2013-10-21,12.020000457763672,12.079999923706055,11.9399995803833,12.0600004196167,7.660221576690674,21400
2013-10-22,12.15999984741211,12.199999809265137,12.069999694824219,12.199999809265137,7.749147891998291,24300
2013-10-23,12.069999694824219,12.09000015258789,12.010000228881836,12.029999732971191,7.641166687011719,69600
2013-10-24,11.979999542236328,12.119999885559082,11.979999542236328,12.039999961853027,7.64751672744751,65500
2013-10-25,12.09000015258789,12.260000228881836,12.09000015258789,12.260000228881836,7.787262439727783,29700
2013-10-28,12.1899995803833,12.3100004196167,12.1899995803833,12.229999542236328,7.768200397491455,13200
2013-10-29,12.199999809265137,12.270000457763672,12.199999809265137,12.229999542236328,7.768200397491455,17900
2013-10-30,12.270000457763672,12.270000457763672,12.170000076293945,12.210000038146973,7.755497932434082,15800
2013-10-31,12.25,12.270000457763672,12.149999618530273,12.15999984741211,7.72374153137207,15800
2013-11-01,12.239999771118164,12.300000190734863,12.119999885559082,12.270000457763672,7.793610095977783,28900
2013-11-04,12.350000381469727,12.350000381469727,12.180000305175781,12.300000190734863,7.8126630783081055,24900
2013-11-05,12.350000381469727,12.350000381469727,12.149999618530273,12.229999542236328,7.768200397491455,31700
2013-11-06,12.279999732971191,12.390000343322754,12.229999542236328,12.390000343322754,7.8698344230651855,35200
2013-11-07,12.319999694824219,12.529999732971191,12.1899995803833,12.300000190734863,7.8126630783081055,35000
2013-11-08,12.270000457763672,12.270000457763672,12.180000305175781,12.25,7.780906677246094,27700
2013-11-11,12.279999732971191,12.279999732971191,12.170000076293945,12.199999809265137,7.749147891998291,12000
2013-11-12,12.119999885559082,12.119999885559082,12.020000457763672,12.050000190734863,7.701212406158447,17900
2013-11-13,12.0600004196167,12.079999923706055,12.010000228881836,12.010000228881836,7.675649166107178,17000
2013-11-14,12.029999732971191,12.069999694824219,12.010000228881836,12.020000457763672,7.682040214538574,14100
2013-11-15,12.010000228881836,12.109999656677246,12.010000228881836,12.109999656677246,7.739560604095459,21600
2013-11-18,12.180000305175781,12.180000305175781,12.050000190734863,12.09000015258789,7.726778030395508,13700
2013-11-19,12.069999694824219,12.119999885559082,12.010000228881836,12.029999732971191,7.688432216644287,22400
2013-11-20,12.020000457763672,12.09000015258789,11.850000381469727,11.899999618530273,7.605349540710449,49300
2013-11-21,11.859999656677246,11.989999771118164,11.859999656677246,11.970000267028809,7.650088787078857,20700
2013-11-22,11.899999618530273,11.960000038146973,11.859999656677246,11.880000114440918,7.59256649017334,25500
2013-11-25,11.970000267028809,11.989999771118164,11.890000343322754,11.970000267028809,7.650088787078857,16600
2013-11-26,11.90999984741211,11.960000038146973,11.859999656677246,11.899999618530273,7.605349540710449,31700
2013-11-27,11.899999618530273,11.949999809265137,11.899999618530273,11.930000305175781,7.6245245933532715,16200
2013-11-29,11.899999618530273,11.930000305175781,11.829999923706055,11.930000305175781,7.6245245933532715,6200
2013-12-02,12.0,12.0,11.829999923706055,11.880000114440918,7.59256649017334,16400
2013-12-03,11.9399995803833,11.949999809265137,11.869999885559082,11.9399995803833,7.630913734436035,15500
2013-12-04,11.890000343322754,11.899999618530273,11.789999961853027,11.899999618530273,7.605349540710449,28000
2013-12-05,11.880000114440918,12.100000381469727,11.869999885559082,11.869999885559082,7.5861711502075195,17700
2013-12-06,11.880000114440918,11.880000114440918,11.779999732971191,11.800000190734863,7.541438102722168,30900
2013-12-09,11.770000457763672,11.770000457763672,11.680000305175781,11.710000038146973,7.483919143676758,41200
2013-12-10,11.699999809265137,11.710000038146973,11.600000381469727,11.600000381469727,7.4136199951171875,34600
2013-12-11,11.600000381469727,11.729999542236328,11.600000381469727,11.609999656677246,7.420006275177002,43200
2013-12-12,11.510000228881836,11.579999923706055,11.479999542236328,11.5,7.397497177124023,30700
2013-12-13,11.489999771118164,11.5,11.460000038146973,11.489999771118164,7.391061782836914,18200
2013-12-16,11.5,11.600000381469727,11.5,11.59000015258789,7.455389499664307,34500
2013-12-17,11.539999961853027,11.609999656677246,11.5,11.579999923706055,7.448956489562988,19600
2013-12-18,11.609999656677246,11.670000076293945,11.5,11.630000114440918,7.481119155883789,31700
2013-12-19,11.569999694824219,11.619999885559082,11.550000190734863,11.550000190734863,7.429656028747559,16700
2013-12-20,11.5600004196167,11.699999809265137,11.539999961853027,11.600000381469727,7.46182107925415,51600
2013-12-23,11.649999618530273,11.739999771118164,11.649999618530273,11.680000305175781,7.513278484344482,52900
2013-12-24,11.649999618530273,11.760000228881836,11.649999618530273,11.75,7.558309555053711,14500
2013-12-26,11.760000228881836,11.829999923706055,11.760000228881836,11.789999961853027,7.584039211273193,58900
2013-12-27,11.859999656677246,11.859999656677246,11.75,11.779999732971191,7.577607154846191,16700
2013-12-30,11.739999771118164,11.75,11.699999809265137,11.75,7.558309555053711,33900
2013-12-31,11.699999809265137,11.829999923706055,11.699999809265137,11.789999961853027,7.584039211273193,41600
2014-01-02,11.829999923706055,11.84000015258789,11.779999732971191,11.779999732971191,7.577607154846191,23100
2014-01-03,11.779999732971191,11.84000015258789,11.760000228881836,11.84000015258789,7.6162028312683105,18000
2014-01-06,11.8100004196167,11.84000015258789,11.760000228881836,11.8100004196167,7.59690523147583,43400
2014-01-07,11.859999656677246,11.930000305175781,11.829999923706055,11.899999618530273,7.654797077178955,23900
2014-01-08,11.930000305175781,11.930000305175781,11.850000381469727,11.890000343322754,7.64836311340332,9600
2014-01-09,11.859999656677246,11.90999984741211,11.859999656677246,11.899999618530273,7.654797077178955,21300
2014-01-10,11.90999984741211,11.979999542236328,11.899999618530273,11.970000267028809,7.699828624725342,69400
2014-01-13,11.880000114440918,11.9399995803833,11.869999885559082,11.930000305175781,7.722477436065674,21100
2014-01-14,11.949999809265137,11.949999809265137,11.899999618530273,11.930000305175781,7.722477436065674,15300
2014-01-15,11.899999618530273,11.970000267028809,11.899999618530273,11.930000305175781,7.722477436065674,22600
2014-01-16,11.979999542236328,11.979999542236328,11.899999618530273,11.90999984741211,7.70953893661499,18900
2014-01-17,11.970000267028809,11.979999542236328,11.899999618530273,11.920000076293945,7.716009140014648,33300
2014-01-21,11.899999618530273,11.979999542236328,11.899999618530273,11.970000267028809,7.748377799987793,26100
2014-01-22,11.9399995803833,12.050000190734863,11.9399995803833,12.039999961853027,7.7936882972717285,23200
2014-01-23,12.039999961853027,12.039999961853027,12.0,12.029999732971191,7.787213325500488,27400
2014-01-24,12.029999732971191,12.079999923706055,12.010000228881836,12.010000228881836,7.7742695808410645,36100
2014-01-27,12.010000228881836,12.010000228881836,11.869999885559082,11.869999885559082,7.683643341064453,35200
2014-01-28,11.850000381469727,12.020000457763672,11.850000381469727,11.949999809265137,7.735426902770996,37300
2014-01-29,11.949999809265137,11.960000038146973,11.869999885559082,11.899999618530273,7.703063011169434,32300
2014-01-30,11.920000076293945,12.010000228881836,11.90999984741211,11.949999809265137,7.735426902770996,30200
2014-01-31,11.949999809265137,12.0,11.899999618530273,11.90999984741211,7.70953893661499,26100
2014-02-03,12.020000457763672,12.029999732971191,11.880000114440918,11.880000114440918,7.690118312835693,23000
2014-02-04,11.979999542236328,11.979999542236328,11.800000190734863,11.90999984741211,7.70953893661499,22700
2014-02-05,11.9399995803833,11.9399995803833,11.859999656677246,11.9399995803833,7.728955268859863,13000
2014-02-06,11.949999809265137,12.020000457763672,11.949999809265137,11.970000267028809,7.748377799987793,27500
2014-02-07,12.039999961853027,12.079999923706055,12.010000228881836,12.079999923706055,7.819579601287842,14000
2014-02-10,12.050000190734863,12.09000015258789,12.039999961853027,12.079999923706055,7.819579601287842,15300
2014-02-11,12.029999732971191,12.210000038146973,12.029999732971191,12.170000076293945,7.877836227416992,30300
2014-02-12,12.25,12.25,12.130000114440918,12.199999809265137,7.8972578048706055,24700
2014-02-13,12.0600004196167,12.260000228881836,12.0600004196167,12.239999771118164,7.972161293029785,19300
2014-02-14,12.199999809265137,12.239999771118164,12.140000343322754,12.180000305175781,7.933079242706299,13000
2014-02-18,12.130000114440918,12.25,12.130000114440918,12.180000305175781,7.933079242706299,27500
2014-02-19,12.229999542236328,12.239999771118164,12.149999618530273,12.170000076293945,7.926567077636719,31600
2014-02-20,12.239999771118164,12.270000457763672,12.170000076293945,12.239999771118164,7.972161293029785,22700
2014-02-21,12.300000190734863,12.300000190734863,12.239999771118164,12.25,7.978670597076416,28100
2014-02-24,12.3100004196167,12.3100004196167,12.210000038146973,12.260000228881836,7.9851884841918945,20700
2014-02-25,12.220000267028809,12.289999961853027,12.220000267028809,12.25,7.978670597076416,14600
2014-02-26,12.260000228881836,12.3100004196167,12.25,12.3100004196167,8.01775074005127,12500
2014-02-27,12.3100004196167,12.34000015258789,12.25,12.34000015258789,8.03729248046875,9700
2014-02-28,12.279999732971191,12.390000343322754,12.279999732971191,12.380000114440918,8.063348770141602,19100
2014-03-03,12.40999984741211,12.420000076293945,12.279999732971191,12.380000114440918,8.063348770141602,29500
2014-03-04,12.40999984741211,12.470000267028809,12.380000114440918,12.470000267028809,8.121962547302246,23200
2014-03-05,12.420000076293945,12.4399995803833,12.369999885559082,12.420000076293945,8.089397430419922,11600
2014-03-06,12.40999984741211,12.4399995803833,12.1899995803833,12.390000343322754,8.069859504699707,16900
2014-03-07,12.4399995803833,12.4399995803833,12.3100004196167,12.390000343322754,8.069859504699707,9700
2014-03-10,12.449999809265137,12.449999809265137,12.350000381469727,12.350000381469727,8.043804168701172,20500
2014-03-11,12.350000381469727,12.359999656677246,12.300000190734863,12.3100004196167,8.01775074005127,23100
2014-03-12,12.350000381469727,12.399999618530273,12.279999732971191,12.34000015258789,8.03729248046875,32600
2014-03-13,12.239999771118164,12.319999694824219,12.239999771118164,12.300000190734863,8.06022834777832,12200
2014-03-14,12.25,12.40999984741211,12.25,12.359999656677246,8.099547386169434,21300
2014-03-17,12.34000015258789,12.40999984741211,12.329999923706055,12.329999923706055,8.079888343811035,22700
2014-03-18,12.34000015258789,12.390000343322754,12.300000190734863,12.319999694824219,8.073333740234375,20500
2014-03-19,12.289999961853027,12.329999923706055,12.210000038146973,12.210000038146973,8.001250267028809,22600
2014-03-20,12.210000038146973,12.210000038146973,12.149999618530273,12.199999809265137,7.9946980476379395,24200
2014-03-21,12.1899995803833,12.319999694824219,12.1899995803833,12.270000457763672,8.040571212768555,14700
2014-03-24,12.3100004196167,12.329999923706055,12.239999771118164,12.300000190734863,8.06022834777832,18600
2014-03-25,12.3100004196167,12.399999618530273,12.3100004196167,12.390000343322754,8.119202613830566,13900
2014-03-26,12.380000114440918,12.420000076293945,12.369999885559082,12.420000076293945,8.138864517211914,20900
2014-03-27,12.390000343322754,12.479999542236328,12.390000343322754,12.449999809265137,8.158522605895996,18900
2014-03-28,12.420000076293945,12.5,12.420000076293945,12.479999542236328,8.178182601928711,17100
2014-03-31,12.5,12.579999923706055,12.489999771118164,12.579999923706055,8.243709564208984,17000
2014-04-01,12.600000381469727,12.600000381469727,12.520000457763672,12.579999923706055,8.243709564208984,16200
2014-04-02,12.520000457763672,12.600000381469727,12.520000457763672,12.550000190734863,8.22404956817627,16300
2014-04-03,12.5600004196167,12.5600004196167,12.529999732971191,12.539999961853027,8.217500686645508,11100
2014-04-04,12.529999732971191,12.59000015258789,12.529999732971191,12.539999961853027,8.217500686645508,24200
2014-04-07,12.520000457763672,12.579999923706055,12.510000228881836,12.569999694824219,8.237161636352539,15900
2014-04-08,12.579999923706055,12.630000114440918,12.5600004196167,12.609999656677246,8.263372421264648,31000
2014-04-09,12.579999923706055,12.699999809265137,12.579999923706055,12.670000076293945,8.302687644958496,18700
2014-04-10,12.670000076293945,12.710000038146973,12.65999984741211,12.699999809265137,8.322348594665527,18800
2014-04-11,12.5600004196167,12.640000343322754,12.539999961853027,12.630000114440918,8.32564640045166,16600
2014-04-14,12.670000076293945,12.729999542236328,12.569999694824219,12.619999885559082,8.319052696228027,18100
2014-04-15,12.550000190734863,12.670000076293945,12.550000190734863,12.649999618530273,8.338830947875977,15500
2014-04-16,12.6899995803833,12.6899995803833,12.619999885559082,12.640000343322754,8.332236289978027,15800
2014-04-17,12.619999885559082,12.670000076293945,12.600000381469727,12.649999618530273,8.338830947875977,31400
2014-04-21,12.579999923706055,12.6899995803833,12.579999923706055,12.640000343322754,8.332236289978027,14800
2014-04-22,12.680000305175781,12.6899995803833,12.609999656677246,12.649999618530273,8.338830947875977,23500
2014-04-23,12.65999984741211,12.699999809265137,12.649999618530273,12.649999618530273,8.338830947875977,23300
2014-04-24,12.699999809265137,12.699999809265137,12.600000381469727,12.640000343322754,8.332236289978027,24000
2014-04-25,12.630000114440918,12.670000076293945,12.619999885559082,12.670000076293945,8.352010726928711,17000
2014-04-28,12.710000038146973,12.720000267028809,12.680000305175781,12.6899995803833,8.365190505981445,30000
2014-04-29,12.6899995803833,12.75,12.6899995803833,12.729999542236328,8.391565322875977,25300
2014-04-30,12.680000305175781,12.869999885559082,12.680000305175781,12.869999885559082,8.483850479125977,38300
2014-05-01,12.899999618530273,12.949999809265137,12.819999694824219,12.949999809265137,8.536587715148926,26800
2014-05-02,12.949999809265137,13.0,12.880000114440918,13.0,8.569543838500977,25500
2014-05-05,12.970000267028809,12.970000267028809,12.859999656677246,12.880000114440918,8.490445137023926,21700
2014-05-06,12.920000076293945,12.949999809265137,12.75,12.850000381469727,8.470667839050293,18000
2014-05-07,12.84000015258789,12.9399995803833,12.84000015258789,12.9399995803833,8.52999496459961,29400
2014-05-08,12.970000267028809,12.970000267028809,12.869999885559082,12.899999618530273,8.503622055053711,25600
2014-05-09,12.90999984741211,12.930000305175781,12.770000457763672,12.890000343322754,8.497036933898926,18500
2014-05-12,12.949999809265137,12.949999809265137,12.789999961853027,12.789999961853027,8.480456352233887,18900
2014-05-13,12.84000015258789,12.859999656677246,12.760000228881836,12.8100004196167,8.493718147277832,15000
2014-05-14,12.800000190734863,12.899999618530273,12.770000457763672,12.789999961853027,8.480456352233887,27600
2014-05-15,12.800000190734863,12.829999923706055,12.760000228881836,12.819999694824219,8.500350952148438,14800
2014-05-16,12.800000190734863,12.850000381469727,12.760000228881836,12.770000457763672,8.46719741821289,9800
2014-05-19,12.729999542236328,13.220000267028809,12.649999618530273,12.649999618530273,8.387632369995117,58100
2014-05-20,12.619999885559082,12.65999984741211,12.609999656677246,12.640000343322754,8.381002426147461,22700
2014-05-21,12.649999618530273,12.760000228881836,12.649999618530273,12.729999542236328,8.440673828125,14600
2014-05-22,12.779999732971191,12.880000114440918,12.75,12.880000114440918,8.540135383605957,18100
2014-05-23,12.899999618530273,12.899999618530273,12.800000190734863,12.84000015258789,8.513611793518066,10200
2014-05-27,12.850000381469727,12.90999984741211,12.850000381469727,12.869999885559082,8.533500671386719,22000
2014-05-28,12.899999618530273,12.920000076293945,12.819999694824219,12.90999984741211,8.560022354125977,19700
2014-05-29,12.880000114440918,12.930000305175781,12.850000381469727,12.920000076293945,8.566656112670898,34600
2014-05-30,12.9399995803833,12.960000038146973,12.890000343322754,12.949999809265137,8.586548805236816,21800
2014-06-02,12.979999542236328,12.979999542236328,12.869999885559082,12.930000305175781,8.573285102844238,19500
2014-06-03,12.869999885559082,13.0,12.869999885559082,12.960000038146973,8.593177795410156,24800
2014-06-04,12.989999771118164,12.989999771118164,12.880000114440918,12.920000076293945,8.566656112670898,15400
2014-06-05,12.869999885559082,13.0,12.869999885559082,12.869999885559082,8.533500671386719,43600
2014-06-06,12.859999656677246,12.960000038146973,12.859999656677246,12.920000076293945,8.566656112670898,20500
2014-06-09,12.899999618530273,12.970000267028809,12.899999618530273,12.920000076293945,8.566656112670898,18500
2014-06-10,12.869999885559082,12.949999809265137,12.869999885559082,12.90999984741211,8.560022354125977,24600
2014-06-11,12.899999618530273,12.970000267028809,12.899999618530273,12.970000267028809,8.599809646606445,10100
2014-06-12,12.899999618530273,12.899999618530273,12.800000190734863,12.8100004196167,8.543120384216309,18100
2014-06-13,12.800000190734863,12.899999618530273,12.800000190734863,12.829999923706055,8.556458473205566,15000
2014-06-16,12.84000015258789,12.970000267028809,12.84000015258789,12.920000076293945,8.616482734680176,19400
2014-06-17,12.869999885559082,13.0,12.869999885559082,13.0,8.669830322265625,12200
2014-06-18,12.960000038146973,13.0,12.850000381469727,12.90999984741211,8.609809875488281,34400
2014-06-19,12.920000076293945,12.989999771118164,12.90999984741211,12.979999542236328,8.656492233276367,20600
2014-06-20,12.960000038146973,12.979999542236328,12.899999618530273,12.899999618530273,8.603141784667969,12800
2014-06-23,12.859999656677246,12.960000038146973,12.850000381469727,12.90999984741211,8.609809875488281,33800
2014-06-24,12.859999656677246,12.930000305175781,12.859999656677246,12.869999885559082,8.583136558532715,24700
2014-06-25,12.84000015258789,12.930000305175781,12.84000015258789,12.859999656677246,8.576464653015137,24900
2014-06-26,12.859999656677246,12.960000038146973,12.859999656677246,12.880000114440918,8.589807510375977,20000
2014-06-27,12.850000381469727,12.989999771118164,12.850000381469727,12.949999809265137,8.636488914489746,22700
2014-06-30,12.989999771118164,13.0,12.9399995803833,12.989999771118164,8.663167953491211,28900
2014-07-01,13.0,13.0,12.970000267028809,12.989999771118164,8.663167953491211,20700
2014-07-02,12.960000038146973,12.979999542236328,12.920000076293945,12.9399995803833,8.629822731018066,19000
2014-07-03,12.979999542236328,12.979999542236328,12.829999923706055,12.84000015258789,8.563129425048828,47200
2014-07-07,12.880000114440918,12.880000114440918,12.8100004196167,12.829999923706055,8.556458473205566,17600
2014-07-08,12.800000190734863,12.829999923706055,12.800000190734863,12.8100004196167,8.543120384216309,21000
2014-07-09,12.84000015258789,12.850000381469727,12.800000190734863,12.819999694824219,8.549789428710938,24700
2014-07-10,12.789999961853027,12.979999542236328,12.789999961853027,12.979999542236328,8.656492233276367,44900
2014-07-11,12.90999984741211,12.949999809265137,12.850000381469727,12.9399995803833,8.679971694946289,15100
2014-07-14,12.949999809265137,12.949999809265137,12.880000114440918,12.90999984741211,8.6598482131958,16000
2014-07-15,12.859999656677246,12.880000114440918,12.800000190734863,12.84000015258789,8.612894058227539,41200
2014-07-16,12.850000381469727,12.899999618530273,12.779999732971191,12.899999618530273,8.653139114379883,20000
2014-07-17,12.880000114440918,12.890000343322754,12.8100004196167,12.859999656677246,8.626313209533691,29600
2014-07-18,12.859999656677246,12.899999618530273,12.8100004196167,12.899999618530273,8.653139114379883,11300
2014-07-21,12.899999618530273,12.899999618530273,12.8100004196167,12.869999885559082,8.633018493652344,11600
2014-07-22,12.890000343322754,12.890000343322754,12.850000381469727,12.890000343322754,8.646439552307129,9500
2014-07-23,12.90999984741211,12.960000038146973,12.850000381469727,12.949999809265137,8.686681747436523,22500
2014-07-24,12.970000267028809,12.970000267028809,12.890000343322754,12.920000076293945,8.666559219360352,14800
2014-07-25,12.90999984741211,12.9399995803833,12.880000114440918,12.90999984741211,8.6598482131958,14800
2014-07-28,12.899999618530273,12.930000305175781,12.84000015258789,12.90999984741211,8.6598482131958,16400
2014-07-29,12.920000076293945,12.949999809265137,12.869999885559082,12.90999984741211,8.6598482131958,23300
2014-07-30,12.880000114440918,12.899999618530273,12.829999923706055,12.829999923706055,8.606188774108887,14100
2014-07-31,12.800000190734863,12.829999923706055,12.619999885559082,12.619999885559082,8.46532154083252,39600
2014-08-01,12.699999809265137,12.699999809265137,12.5,12.529999732971191,8.404951095581055,37500
2014-08-04,12.529999732971191,12.5600004196167,12.5,12.5,8.384832382202148,27700
2014-08-05,12.5,12.5,12.140000343322754,12.1899995803833,8.176884651184082,52200
2014-08-06,12.079999923706055,12.140000343322754,12.069999694824219,12.140000343322754,8.143345832824707,27800
2014-08-07,12.140000343322754,12.229999542236328,12.130000114440918,12.210000038146973,8.190301895141602,31700
2014-08-08,12.199999809265137,12.390000343322754,12.199999809265137,12.319999694824219,8.264086723327637,25100
2014-08-11,12.279999732971191,12.479999542236328,12.279999732971191,12.449999809265137,8.40243911743164,38800
2014-08-12,12.470000267028809,12.489999771118164,12.449999809265137,12.470000267028809,8.415936470031738,22700
2014-08-13,12.520000457763672,12.579999923706055,12.460000038146973,12.550000190734863,8.469927787780762,41400
2014-08-14,12.59000015258789,12.640000343322754,12.5600004196167,12.640000343322754,8.530671119689941,18000
2014-08-15,12.609999656677246,12.65999984741211,12.579999923706055,12.579999923706055,8.490177154541016,17900
2014-08-18,12.569999694824219,12.619999885559082,12.569999694824219,12.59000015258789,8.49692440032959,15700
2014-08-19,12.569999694824219,12.6899995803833,12.569999694824219,12.680000305175781,8.557662010192871,35400
2014-08-20,12.720000267028809,12.720000267028809,12.600000381469727,12.670000076293945,8.550915718078613,29200
2014-08-21,12.720000267028809,12.770000457763672,12.670000076293945,12.680000305175781,8.557662010192871,19500
2014-08-22,12.640000343322754,12.739999771118164,12.640000343322754,12.65999984741211,8.544170379638672,25600
2014-08-25,12.729999542236328,12.729999542236328,12.670000076293945,12.670000076293945,8.550915718078613,20600
2014-08-26,12.739999771118164,12.850000381469727,12.720000267028809,12.770000457763672,8.618402481079102,69200
2014-08-27,12.8100004196167,12.850000381469727,12.770000457763672,12.770000457763672,8.618402481079102,19200
2014-08-28,12.770000457763672,12.850000381469727,12.770000457763672,12.819999694824219,8.652152061462402,30400
2014-08-29,12.84000015258789,12.890000343322754,12.800000190734863,12.869999885559082,8.685894966125488,30100
2014-09-02,12.899999618530273,12.920000076293945,12.859999656677246,12.869999885559082,8.685894966125488,27900
2014-09-03,12.859999656677246,12.949999809265137,12.859999656677246,12.949999809265137,8.739889144897461,52600
2014-09-04,12.9399995803833,12.989999771118164,12.90999984741211,12.989999771118164,8.766884803771973,39200
2014-09-05,12.989999771118164,12.989999771118164,12.949999809265137,12.970000267028809,8.75338363647461,12400
2014-09-08,12.949999809265137,13.0,12.930000305175781,12.949999809265137,8.739889144897461,35200
2014-09-09,12.90999984741211,12.979999542236328,12.890000343322754,12.960000038146973,8.746635437011719,17300
2014-09-10,12.930000305175781,13.0,12.859999656677246,12.859999656677246,8.679145812988281,31700
2014-09-11,12.819999694824219,12.859999656677246,12.75,12.819999694824219,8.702908515930176,24500
2014-09-12,12.770000457763672,12.84000015258789,12.680000305175781,12.699999809265137,8.621443748474121,38000
2014-09-15,12.760000228881836,12.760000228881836,12.640000343322754,12.65999984741211,8.594290733337402,16700
2014-09-16,12.619999885559082,12.75,12.600000381469727,12.710000038146973,8.628233909606934,19300
2014-09-17,12.760000228881836,12.829999923706055,12.729999542236328,12.779999732971191,8.675753593444824,18700
2014-09-18,12.829999923706055,12.989999771118164,12.779999732971191,12.9399995803833,8.784370422363281,44500
2014-09-19,12.930000305175781,12.989999771118164,12.850000381469727,12.890000343322754,8.750429153442383,23300
2014-09-22,12.890000343322754,12.890000343322754,12.8100004196167,12.859999656677246,8.730058670043945,20800
2014-09-23,12.869999885559082,12.890000343322754,12.649999618530273,12.739999771118164,8.648603439331055,24600
2014-09-24,12.770000457763672,12.779999732971191,12.720000267028809,12.760000228881836,8.662178039550781,9900
2014-09-25,12.779999732971191,12.779999732971191,12.710000038146973,12.720000267028809,8.635018348693848,31000
2014-09-26,12.75,12.819999694824219,12.720000267028809,12.760000228881836,8.662178039550781,24900
2014-09-29,12.75,12.84000015258789,12.649999618530273,12.779999732971191,8.675753593444824,40700
2014-09-30,12.829999923706055,12.899999618530273,12.8100004196167,12.890000343322754,8.750429153442383,16400
2014-10-01,12.899999618530273,12.9399995803833,12.770000457763672,12.819999694824219,8.702908515930176,44100
2014-10-02,12.869999885559082,12.869999885559082,12.640000343322754,12.720000267028809,8.635018348693848,32700
2014-10-03,12.729999542236328,12.729999542236328,12.6899995803833,12.710000038146973,8.628233909606934,13600
2014-10-06,12.6899995803833,12.850000381469727,12.6899995803833,12.779999732971191,8.675753593444824,28500
2014-10-07,12.829999923706055,12.880000114440918,12.779999732971191,12.779999732971191,8.675753593444824,50300
2014-10-08,12.829999923706055,12.920000076293945,12.779999732971191,12.869999885559082,8.736848831176758,17700
2014-10-09,12.949999809265137,12.989999771118164,12.880000114440918,12.880000114440918,8.743637084960938,28700
2014-10-10,12.90999984741211,12.920000076293945,12.720000267028809,12.819999694824219,8.702908515930176,18300
2014-10-13,12.760000228881836,12.880000114440918,12.649999618530273,12.649999618530273,8.587501525878906,34500
2014-10-14,12.600000381469727,12.600000381469727,12.140000343322754,12.270000457763672,8.379219055175781,54900
2014-10-15,12.130000114440918,12.239999771118164,12.0,12.15999984741211,8.304098129272461,58500
2014-10-16,12.0,12.5,11.899999618530273,12.380000114440918,8.454337120056152,27900
2014-10-17,12.5,12.600000381469727,12.369999885559082,12.449999809265137,8.50213623046875,47000
2014-10-20,12.520000457763672,12.710000038146973,12.520000457763672,12.640000343322754,8.631890296936035,36700
2014-10-21,12.739999771118164,12.84000015258789,12.649999618530273,12.829999923706055,8.761639595031738,24800
2014-10-22,12.869999885559082,12.989999771118164,12.789999961853027,12.920000076293945,8.823103904724121,24100
2014-10-23,12.989999771118164,13.029999732971191,12.890000343322754,12.899999618530273,8.809442520141602,18900
2014-10-24,12.949999809265137,12.989999771118164,12.84000015258789,12.970000267028809,8.857251167297363,10900
2014-10-27,12.920000076293945,13.020000457763672,12.920000076293945,12.979999542236328,8.8640775680542,25300
2014-10-28,13.050000190734863,13.050000190734863,12.979999542236328,13.029999732971191,8.898224830627441,17900
2014-10-29,13.029999732971191,13.029999732971191,12.970000267028809,13.0,8.877731323242188,15900
2014-10-30,13.0,13.050000190734863,12.989999771118164,13.020000457763672,8.89139461517334,16500
2014-10-31,13.020000457763672,13.050000190734863,12.979999542236328,13.0,8.877731323242188,13800
2014-11-03,13.0,13.140000343322754,12.970000267028809,13.109999656677246,8.952855110168457,34800
2014-11-04,13.130000114440918,13.130000114440918,13.010000228881836,13.109999656677246,8.952855110168457,22600
2014-11-05,13.149999618530273,13.4399995803833,13.130000114440918,13.170000076293945,8.993828773498535,46700
2014-11-06,13.130000114440918,13.329999923706055,13.100000381469727,13.3100004196167,9.089434623718262,22800
2014-11-07,13.279999732971191,13.350000381469727,13.25,13.300000190734863,9.082606315612793,17200
2014-11-10,13.300000190734863,13.399999618530273,13.300000190734863,13.390000343322754,9.144068717956543,16300
2014-11-11,13.399999618530273,13.520000457763672,13.399999618530273,13.489999771118164,9.212357521057129,24100
2014-11-12,13.539999961853027,13.550000190734863,13.430000305175781,13.529999732971191,9.239670753479004,17900
2014-11-13,13.390000343322754,13.5,13.300000190734863,13.350000381469727,9.167566299438477,37900
2014-11-14,13.329999923706055,13.399999618530273,13.199999809265137,13.199999809265137,9.064562797546387,33900
2014-11-17,13.270000457763672,13.34000015258789,13.069999694824219,13.069999694824219,8.975292205810547,28000
2014-11-18,13.140000343322754,13.210000038146973,13.079999923706055,13.210000038146973,9.071428298950195,22800
2014-11-19,13.15999984741211,13.369999885559082,13.130000114440918,13.319999694824219,9.146965980529785,28900
2014-11-20,13.350000381469727,13.5,13.300000190734863,13.5,9.270574569702148,19800
2014-11-21,13.619999885559082,13.65999984741211,13.350000381469727,13.4399995803833,9.229372024536133,29400
2014-11-24,13.449999809265137,13.59000015258789,13.210000038146973,13.210000038146973,9.071428298950195,35800
2014-11-25,13.289999961853027,13.34000015258789,13.239999771118164,13.34000015258789,9.160699844360352,18300
2014-11-26,13.369999885559082,13.600000381469727,13.329999923706055,13.59000015258789,9.332381248474121,27100
2014-11-28,13.609999656677246,13.6899995803833,13.600000381469727,13.670000076293945,9.387314796447754,7500
2014-12-01,13.649999618530273,13.680000305175781,13.300000190734863,13.329999923706055,9.15383529663086,30100
2014-12-02,13.420000076293945,13.59000015258789,13.25,13.319999694824219,9.146965980529785,23000
2014-12-03,13.420000076293945,13.569999694824219,13.399999618530273,13.399999618530273,9.201904296875,11100
2014-12-04,13.550000190734863,13.550000190734863,13.270000457763672,13.479999542236328,9.256841659545898,41200
2014-12-05,13.520000457763672,13.520000457763672,13.40999984741211,13.420000076293945,9.215638160705566,21400
2014-12-08,13.449999809265137,13.6899995803833,13.289999961853027,13.289999961853027,9.126365661621094,14900
2014-12-09,13.350000381469727,13.470000267028809,13.210000038146973,13.34000015258789,9.160699844360352,20100
2014-12-10,13.369999885559082,13.380000114440918,13.1899995803833,13.25,9.098899841308594,18400
2014-12-11,13.279999732971191,13.399999618530273,13.180000305175781,13.350000381469727,9.219755172729492,19800
2014-12-12,13.239999771118164,13.329999923706055,12.890000343322754,12.890000343322754,8.902070999145508,36100
2014-12-15,12.850000381469727,12.850000381469727,12.430000305175781,12.529999732971191,8.653451919555664,51100
2014-12-16,12.34000015258789,12.520000457763672,12.050000190734863,12.329999923706055,8.515325546264648,68300
2014-12-17,12.399999618530273,12.600000381469727,12.350000381469727,12.550000190734863,8.66726303100586,34000
2014-12-18,12.609999656677246,12.899999618530273,12.609999656677246,12.890000343322754,8.902070999145508,53200
2014-12-19,12.880000114440918,13.039999961853027,12.850000381469727,13.039999961853027,9.005668640136719,11900
2014-12-22,12.930000305175781,12.979999542236328,12.829999923706055,12.960000038146973,8.950414657592773,21800
2014-12-23,12.90999984741211,13.020000457763672,12.90999984741211,13.020000457763672,8.991849899291992,38100
2014-12-24,13.029999732971191,13.039999961853027,12.8100004196167,12.899999618530273,8.908979415893555,23300
2014-12-26,12.890000343322754,13.100000381469727,12.850000381469727,13.0,8.978041648864746,34200
2014-12-29,13.039999961853027,13.039999961853027,12.90999984741211,12.949999809265137,8.943509101867676,14100
2014-12-30,12.989999771118164,12.989999771118164,12.789999961853027,12.789999961853027,8.833011627197266,28500
2014-12-31,12.75,13.0,12.75,12.800000190734863,8.83991813659668,37600
2015-01-02,12.859999656677246,13.079999923706055,12.84000015258789,13.069999694824219,9.026382446289062,29200
2015-01-05,13.09000015258789,13.170000076293945,12.960000038146973,13.09000015258789,9.040196418762207,41800
2015-01-06,13.0600004196167,13.300000190734863,13.010000228881836,13.300000190734863,9.185224533081055,26100
2015-01-07,13.300000190734863,13.359999656677246,13.100000381469727,13.1899995803833,9.109253883361816,25400
2015-01-08,13.260000228881836,13.680000305175781,13.25,13.449999809265137,9.288814544677734,84500
2015-01-09,13.520000457763672,13.600000381469727,13.369999885559082,13.4399995803833,9.281912803649902,21300
2015-01-12,13.529999732971191,13.539999961853027,13.260000228881836,13.289999961853027,9.229825973510742,31500
2015-01-13,13.390000343322754,13.489999771118164,13.210000038146973,13.210000038146973,9.174262046813965,17700
2015-01-14,13.180000305175781,13.3100004196167,13.0,13.220000267028809,9.181211471557617,19400
2015-01-15,13.319999694824219,13.350000381469727,13.140000343322754,13.319999694824219,9.250659942626953,14600
2015-01-16,13.270000457763672,13.449999809265137,13.270000457763672,13.399999618530273,9.306219100952148,8900
2015-01-20,13.34000015258789,13.489999771118164,13.34000015258789,13.479999542236328,9.361777305603027,24700
2015-01-21,13.489999771118164,13.600000381469727,13.380000114440918,13.550000190734863,9.410390853881836,27300
2015-01-22,13.649999618530273,13.649999618530273,13.529999732971191,13.619999885559082,9.459012031555176,26700
2015-01-23,13.699999809265137,13.989999771118164,13.680000305175781,13.800000190734863,9.584017753601074,41400
2015-01-26,13.739999771118164,13.819999694824219,13.65999984741211,13.670000076293945,9.493735313415527,9600
2015-01-27,13.630000114440918,13.770000457763672,13.630000114440918,13.770000457763672,9.563182830810547,20200
2015-01-28,13.899999618530273,14.0,13.699999809265137,13.699999809265137,9.514565467834473,22000
2015-01-29,13.619999885559082,13.739999771118164,13.59000015258789,13.59000015258789,9.438178062438965,23100
2015-01-30,13.710000038146973,13.710000038146973,13.390000343322754,13.390000343322754,9.299272537231445,16300
2015-02-02,13.5,13.569999694824219,13.420000076293945,13.470000267028809,9.354833602905273,33700
2015-02-03,13.569999694824219,13.710000038146973,13.470000267028809,13.619999885559082,9.459012031555176,20900
2015-02-04,13.6899995803833,13.699999809265137,13.539999961853027,13.609999656677246,9.45206069946289,22200
2015-02-05,13.739999771118164,13.829999923706055,13.539999961853027,13.760000228881836,9.556236267089844,19400
2015-02-06,13.920000076293945,13.930000305175781,13.479999542236328,13.489999771118164,9.36872673034668,41600
2015-02-09,13.5,13.569999694824219,13.380000114440918,13.420000076293945,9.320107460021973,23900
2015-02-10,13.380000114440918,13.479999542236328,13.289999961853027,13.460000038146973,9.347890853881836,25200
2015-02-11,13.289999961853027,13.380000114440918,13.220000267028809,13.359999656677246,9.330429077148438,20900
2015-02-12,13.300000190734863,13.420000076293945,13.1899995803833,13.329999923706055,9.309476852416992,26400
2015-02-13,13.270000457763672,13.390000343322754,13.100000381469727,13.1899995803833,9.21170425415039,20100
2015-02-17,13.260000228881836,13.319999694824219,13.100000381469727,13.270000457763672,9.267576217651367,48000
2015-02-18,13.3100004196167,13.3100004196167,13.15999984741211,13.289999961853027,9.28154468536377,25300
2015-02-19,13.319999694824219,13.399999618530273,13.279999732971191,13.34000015258789,9.316459655761719,17800
2015-02-20,13.300000190734863,13.359999656677246,13.199999809265137,13.3100004196167,9.29550838470459,16900
2015-02-23,13.359999656677246,13.359999656677246,13.239999771118164,13.34000015258789,9.316459655761719,19600
2015-02-24,13.3100004196167,13.520000457763672,13.3100004196167,13.520000457763672,9.442172050476074,23500
2015-02-25,13.5600004196167,13.710000038146973,13.479999542236328,13.680000305175781,9.553911209106445,22400
2015-02-26,13.520000457763672,13.539999961853027,13.460000038146973,13.470000267028809,9.40725326538086,16000
2015-02-27,13.40999984741211,13.569999694824219,13.359999656677246,13.479999542236328,9.41423511505127,15200
2015-03-02,13.59000015258789,13.600000381469727,13.449999809265137,13.510000228881836,9.43518352508545,29600
2015-03-03,13.5,13.670000076293945,13.5,13.649999618530273,9.532958030700684,31600
2015-03-04,13.680000305175781,13.680000305175781,13.579999923706055,13.630000114440918,9.51899528503418,12500
2015-03-05,13.649999618530273,13.75,13.649999618530273,13.75,9.602801322937012,11300
2015-03-06,13.789999961853027,13.869999885559082,13.619999885559082,13.739999771118164,9.595817565917969,38900
2015-03-09,13.75,13.75,13.260000228881836,13.34000015258789,9.316459655761719,43300
2015-03-10,13.279999732971191,13.40999984741211,13.199999809265137,13.260000228881836,9.260591506958008,27900
2015-03-11,13.279999732971191,13.350000381469727,13.15999984741211,13.25,9.253609657287598,21400
2015-03-12,13.300000190734863,13.329999923706055,13.199999809265137,13.289999961853027,9.334379196166992,17700
2015-03-13,13.1899995803833,13.279999732971191,13.0,13.010000228881836,9.137718200683594,13800
2015-03-16,13.050000190734863,13.289999961853027,12.920000076293945,13.289999961853027,9.334379196166992,36800
2015-03-17,13.119999885559082,13.270000457763672,13.010000228881836,13.199999809265137,9.271163940429688,32900
2015-03-18,13.130000114440918,13.359999656677246,13.0,13.279999732971191,9.32735538482666,49500
2015-03-19,13.199999809265137,13.430000305175781,12.90999984741211,13.149999618530273,9.236047744750977,12700
2015-03-20,13.039999961853027,13.199999809265137,12.930000305175781,13.149999618530273,9.236047744750977,17300
2015-03-23,13.140000343322754,13.399999618530273,13.100000381469727,13.180000305175781,9.257116317749023,12000
2015-03-24,13.170000076293945,13.199999809265137,13.09000015258789,13.09000015258789,9.1939058303833,10000
2015-03-25,13.09000015258789,13.25,12.949999809265137,13.119999885559082,9.21497631072998,30800
2015-03-26,13.09000015258789,13.170000076293945,12.84000015258789,13.020000457763672,9.14474105834961,11300
2015-03-27,12.9399995803833,13.119999885559082,12.9399995803833,13.050000190734863,9.165809631347656,16100
2015-03-30,13.050000190734863,13.260000228881836,12.960000038146973,13.1899995803833,9.264141082763672,23400
2015-03-31,13.0600004196167,13.210000038146973,13.039999961853027,13.15999984741211,9.243071556091309,17200
2015-04-01,13.069999694824219,13.220000267028809,13.0600004196167,13.149999618530273,9.236047744750977,12900
2015-04-02,13.09000015258789,13.180000305175781,13.09000015258789,13.180000305175781,9.257116317749023,9300
2015-04-06,13.0600004196167,13.260000228881836,13.0600004196167,13.25,9.30628490447998,14600
2015-04-07,13.319999694824219,13.319999694824219,13.149999618530273,13.149999618530273,9.236047744750977,25700
2015-04-08,13.149999618530273,13.220000267028809,13.029999732971191,13.050000190734863,9.165809631347656,17700
2015-04-09,13.039999961853027,13.100000381469727,13.0,13.010000228881836,9.137718200683594,22000
2015-04-10,13.079999923706055,13.100000381469727,13.010000228881836,13.039999961853027,9.158788681030273,26400
2015-04-13,12.869999885559082,13.020000457763672,12.869999885559082,12.9399995803833,9.141125679016113,27500
2015-04-14,12.899999618530273,12.899999618530273,12.8100004196167,12.8100004196167,9.049295425415039,48100
2015-04-15,12.84000015258789,12.899999618530273,12.770000457763672,12.800000190734863,9.042229652404785,39300
2015-04-16,12.789999961853027,12.899999618530273,12.770000457763672,12.899999618530273,9.112871170043945,20200
2015-04-17,12.899999618530273,12.930000305175781,12.729999542236328,12.880000114440918,9.09874153137207,26600
2015-04-20,13.100000381469727,13.119999885559082,13.010000228881836,13.010000228881836,9.190577507019043,34300
2015-04-21,12.970000267028809,13.029999732971191,12.859999656677246,12.880000114440918,9.09874153137207,25200
2015-04-22,12.90999984741211,12.970000267028809,12.899999618530273,12.899999618530273,9.112871170043945,19200
2015-04-23,12.869999885559082,12.989999771118164,12.8100004196167,12.8100004196167,9.049295425415039,31100
2015-04-24,12.800000190734863,12.880000114440918,12.779999732971191,12.779999732971191,9.028099060058594,25400
2015-04-27,12.75,12.850000381469727,12.720000267028809,12.789999961853027,9.035162925720215,31000
2015-04-28,12.789999961853027,12.90999984741211,12.720000267028809,12.829999923706055,9.063423156738281,32500
2015-04-29,12.829999923706055,12.829999923706055,12.6899995803833,12.779999732971191,9.028099060058594,31100
2015-04-30,12.800000190734863,12.800000190734863,12.640000343322754,12.670000076293945,8.950390815734863,29100
2015-05-01,12.710000038146973,12.800000190734863,12.600000381469727,12.800000190734863,9.042229652404785,53200
2015-05-04,12.829999923706055,12.84000015258789,12.6899995803833,12.6899995803833,8.964519500732422,37800
2015-05-05,12.65999984741211,12.699999809265137,12.550000190734863,12.609999656677246,8.90800666809082,23400
2015-05-06,12.569999694824219,12.630000114440918,12.430000305175781,12.479999542236328,8.816170692443848,62600
2015-05-07,12.399999618530273,12.529999732971191,12.399999618530273,12.430000305175781,8.780851364135742,30500
2015-05-08,12.5,12.59000015258789,12.460000038146973,12.460000038146973,8.802040100097656,35100
2015-05-11,12.319999694824219,12.430000305175781,12.3100004196167,12.319999694824219,8.755846977233887,56400
2015-05-12,12.300000190734863,12.40999984741211,12.25,12.300000190734863,8.741634368896484,36400
2015-05-13,12.260000228881836,12.359999656677246,12.220000267028809,12.220000267028809,8.684779167175293,23300
2015-05-14,12.25,12.350000381469727,12.25,12.350000381469727,8.777169227600098,40200
2015-05-15,12.300000190734863,12.470000267028809,12.300000190734863,12.380000114440918,8.79848861694336,28400
2015-05-18,12.420000076293945,12.449999809265137,12.350000381469727,12.359999656677246,8.78427791595459,25500
2015-05-19,12.390000343322754,12.470000267028809,12.300000190734863,12.380000114440918,8.79848861694336,17600
2015-05-20,12.40999984741211,12.4399995803833,12.369999885559082,12.380000114440918,8.79848861694336,19600
2015-05-21,12.399999618530273,12.420000076293945,12.359999656677246,12.40999984741211,8.819808959960938,37000
2015-05-22,12.40999984741211,12.420000076293945,12.350000381469727,12.359999656677246,8.78427791595459,25000
2015-05-26,12.350000381469727,12.359999656677246,12.239999771118164,12.239999771118164,8.698991775512695,18000
2015-05-27,12.260000228881836,12.3100004196167,12.260000228881836,12.3100004196167,8.748741149902344,16000
2015-05-28,12.300000190734863,12.3100004196167,12.270000457763672,12.300000190734863,8.741634368896484,18200
2015-05-29,12.3100004196167,12.34000015258789,12.25,12.329999923706055,8.762955665588379,13900
2015-06-01,12.399999618530273,12.399999618530273,12.210000038146973,12.260000228881836,8.713205337524414,26000
2015-06-02,12.270000457763672,12.270000457763672,12.170000076293945,12.199999809265137,8.670563697814941,24700
2015-06-03,12.170000076293945,12.25,12.149999618530273,12.15999984741211,8.64213752746582,23000
2015-06-04,12.149999618530273,12.15999984741211,12.079999923706055,12.109999656677246,8.606599807739258,31800
2015-06-05,12.109999656677246,12.109999656677246,12.020000457763672,12.039999961853027,8.556852340698242,21200
2015-06-08,12.0,12.010000228881836,11.949999809265137,11.960000038146973,8.499990463256836,19600
2015-06-09,11.90999984741211,11.90999984741211,11.770000457763672,11.890000343322754,8.45024585723877,36800
2015-06-10,11.949999809265137,11.960000038146973,11.829999923706055,11.949999809265137,8.492884635925293,46500
2015-06-11,11.8100004196167,11.890000343322754,11.770000457763672,11.800000190734863,8.439250946044922,38000
2015-06-12,11.819999694824219,11.819999694824219,11.420000076293945,11.420000076293945,8.167476654052734,83000
2015-06-15,11.359999656677246,11.550000190734863,11.359999656677246,11.479999542236328,8.210389137268066,29300
2015-06-16,11.4399995803833,11.59000015258789,11.4399995803833,11.520000457763672,8.238996505737305,31300
2015-06-17,11.550000190734863,11.789999961853027,11.529999732971191,11.579999923706055,8.28190803527832,26600
2015-06-18,11.5600004196167,11.699999809265137,11.5600004196167,11.609999656677246,8.303361892700195,25500
2015-06-19,11.619999885559082,11.649999618530273,11.579999923706055,11.600000381469727,8.296210289001465,14100
2015-06-22,11.619999885559082,11.699999809265137,11.5600004196167,11.600000381469727,8.296210289001465,40000
2015-06-23,11.579999923706055,11.630000114440918,11.5600004196167,11.5600004196167,8.267603874206543,55900
2015-06-24,11.600000381469727,11.619999885559082,11.5600004196167,11.5600004196167,8.267603874206543,36900
2015-06-25,11.5600004196167,11.609999656677246,11.510000228881836,11.529999732971191,8.246145248413086,33000
2015-06-26,11.5600004196167,11.59000015258789,11.4399995803833,11.4399995803833,8.181777954101562,37300
2015-06-29,11.289999961853027,11.390000343322754,11.100000381469727,11.199999809265137,8.010133743286133,69800
2015-06-30,11.1899995803833,11.369999885559082,11.1899995803833,11.279999732971191,8.067350387573242,27900
2015-07-01,11.399999618530273,11.420000076293945,11.3100004196167,11.380000114440918,8.138871192932129,36200
2015-07-02,11.420000076293945,11.479999542236328,11.420000076293945,11.479999542236328,8.210389137268066,38500
2015-07-06,11.5,11.520000457763672,11.399999618530273,11.520000457763672,8.238996505737305,23900
2015-07-07,11.470000267028809,11.630000114440918,11.420000076293945,11.630000114440918,8.317666053771973,29100
2015-07-08,11.5600004196167,11.5600004196167,11.350000381469727,11.4399995803833,8.181777954101562,24900
2015-07-09,11.470000267028809,11.529999732971191,11.390000343322754,11.399999618530273,8.153172492980957,15200
2015-07-10,11.399999618530273,11.59000015258789,11.399999618530273,11.59000015258789,8.289060592651367,26800
2015-07-13,11.489999771118164,11.550000190734863,11.430000305175781,11.489999771118164,8.271062850952148,33900
2015-07-14,11.539999961853027,11.569999694824219,11.460000038146973,11.5,8.278261184692383,31500
2015-07-15,11.4399995803833,11.479999542236328,11.4399995803833,11.460000038146973,8.249468803405762,17000
2015-07-16,11.430000305175781,11.59000015258789,11.430000305175781,11.569999694824219,8.32865047454834,30300
2015-07-17,11.550000190734863,11.569999694824219,11.470000267028809,11.569999694824219,8.32865047454834,10200
2015-07-20,11.609999656677246,11.609999656677246,11.420000076293945,11.420000076293945,8.220673561096191,26100
2015-07-21,11.390000343322754,11.390000343322754,11.279999732971191,11.350000381469727,8.170287132263184,39100
2015-07-22,11.270000457763672,11.350000381469727,11.260000228881836,11.289999961853027,8.127095222473145,15800
2015-07-23,11.279999732971191,11.329999923706055,11.210000038146973,11.300000190734863,8.13429069519043,34500
2015-07-24,11.239999771118164,11.329999923706055,11.239999771118164,11.25,8.098299980163574,18900
2015-07-27,11.25,11.329999923706055,11.229999542236328,11.260000228881836,8.105498313903809,15500
2015-07-28,11.229999542236328,11.3100004196167,11.210000038146973,11.289999961853027,8.127095222473145,14900
2015-07-29,11.229999542236328,11.350000381469727,11.229999542236328,11.270000457763672,8.11269474029541,18100
2015-07-30,11.260000228881836,11.390000343322754,11.260000228881836,11.350000381469727,8.170287132263184,9300
2015-07-31,11.350000381469727,11.460000038146973,11.319999694824219,11.420000076293945,8.220673561096191,7600
2015-08-03,11.460000038146973,11.729999542236328,11.430000305175781,11.729999542236328,8.443826675415039,33600
2015-08-04,11.579999923706055,11.65999984741211,11.529999732971191,11.550000190734863,8.314254760742188,20600
2015-08-05,11.529999732971191,11.550000190734863,11.479999542236328,11.550000190734863,8.314254760742188,11800
2015-08-06,11.520000457763672,11.5600004196167,11.510000228881836,11.510000228881836,8.285462379455566,7900
2015-08-07,11.529999732971191,11.529999732971191,11.449999809265137,11.470000267028809,8.256667137145996,13900
2015-08-10,11.550000190734863,11.569999694824219,11.3100004196167,11.489999771118164,8.271062850952148,51200
2015-08-11,11.430000305175781,11.579999923706055,11.390000343322754,11.579999923706055,8.335848808288574,12100
2015-08-12,11.569999694824219,11.569999694824219,11.460000038146973,11.489999771118164,8.271062850952148,22400
2015-08-13,11.470000267028809,11.470000267028809,11.369999885559082,11.420000076293945,8.27468490600586,18200
2015-08-14,11.449999809265137,11.539999961853027,11.40999984741211,11.539999961853027,8.361637115478516,15900
2015-08-17,11.460000038146973,11.510000228881836,11.380000114440918,11.5,8.332653999328613,18500
2015-08-18,11.5,11.5,11.420000076293945,11.489999771118164,8.325404167175293,11700
2015-08-19,11.40999984741211,11.449999809265137,11.380000114440918,11.399999618530273,8.260190963745117,20100
2015-08-20,11.430000305175781,11.430000305175781,11.359999656677246,11.369999885559082,8.238459587097168,20600
2015-08-21,11.359999656677246,11.399999618530273,11.210000038146973,11.270000457763672,8.165999412536621,93300
2015-08-24,11.170000076293945,11.1899995803833,10.300000190734863,10.770000457763672,7.803709506988525,106700
2015-08-25,10.869999885559082,10.989999771118164,10.699999809265137,10.699999809265137,7.752986431121826,39500
2015-08-26,10.729999542236328,10.859999656677246,10.6899995803833,10.819999694824219,7.839938163757324,23100
2015-08-27,11.0,11.020000457763672,10.90999984741211,10.949999809265137,7.934134483337402,36500
2015-08-28,11.010000228881836,11.0600004196167,10.989999771118164,10.989999771118164,7.963113307952881,21800
2015-08-31,11.029999732971191,11.029999732971191,10.890000343322754,10.890000343322754,7.890658855438232,31000
2015-09-01,10.800000190734863,10.829999923706055,10.739999771118164,10.789999961853027,7.818200588226318,27100
2015-09-02,10.859999656677246,10.859999656677246,10.630000114440918,10.75,7.789218425750732,34700
2015-09-03,10.699999809265137,10.779999732971191,10.699999809265137,10.729999542236328,7.774725914001465,16500
2015-09-04,10.680000305175781,10.729999542236328,10.65999984741211,10.6899995803833,7.745743751525879,26000
2015-09-08,10.739999771118164,10.829999923706055,10.739999771118164,10.819999694824219,7.839938163757324,23200
2015-09-09,10.869999885559082,10.869999885559082,10.789999961853027,10.800000190734863,7.8254475593566895,13500
2015-09-10,10.699999809265137,10.859999656677246,10.699999809265137,10.800000190734863,7.8254475593566895,23100
2015-09-11,10.600000381469727,10.710000038146973,10.600000381469727,10.680000305175781,7.792614459991455,14800
2015-09-14,10.680000305175781,10.6899995803833,10.619999885559082,10.65999984741211,7.778020858764648,19900
2015-09-15,10.720000267028809,10.729999542236328,10.65999984741211,10.680000305175781,7.792614459991455,26700
2015-09-16,10.739999771118164,10.75,10.680000305175781,10.699999809265137,7.8072028160095215,25000
2015-09-17,10.65999984741211,10.75,10.649999618530273,10.680000305175781,7.792614459991455,33200
2015-09-18,10.649999618530273,10.779999732971191,10.649999618530273,10.6899995803833,7.799907684326172,31200
2015-09-21,10.779999732971191,10.8100004196167,10.699999809265137,10.699999809265137,7.8072028160095215,39800
2015-09-22,10.680000305175781,10.720000267028809,10.649999618530273,10.649999618530273,7.770723819732666,12300
2015-09-23,10.680000305175781,10.6899995803833,10.600000381469727,10.649999618530273,7.770723819732666,11900
2015-09-24,10.680000305175781,10.680000305175781,10.640000343322754,10.670000076293945,7.78531551361084,16900
2015-09-25,10.699999809265137,10.819999694824219,10.65999984741211,10.789999961853027,7.872873306274414,28600
2015-09-28,10.819999694824219,10.819999694824219,10.600000381469727,10.630000114440918,7.756131172180176,27400
2015-09-29,10.680000305175781,10.680000305175781,10.569999694824219,10.569999694824219,7.7123517990112305,25900
2015-09-30,10.649999618530273,10.65999984741211,10.5600004196167,10.5600004196167,7.705055236816406,33700
2015-10-01,10.5,10.609999656677246,10.5,10.579999923706055,7.7196502685546875,27300
2015-10-02,10.479999542236328,10.640000343322754,10.479999542236328,10.619999885559082,7.748833656311035,19400
2015-10-05,10.630000114440918,10.800000190734863,10.630000114440918,10.800000190734863,7.880171298980713,27900
2015-10-06,10.800000190734863,10.859999656677246,10.760000228881836,10.859999656677246,7.923946857452393,38800
2015-10-07,10.859999656677246,10.970000267028809,10.829999923706055,10.970000267028809,8.004209518432617,21600
2015-10-08,10.920000076293945,11.09000015258789,10.899999618530273,11.09000015258789,8.09177017211914,24300
2015-10-09,11.140000343322754,11.270000457763672,11.109999656677246,11.270000457763672,8.223104476928711,44400
2015-10-12,11.220000267028809,11.34000015258789,11.220000267028809,11.300000190734863,8.244991302490234,16000
2015-10-13,11.170000076293945,11.289999961853027,11.170000076293945,11.170000076293945,8.204591751098633,15900
2015-10-14,11.579999923706055,11.579999923706055,11.210000038146973,11.270000457763672,8.278047561645508,23600
2015-10-15,11.239999771118164,11.369999885559082,11.239999771118164,11.369999885559082,8.3514986038208,15200
2015-10-16,11.369999885559082,11.4399995803833,11.34000015258789,11.4399995803833,8.402915000915527,20300
2015-10-19,11.470000267028809,11.869999885559082,11.359999656677246,11.619999885559082,8.53512954711914,76200
2015-10-20,11.630000114440918,11.699999809265137,11.630000114440918,11.680000305175781,8.57919692993164,11400
2015-10-21,11.739999771118164,11.739999771118164,11.65999984741211,11.710000038146973,8.601237297058105,22200
2015-10-22,11.680000305175781,11.8100004196167,11.680000305175781,11.770000457763672,8.645307540893555,32100
2015-10-23,11.800000190734863,11.800000190734863,11.729999542236328,11.760000228881836,8.637962341308594,25000
2015-10-26,11.789999961853027,11.789999961853027,11.670000076293945,11.699999809265137,8.593888282775879,23400
2015-10-27,11.720000267028809,11.720000267028809,11.579999923706055,11.59000015258789,8.513092041015625,20400
2015-10-28,11.600000381469727,11.729999542236328,11.59000015258789,11.670000076293945,8.571853637695312,14000
2015-10-29,11.670000076293945,11.6899995803833,11.489999771118164,11.5,8.446986198425293,23800
2015-10-30,11.529999732971191,11.59000015258789,11.5,11.59000015258789,8.513092041015625,21000
2015-11-02,11.640000343322754,11.710000038146973,11.609999656677246,11.710000038146973,8.601237297058105,32500
2015-11-03,11.699999809265137,11.760000228881836,11.649999618530273,11.699999809265137,8.593888282775879,25200
2015-11-04,11.699999809265137,11.710000038146973,11.619999885559082,11.6899995803833,8.586544036865234,30800
2015-11-05,11.680000305175781,11.699999809265137,11.609999656677246,11.630000114440918,8.542475700378418,19100
2015-11-06,11.579999923706055,11.619999885559082,11.329999923706055,11.369999885559082,8.3514986038208,33200
2015-11-09,11.350000381469727,11.359999656677246,11.210000038146973,11.210000038146973,8.233975410461426,30900
2015-11-10,11.210000038146973,11.289999961853027,11.130000114440918,11.239999771118164,8.25600814819336,36000
2015-11-11,11.270000457763672,11.420000076293945,11.229999542236328,11.40999984741211,8.380880355834961,51100
2015-11-12,11.329999923706055,11.329999923706055,11.15999984741211,11.15999984741211,8.25148868560791,24700
2015-11-13,11.170000076293945,11.220000267028809,11.100000381469727,11.15999984741211,8.25148868560791,21900
2015-11-16,11.0600004196167,11.239999771118164,11.0600004196167,11.180000305175781,8.266275405883789,46800
2015-11-17,11.180000305175781,11.220000267028809,11.050000190734863,11.069999694824219,8.184944152832031,36000
2015-11-18,11.050000190734863,11.130000114440918,11.050000190734863,11.119999885559082,8.221916198730469,16800
2015-11-19,11.170000076293945,11.170000076293945,11.069999694824219,11.130000114440918,8.229308128356934,25900
2015-11-20,11.119999885559082,11.1899995803833,11.0600004196167,11.119999885559082,8.221916198730469,21600
2015-11-23,11.140000343322754,11.149999618530273,11.020000457763672,11.039999961853027,8.162763595581055,21800
2015-11-24,11.069999694824219,11.100000381469727,11.020000457763672,11.050000190734863,8.170154571533203,29700
2015-11-25,11.079999923706055,11.140000343322754,11.0600004196167,11.119999885559082,8.221916198730469,25500
2015-11-27,11.170000076293945,11.220000267028809,11.130000114440918,11.170000076293945,8.258877754211426,6800
2015-11-30,11.149999618530273,11.180000305175781,11.119999885559082,11.170000076293945,8.258877754211426,16200
2015-12-01,11.130000114440918,11.210000038146973,11.119999885559082,11.170000076293945,8.258877754211426,18700
2015-12-02,11.119999885559082,11.140000343322754,11.050000190734863,11.069999694824219,8.184944152832031,23300
2015-12-03,11.050000190734863,11.069999694824219,10.949999809265137,10.970000267028809,8.111001968383789,29700
2015-12-04,10.970000267028809,10.970000267028809,10.890000343322754,10.9399995803833,8.08881950378418,24100
2015-12-07,10.899999618530273,10.899999618530273,10.8100004196167,10.84000015258789,8.014886856079102,17200
2015-12-08,10.84000015258789,10.869999885559082,10.75,10.779999732971191,7.970522880554199,26000
2015-12-09,10.819999694824219,10.869999885559082,10.699999809265137,10.760000228881836,7.955734729766846,20200
2015-12-10,10.789999961853027,10.800000190734863,10.739999771118164,10.739999771118164,7.940947532653809,23500
2015-12-11,10.609999656677246,10.65999984741211,10.529999732971191,10.550000190734863,7.855322360992432,29100
2015-12-14,10.550000190734863,10.579999923706055,10.380000114440918,10.430000305175781,7.7659711837768555,62300
2015-12-15,10.399999618530273,10.729999542236328,10.399999618530273,10.6899995803833,7.959561347961426,59500
2015-12-16,10.65999984741211,11.0,10.65999984741211,11.0,8.190381050109863,43200
2015-12-17,11.0,11.15999984741211,10.920000076293945,11.09000015258789,8.257396697998047,47300
2015-12-18,11.050000190734863,11.239999771118164,10.979999542236328,11.09000015258789,8.257396697998047,51200
2015-12-21,11.09000015258789,11.130000114440918,11.0,11.029999732971191,8.212719917297363,31000
2015-12-22,11.09000015258789,11.100000381469727,10.880000114440918,11.020000457763672,8.205273628234863,37100
2015-12-23,11.029999732971191,11.260000228881836,11.010000228881836,11.25,8.37652587890625,36700
2015-12-24,11.289999961853027,11.479999542236328,11.199999809265137,11.350000381469727,8.450983047485352,15600
2015-12-28,11.40999984741211,11.40999984741211,11.350000381469727,11.359999656677246,8.458434104919434,31900
2015-12-29,11.350000381469727,11.510000228881836,11.350000381469727,11.489999771118164,8.555227279663086,36600
2015-12-30,11.489999771118164,11.489999771118164,11.420000076293945,11.479999542236328,8.547779083251953,15800
2015-12-31,11.40999984741211,11.470000267028809,11.199999809265137,11.199999809265137,8.339296340942383,23200
2016-01-04,11.149999618530273,11.260000228881836,11.100000381469727,11.140000343322754,8.294622421264648,25100
2016-01-05,11.180000305175781,11.34000015258789,11.180000305175781,11.319999694824219,8.42864990234375,34100
2016-01-06,11.270000457763672,11.460000038146973,11.25,11.460000038146973,8.532889366149902,37100
2016-01-07,11.390000343322754,11.470000267028809,11.279999732971191,11.449999809265137,8.525440216064453,26400
2016-01-08,11.420000076293945,11.4399995803833,11.350000381469727,11.420000076293945,8.503104209899902,35800
2016-01-11,11.430000305175781,11.449999809265137,11.350000381469727,11.430000305175781,8.510550498962402,22700
2016-01-12,11.430000305175781,11.449999809265137,11.359999656677246,11.4399995803833,8.517997741699219,14800
2016-01-13,11.399999618530273,11.430000305175781,11.229999542236328,11.229999542236328,8.36163330078125,33400
2016-01-14,11.15999984741211,11.350000381469727,11.079999923706055,11.239999771118164,8.425348281860352,37400
2016-01-15,11.069999694824219,11.220000267028809,11.069999694824219,11.15999984741211,8.365387916564941,15900
2016-01-19,11.180000305175781,11.319999694824219,11.149999618530273,11.25,8.432845115661621,35700
2016-01-20,11.220000267028809,11.359999656677246,10.539999961853027,10.699999809265137,8.020569801330566,75000
2016-01-21,10.829999923706055,10.899999618530273,10.699999809265137,10.75,8.058053970336914,26100
2016-01-22,10.960000038146973,11.109999656677246,10.819999694824219,10.930000305175781,8.192980766296387,41300
2016-01-25,10.930000305175781,11.079999923706055,10.930000305175781,10.930000305175781,8.192980766296387,14500
2016-01-26,10.90999984741211,11.170000076293945,10.899999618530273,11.15999984741211,8.365387916564941,16900
2016-01-27,11.199999809265137,11.350000381469727,11.149999618530273,11.25,8.432845115661621,21700
2016-01-28,11.300000190734863,11.470000267028809,11.25,11.449999809265137,8.58276081085205,25900
2016-01-29,11.489999771118164,11.640000343322754,11.380000114440918,11.640000343322754,8.725187301635742,46200
2016-02-01,11.670000076293945,11.869999885559082,11.600000381469727,11.869999885559082,8.897592544555664,46500
2016-02-02,11.890000343322754,11.9399995803833,11.710000038146973,11.890000343322754,8.912579536437988,39200
2016-02-03,11.979999542236328,12.220000267028809,11.890000343322754,12.170000076293945,9.122466087341309,50900
2016-02-04,12.149999618530273,12.149999618530273,11.899999618530273,12.09000015258789,9.062499046325684,53700
2016-02-05,12.109999656677246,12.199999809265137,12.010000228881836,12.029999732971191,9.017525672912598,39700
2016-02-08,12.0,12.09000015258789,11.630000114440918,11.84000015258789,8.875102996826172,66700
2016-02-09,11.8100004196167,11.84000015258789,11.229999542236328,11.510000228881836,8.627735137939453,92100
2016-02-10,11.630000114440918,11.670000076293945,11.34000015258789,11.460000038146973,8.590258598327637,19200
2016-02-11,11.329999923706055,11.470000267028809,10.960000038146973,11.069999694824219,8.352582931518555,74000
2016-02-12,11.15999984741211,11.3100004196167,11.100000381469727,11.3100004196167,8.533670425415039,28300
2016-02-16,11.420000076293945,11.420000076293945,11.319999694824219,11.34000015258789,8.556306838989258,18000
2016-02-17,11.329999923706055,11.6899995803833,11.260000228881836,11.6899995803833,8.820391654968262,43300
2016-02-18,11.6899995803833,11.899999618530273,11.550000190734863,11.729999542236328,8.850568771362305,23800
2016-02-19,11.65999984741211,11.729999542236328,11.489999771118164,11.6899995803833,8.820391654968262,27200
2016-02-22,11.819999694824219,11.819999694824219,11.739999771118164,11.770000457763672,8.880751609802246,11700
2016-02-23,11.800000190734863,11.829999923706055,11.75,11.8100004196167,8.910932540893555,15500
2016-02-24,11.710000038146973,11.880000114440918,11.6899995803833,11.710000038146973,8.835480690002441,14600
2016-02-25,11.800000190734863,11.989999771118164,11.800000190734863,11.930000305175781,9.00147533416748,27400
2016-02-26,11.90999984741211,12.050000190734863,11.90999984741211,11.979999542236328,9.039200782775879,21900
2016-02-29,12.039999961853027,12.239999771118164,11.979999542236328,12.229999542236328,9.227828979492188,51600
2016-03-01,12.260000228881836,12.300000190734863,12.130000114440918,12.300000190734863,9.280647277832031,44600
2016-03-02,12.359999656677246,12.390000343322754,12.279999732971191,12.369999885559082,9.333467483520508,31700
2016-03-03,12.350000381469727,12.449999809265137,12.300000190734863,12.449999809265137,9.393829345703125,37000
2016-03-04,12.449999809265137,12.449999809265137,12.380000114440918,12.399999618530273,9.356101036071777,18700
2016-03-07,12.40999984741211,12.5,12.40999984741211,12.489999771118164,9.424007415771484,21700
2016-03-08,12.5,12.600000381469727,12.470000267028809,12.600000381469727,9.507007598876953,19800
2016-03-09,12.59000015258789,12.890000343322754,12.449999809265137,12.859999656677246,9.703184127807617,27300
2016-03-10,12.859999656677246,12.970000267028809,12.800000190734863,12.920000076293945,9.748452186584473,21900
2016-03-11,12.880000114440918,12.949999809265137,12.649999618530273,12.9399995803833,9.820552825927734,24800
2016-03-14,12.859999656677246,12.859999656677246,12.600000381469727,12.8100004196167,9.721891403198242,28700
2016-03-15,12.800000190734863,12.800000190734863,12.470000267028809,12.529999732971191,9.509390830993652,39800
2016-03-16,12.569999694824219,12.739999771118164,12.489999771118164,12.739999771118164,9.6687650680542,16200
2016-03-17,12.800000190734863,12.880000114440918,12.710000038146973,12.760000228881836,9.683944702148438,27600
2016-03-18,12.829999923706055,12.920000076293945,12.699999809265137,12.699999809265137,9.638410568237305,11300
2016-03-21,12.739999771118164,12.819999694824219,12.739999771118164,12.819999694824219,9.72948169708252,21400
2016-03-22,12.789999961853027,12.800000190734863,12.699999809265137,12.75,9.67635440826416,17700
2016-03-23,12.75,12.800000190734863,12.729999542236328,12.770000457763672,9.691534996032715,9900
2016-03-24,12.75,12.8100004196167,12.680000305175781,12.729999542236328,9.661178588867188,15100
2016-03-28,12.760000228881836,12.819999694824219,12.649999618530273,12.710000038146973,9.645999908447266,30000
2016-03-29,12.770000457763672,12.84000015258789,12.699999809265137,12.720000267028809,9.653590202331543,24400
2016-03-30,12.800000190734863,12.829999923706055,12.670000076293945,12.819999694824219,9.72948169708252,30800
2016-03-31,12.770000457763672,12.850000381469727,12.6899995803833,12.800000190734863,9.714301109313965,18200
2016-04-01,12.800000190734863,12.800000190734863,12.699999809265137,12.770000457763672,9.691534996032715,20000
2016-04-04,12.729999542236328,12.789999961853027,12.670000076293945,12.779999732971191,9.699124336242676,18800
2016-04-05,12.710000038146973,12.850000381469727,12.710000038146973,12.84000015258789,9.744659423828125,20400
2016-04-06,12.800000190734863,12.899999618530273,12.75,12.84000015258789,9.744659423828125,35000
2016-04-07,12.859999656677246,12.899999618530273,12.789999961853027,12.880000114440918,9.775016784667969,14600
2016-04-08,12.899999618530273,13.0,12.819999694824219,12.829999923706055,9.737069129943848,19400
2016-04-11,12.680000305175781,12.960000038146973,12.630000114440918,12.670000076293945,9.672183990478516,50400
2016-04-12,12.770000457763672,12.850000381469727,12.609999656677246,12.6899995803833,9.687446594238281,24200
2016-04-13,12.65999984741211,12.930000305175781,12.65999984741211,12.779999732971191,9.75615406036377,21400
2016-04-14,12.720000267028809,12.819999694824219,12.699999809265137,12.800000190734863,9.771421432495117,12500
2016-04-15,12.739999771118164,12.8100004196167,12.739999771118164,12.8100004196167,9.779056549072266,10800
2016-04-18,12.75,12.84000015258789,12.75,12.800000190734863,9.771421432495117,19900
2016-04-19,12.8100004196167,12.8100004196167,12.760000228881836,12.800000190734863,9.771421432495117,16200
2016-04-20,12.8100004196167,12.829999923706055,12.75,12.75,9.73325252532959,36800
2016-04-21,12.789999961853027,12.800000190734863,12.699999809265137,12.770000457763672,9.748522758483887,20600
2016-04-22,12.819999694824219,12.819999694824219,12.65999984741211,12.729999542236328,9.717986106872559,33900
2016-04-25,12.699999809265137,12.800000190734863,12.699999809265137,12.720000267028809,9.710354804992676,10500
2016-04-26,12.859999656677246,12.859999656677246,12.729999542236328,12.729999542236328,9.717986106872559,7800
2016-04-27,12.859999656677246,12.920000076293945,12.789999961853027,12.920000076293945,9.86303424835205,34700
2016-04-28,12.920000076293945,12.989999771118164,12.880000114440918,12.930000305175781,9.8706636428833,17000
2016-04-29,12.970000267028809,12.989999771118164,12.920000076293945,12.979999542236328,9.908833503723145,5100
2016-05-02,13.0,13.0,12.9399995803833,13.0,9.92409896850586,18000
2016-05-03,12.960000038146973,13.109999656677246,12.960000038146973,13.100000381469727,10.000439643859863,28800
2016-05-04,13.109999656677246,13.109999656677246,13.0,13.029999732971191,9.947003364562988,22100
2016-05-05,13.09000015258789,13.100000381469727,13.010000228881836,13.050000190734863,9.962271690368652,12100
2016-05-06,13.010000228881836,13.109999656677246,13.010000228881836,13.109999656677246,10.008072853088379,14600
2016-05-09,13.130000114440918,13.229999542236328,13.119999885559082,13.210000038146973,10.08441162109375,26500
2016-05-10,13.210000038146973,13.359999656677246,13.199999809265137,13.199999809265137,10.076778411865234,18300
2016-05-11,13.25,13.260000228881836,12.899999618530273,13.050000190734863,9.962271690368652,37600
2016-05-12,13.0,13.039999961853027,12.869999885559082,12.979999542236328,9.966110229492188,21200
2016-05-13,12.90999984741211,12.979999542236328,12.850000381469727,12.960000038146973,9.950756072998047,27800
2016-05-16,12.880000114440918,12.949999809265137,12.829999923706055,12.9399995803833,9.93540096282959,15600
2016-05-17,12.84000015258789,12.90999984741211,12.680000305175781,12.6899995803833,9.743446350097656,33900
2016-05-18,12.710000038146973,12.789999961853027,12.65999984741211,12.6899995803833,9.743446350097656,26100
2016-05-19,12.739999771118164,12.899999618530273,12.670000076293945,12.850000381469727,9.866292953491211,26300
2016-05-20,12.850000381469727,12.989999771118164,12.699999809265137,12.989999771118164,9.973790168762207,15200
2016-05-23,12.920000076293945,12.979999542236328,12.829999923706055,12.9399995803833,9.93540096282959,24100
2016-05-24,12.9399995803833,12.949999809265137,12.75,12.949999809265137,9.943078994750977,23500
2016-05-25,12.899999618530273,12.979999542236328,12.710000038146973,12.720000267028809,9.7664794921875,47000
2016-05-26,12.630000114440918,12.880000114440918,12.630000114440918,12.829999923706055,9.85093879699707,25700
2016-05-27,12.899999618530273,12.899999618530273,12.710000038146973,12.800000190734863,9.827903747558594,13100
2016-05-31,12.710000038146973,12.899999618530273,12.710000038146973,12.770000457763672,9.804871559143066,18300
2016-06-01,12.84000015258789,12.890000343322754,12.819999694824219,12.84000015258789,9.858616828918457,18800
2016-06-02,12.960000038146973,13.010000228881836,12.850000381469727,13.0,9.981466293334961,45000
2016-06-03,13.029999732971191,13.239999771118164,13.0,13.229999542236328,10.158062934875488,36400
2016-06-06,13.170000076293945,13.199999809265137,13.069999694824219,13.100000381469727,10.058242797851562,24800
2016-06-07,13.109999656677246,13.199999809265137,13.020000457763672,13.079999923706055,10.042891502380371,26400
2016-06-08,13.069999694824219,13.170000076293945,13.069999694824219,13.130000114440918,10.081280708312988,9400
2016-06-09,13.170000076293945,13.199999809265137,13.100000381469727,13.199999809265137,10.135028839111328,10000
2016-06-10,13.039999961853027,13.3100004196167,13.039999961853027,13.25,10.173417091369629,27600
2016-06-13,13.25,13.25,12.949999809265137,13.039999961853027,10.069170951843262,20800
2016-06-14,13.039999961853027,13.039999961853027,12.739999771118164,12.869999885559082,9.93790340423584,42800
2016-06-15,12.9399995803833,12.9399995803833,12.760000228881836,12.789999961853027,9.876128196716309,16600
2016-06-16,12.75,12.960000038146973,12.75,12.850000381469727,9.922460556030273,12400
2016-06-17,12.829999923706055,13.149999618530273,12.829999923706055,12.850000381469727,9.922460556030273,18100
2016-06-20,13.050000190734863,13.050000190734863,12.850000381469727,12.949999809265137,9.999677658081055,17800
2016-06-21,12.899999618530273,13.039999961853027,12.899999618530273,12.9399995803833,9.991951942443848,18000
2016-06-22,12.880000114440918,13.039999961853027,12.880000114440918,12.9399995803833,9.991951942443848,19500
2016-06-23,13.09000015258789,13.09000015258789,12.869999885559082,13.039999961853027,10.069170951843262,29000
2016-06-24,12.90999984741211,13.039999961853027,12.90999984741211,13.0,10.038283348083496,19500
2016-06-27,12.970000267028809,13.130000114440918,12.819999694824219,13.020000457763672,10.053732872009277,16700
2016-06-28,13.180000305175781,13.279999732971191,13.010000228881836,13.180000305175781,10.17728042602539,29300
2016-06-29,13.300000190734863,13.399999618530273,13.239999771118164,13.319999694824219,10.285383224487305,14600
2016-06-30,13.270000457763672,13.5,13.270000457763672,13.380000114440918,10.331711769104004,28300
2016-07-01,13.59000015258789,13.59000015258789,13.380000114440918,13.489999771118164,10.416655540466309,44200
2016-07-05,13.399999618530273,13.539999961853027,13.399999618530273,13.5,10.424375534057617,24700
2016-07-06,13.399999618530273,13.539999961853027,13.399999618530273,13.529999732971191,10.447541236877441,29100
2016-07-07,13.5,13.529999732971191,13.359999656677246,13.390000343322754,10.339436531066895,28900
2016-07-08,13.449999809265137,13.630000114440918,13.390000343322754,13.609999656677246,10.50931167602539,46200
2016-07-11,13.729999542236328,13.850000381469727,13.390000343322754,13.619999885559082,10.575310707092285,41300
2016-07-12,13.520000457763672,13.640000343322754,13.520000457763672,13.619999885559082,10.575310707092285,38700
2016-07-13,13.5600004196167,13.59000015258789,13.40999984741211,13.4399995803833,10.435550689697266,21600
2016-07-14,13.579999923706055,13.579999923706055,13.359999656677246,13.359999656677246,10.373431205749512,29500
2016-07-15,13.449999809265137,13.449999809265137,13.289999961853027,13.369999885559082,10.38119888305664,15700
2016-07-18,13.319999694824219,13.420000076293945,13.270000457763672,13.369999885559082,10.38119888305664,30700
2016-07-19,13.300000190734863,13.430000305175781,13.289999961853027,13.350000381469727,10.365669250488281,10300
2016-07-20,13.40999984741211,13.40999984741211,13.25,13.25,10.288023948669434,38200
2016-07-21,13.3100004196167,13.420000076293945,13.279999732971191,13.390000343322754,10.396728515625,18700
2016-07-22,13.34000015258789,13.449999809265137,13.279999732971191,13.430000305175781,10.427783966064453,14900
2016-07-25,13.430000305175781,13.4399995803833,13.399999618530273,13.40999984741211,10.412256240844727,6300
2016-07-26,13.390000343322754,13.640000343322754,13.369999885559082,13.5600004196167,10.52872371673584,36600
2016-07-27,13.649999618530273,13.649999618530273,13.34000015258789,13.510000228881836,10.48990249633789,23500
2016-07-28,13.510000228881836,13.550000190734863,13.460000038146973,13.489999771118164,10.47437572479248,8000
2016-07-29,13.550000190734863,13.619999885559082,13.479999542236328,13.609999656677246,10.567545890808105,8400
2016-08-01,13.65999984741211,13.65999984741211,13.359999656677246,13.489999771118164,10.47437572479248,24000
2016-08-02,13.489999771118164,13.489999771118164,13.270000457763672,13.420000076293945,10.420021057128906,26100
2016-08-03,13.40999984741211,13.420000076293945,13.390000343322754,13.420000076293945,10.420021057128906,9800
2016-08-04,13.489999771118164,13.489999771118164,13.3100004196167,13.380000114440918,10.388962745666504,21000
2016-08-05,13.4399995803833,13.4399995803833,13.289999961853027,13.329999923706055,10.350142478942871,12700
2016-08-08,13.289999961853027,13.359999656677246,13.289999961853027,13.319999694824219,10.342376708984375,28000
2016-08-09,13.260000228881836,13.359999656677246,13.260000228881836,13.300000190734863,10.3268461227417,18000
2016-08-10,13.380000114440918,13.380000114440918,13.220000267028809,13.239999771118164,10.280255317687988,27800
2016-08-11,13.1899995803833,13.239999771118164,13.119999885559082,13.130000114440918,10.2529296875,19300
2016-08-12,13.119999885559082,13.300000190734863,13.119999885559082,13.239999771118164,10.338826179504395,16200
2016-08-15,13.270000457763672,13.270000457763672,13.199999809265137,13.199999809265137,10.30759048461914,27300
2016-08-16,13.220000267028809,13.220000267028809,12.949999809265137,13.029999732971191,10.174839973449707,30300
2016-08-17,13.100000381469727,13.180000305175781,12.960000038146973,13.170000076293945,10.284164428710938,27800
2016-08-18,13.170000076293945,13.300000190734863,13.140000343322754,13.260000228881836,10.354443550109863,35900
2016-08-19,13.279999732971191,13.279999732971191,13.079999923706055,13.100000381469727,10.229499816894531,36400
2016-08-22,13.039999961853027,13.170000076293945,13.039999961853027,13.09000015258789,10.221692085266113,19400
2016-08-23,13.09000015258789,13.229999542236328,13.09000015258789,13.210000038146973,10.315398216247559,13000
2016-08-24,13.270000457763672,13.270000457763672,13.15999984741211,13.220000267028809,10.323208808898926,25900
2016-08-25,13.170000076293945,13.25,13.149999618530273,13.220000267028809,10.323208808898926,28000
2016-08-26,13.15999984741211,13.199999809265137,12.970000267028809,13.039999961853027,10.182648658752441,35800
2016-08-29,12.960000038146973,13.069999694824219,12.760000228881836,13.020000457763672,10.167033195495605,55500
2016-08-30,12.899999618530273,12.970000267028809,12.710000038146973,12.899999618530273,10.073326110839844,63900
2016-08-31,12.779999732971191,12.9399995803833,12.779999732971191,12.930000305175781,10.09675407409668,17100
2016-09-01,12.930000305175781,13.0,12.8100004196167,12.930000305175781,10.09675407409668,25400
2016-09-02,12.850000381469727,12.949999809265137,12.850000381469727,12.949999809265137,10.112370491027832,20800
2016-09-06,12.949999809265137,13.149999618530273,12.949999809265137,13.100000381469727,10.229499816894531,19900
2016-09-07,13.100000381469727,13.289999961853027,13.0,13.260000228881836,10.354443550109863,36500
2016-09-08,13.15999984741211,13.3100004196167,13.109999656677246,13.15999984741211,10.27635669708252,30500
2016-09-09,13.029999732971191,13.180000305175781,12.9399995803833,12.949999809265137,10.112370491027832,21700
2016-09-12,12.770000457763672,13.0,12.760000228881836,12.979999542236328,10.194840431213379,16600
2016-09-13,12.90999984741211,13.010000228881836,12.800000190734863,12.850000381469727,10.092734336853027,20000
2016-09-14,12.800000190734863,12.850000381469727,12.670000076293945,12.699999809265137,9.974922180175781,15400
2016-09-15,12.680000305175781,12.859999656677246,12.670000076293945,12.779999732971191,10.037755966186523,10700
2016-09-16,12.75,12.800000190734863,12.569999694824219,12.59000015258789,9.888524055480957,15800
2016-09-19,12.569999694824219,12.6899995803833,12.539999961853027,12.600000381469727,9.896377563476562,43700
2016-09-20,12.600000381469727,12.729999542236328,12.539999961853027,12.579999923706055,9.880668640136719,17800
2016-09-21,12.5600004196167,12.729999542236328,12.550000190734863,12.720000267028809,9.99062728881836,38800
2016-09-22,12.789999961853027,12.84000015258789,12.699999809265137,12.720000267028809,9.99062728881836,19500
2016-09-23,12.630000114440918,12.699999809265137,12.59000015258789,12.65999984741211,9.943504333496094,28200
2016-09-26,12.630000114440918,12.640000343322754,12.600000381469727,12.600000381469727,9.896377563476562,8000
2016-09-27,12.630000114440918,12.65999984741211,12.539999961853027,12.539999961853027,9.84925365447998,36100
2016-09-28,12.5,12.649999618530273,12.5,12.5600004196167,9.86496353149414,24300
2016-09-29,12.520000457763672,12.59000015258789,12.430000305175781,12.430000305175781,9.762853622436523,28800
2016-09-30,12.420000076293945,12.479999542236328,12.300000190734863,12.4399995803833,9.770710945129395,50600
2016-10-03,12.34000015258789,12.4399995803833,12.3100004196167,12.359999656677246,9.707874298095703,38000
2016-10-04,12.3100004196167,12.329999923706055,12.119999885559082,12.119999885559082,9.519372940063477,25300
2016-10-05,12.100000381469727,12.220000267028809,11.760000228881836,11.9399995803833,9.3779935836792,52200
2016-10-06,11.829999923706055,11.970000267028809,11.819999694824219,11.84000015258789,9.299454689025879,43700
2016-10-07,11.84000015258789,11.949999809265137,11.84000015258789,11.850000381469727,9.307307243347168,12400
2016-10-10,11.949999809265137,11.989999771118164,11.869999885559082,11.949999809265137,9.385852813720703,25100
2016-10-11,11.880000114440918,11.949999809265137,11.850000381469727,11.90999984741211,9.354433059692383,16000
2016-10-12,11.829999923706055,11.989999771118164,11.829999923706055,11.930000305175781,9.370144844055176,25300
2016-10-13,11.760000228881836,11.970000267028809,11.760000228881836,11.859999656677246,9.374094009399414,23100
2016-10-14,11.869999885559082,11.960000038146973,11.859999656677246,11.859999656677246,9.374094009399414,15100
2016-10-17,11.829999923706055,11.859999656677246,11.710000038146973,11.710000038146973,9.255533218383789,21800
2016-10-18,11.739999771118164,11.90999984741211,11.680000305175781,11.890000343322754,9.397805213928223,17600
2016-10-19,11.90999984741211,12.029999732971191,11.779999732971191,11.960000038146973,9.453132629394531,24200
2016-10-20,11.930000305175781,11.9399995803833,11.899999618530273,11.9399995803833,9.437326431274414,13900
2016-10-21,11.920000076293945,11.920000076293945,11.8100004196167,11.84000015258789,9.35828685760498,25900
2016-10-24,11.949999809265137,11.949999809265137,11.84000015258789,11.850000381469727,9.366190910339355,18900
2016-10-25,11.9399995803833,11.970000267028809,11.869999885559082,11.9399995803833,9.437326431274414,13800
2016-10-26,11.960000038146973,11.979999542236328,11.90999984741211,11.9399995803833,9.437326431274414,13900
2016-10-27,11.979999542236328,12.029999732971191,11.890000343322754,11.930000305175781,9.429422378540039,15600
2016-10-28,11.960000038146973,12.079999923706055,11.899999618530273,11.9399995803833,9.437326431274414,16200
2016-10-31,11.970000267028809,12.0600004196167,11.949999809265137,11.979999542236328,9.468940734863281,21000
2016-11-01,12.069999694824219,12.069999694824219,11.949999809265137,12.0,9.484747886657715,23500
2016-11-02,11.979999542236328,11.979999542236328,11.859999656677246,11.880000114440918,9.38990306854248,23100
2016-11-03,11.850000381469727,11.850000381469727,11.760000228881836,11.760000228881836,9.295052528381348,24100
2016-11-04,11.850000381469727,11.880000114440918,11.75,11.75,9.287150382995605,14200
2016-11-07,11.800000190734863,11.869999885559082,11.770000457763672,11.84000015258789,9.35828685760498,12600
2016-11-08,11.800000190734863,12.010000228881836,11.789999961853027,11.949999809265137,9.445232391357422,18700
2016-11-09,11.8100004196167,11.989999771118164,11.8100004196167,11.869999885559082,9.381997108459473,29800
2016-11-10,11.869999885559082,11.9399995803833,11.630000114440918,11.789999961853027,9.318767547607422,68100
2016-11-11,11.84000015258789,11.84000015258789,11.319999694824219,11.529999732971191,9.113265991210938,50300
2016-11-14,11.40999984741211,11.40999984741211,11.199999809265137,11.369999885559082,9.045638084411621,50600
2016-11-15,11.25,11.510000228881836,11.25,11.470000267028809,9.125199317932129,29800
2016-11-16,11.579999923706055,11.579999923706055,11.399999618530273,11.539999961853027,9.180889129638672,26100
2016-11-17,11.399999618530273,11.800000190734863,11.399999618530273,11.619999885559082,9.244532585144043,36200
2016-11-18,11.640000343322754,11.680000305175781,11.539999961853027,11.630000114440918,9.252487182617188,20200
2016-11-21,11.680000305175781,11.760000228881836,11.5600004196167,11.710000038146973,9.316132545471191,23400
2016-11-22,11.779999732971191,11.829999923706055,11.710000038146973,11.8100004196167,9.39569091796875,36200
2016-11-23,11.600000381469727,11.710000038146973,11.600000381469727,11.640000343322754,9.260442733764648,23400
2016-11-25,11.600000381469727,11.670000076293945,11.600000381469727,11.649999618530273,9.268399238586426,10900
2016-11-28,11.65999984741211,11.819999694824219,11.649999618530273,11.720000267028809,9.324091911315918,43300
2016-11-29,11.710000038146973,11.84000015258789,11.710000038146973,11.760000228881836,9.35590934753418,19500
2016-11-30,11.770000457763672,11.8100004196167,11.710000038146973,11.720000267028809,9.324091911315918,36300
2016-12-01,11.8100004196167,11.829999923706055,11.65999984741211,11.789999961853027,9.379780769348145,64500
2016-12-02,11.850000381469727,11.850000381469727,11.710000038146973,11.8100004196167,9.39569091796875,21800
2016-12-05,11.8100004196167,11.920000076293945,11.760000228881836,11.84000015258789,9.41955852508545,29900
2016-12-06,11.800000190734863,11.949999809265137,11.779999732971191,11.949999809265137,9.507073402404785,26300
2016-12-07,12.020000457763672,12.220000267028809,12.0,12.130000114440918,9.650277137756348,26800
2016-12-08,12.069999694824219,12.1899995803833,11.949999809265137,12.050000190734863,9.586629867553711,24100
2016-12-09,12.149999618530273,12.270000457763672,12.100000381469727,12.270000457763672,9.761651992797852,27900
2016-12-12,12.289999961853027,12.289999961853027,12.050000190734863,12.199999809265137,9.765654563903809,34700
2016-12-13,12.229999542236328,12.359999656677246,12.229999542236328,12.3100004196167,9.853706359863281,31100
2016-12-14,12.260000228881836,12.5,12.229999542236328,12.279999732971191,9.829690933227539,22800
2016-12-15,12.180000305175781,12.210000038146973,12.079999923706055,12.170000076293945,9.7416410446167,27300
2016-12-16,12.229999542236328,12.25,12.109999656677246,12.199999809265137,9.765654563903809,17000
2016-12-19,12.15999984741211,12.279999732971191,12.130000114440918,12.130000114440918,9.709627151489258,21700
2016-12-20,12.170000076293945,12.1899995803833,12.119999885559082,12.119999885559082,9.701619148254395,25600
2016-12-21,12.130000114440918,12.260000228881836,12.119999885559082,12.119999885559082,9.701619148254395,24700
2016-12-22,12.119999885559082,12.199999809265137,12.079999923706055,12.15999984741211,9.733636856079102,25900
2016-12-23,12.109999656677246,12.239999771118164,12.039999961853027,12.140000343322754,9.71762752532959,22800
2016-12-27,12.119999885559082,12.149999618530273,11.960000038146973,11.989999771118164,9.597558975219727,36800
2016-12-28,12.0,12.180000305175781,12.0,12.130000114440918,9.709627151489258,23500
2016-12-29,12.029999732971191,12.09000015258789,11.970000267028809,12.010000228881836,9.613569259643555,30400
2016-12-30,12.0,12.09000015258789,11.949999809265137,11.960000038146973,9.573546409606934,30300
2017-01-03,11.90999984741211,12.149999618530273,11.90999984741211,11.989999771118164,9.597558975219727,38300
2017-01-04,12.039999961853027,12.34000015258789,11.949999809265137,12.300000190734863,9.84570026397705,49600
2017-01-05,12.34000015258789,12.34000015258789,12.039999961853027,12.149999618530273,9.725631713867188,38200
2017-01-06,12.199999809265137,12.270000457763672,12.079999923706055,12.260000228881836,9.813684463500977,23100
2017-01-09,12.289999961853027,12.319999694824219,12.0600004196167,12.119999885559082,9.701619148254395,27900
2017-01-10,12.140000343322754,12.220000267028809,12.029999732971191,12.09000015258789,9.677604675292969,25300
2017-01-11,12.100000381469727,12.239999771118164,12.010000228881836,12.210000038146973,9.773663520812988,52400
2017-01-12,12.0600004196167,12.180000305175781,12.010000228881836,12.079999923706055,9.729362487792969,24400
2017-01-13,12.020000457763672,12.119999885559082,11.970000267028809,12.100000381469727,9.745471954345703,25400
2017-01-17,12.09000015258789,12.239999771118164,12.069999694824219,12.130000114440918,9.769637107849121,37500
2017-01-18,12.109999656677246,12.180000305175781,12.050000190734863,12.050000190734863,9.70520305633545,22100
2017-01-19,12.100000381469727,12.100000381469727,11.930000305175781,12.010000228881836,9.672983169555664,31900
2017-01-20,12.029999732971191,12.0600004196167,11.949999809265137,12.039999961853027,9.697144508361816,20500
2017-01-23,12.0600004196167,12.109999656677246,12.039999961853027,12.0600004196167,9.713255882263184,17000
2017-01-24,12.119999885559082,12.149999618530273,12.069999694824219,12.140000343322754,9.777688026428223,15700
2017-01-25,12.100000381469727,12.15999984741211,12.100000381469727,12.140000343322754,9.777688026428223,8200
2017-01-26,12.100000381469727,12.180000305175781,12.100000381469727,12.180000305175781,9.809905052185059,13200
2017-01-27,12.180000305175781,12.239999771118164,12.100000381469727,12.239999771118164,9.858227729797363,29100
2017-01-30,12.210000038146973,12.300000190734863,12.149999618530273,12.300000190734863,9.906551361083984,9900
2017-01-31,12.25,12.359999656677246,12.25,12.34000015258789,9.938769340515137,12000
2017-02-01,12.359999656677246,12.359999656677246,12.279999732971191,12.359999656677246,9.954877853393555,24700
2017-02-02,12.359999656677246,12.430000305175781,12.279999732971191,12.369999885559082,9.962931632995605,32100
2017-02-03,12.380000114440918,12.470000267028809,12.300000190734863,12.369999885559082,9.962931632995605,37400
2017-02-06,12.369999885559082,12.380000114440918,12.300000190734863,12.3100004196167,9.914607048034668,10200
2017-02-07,12.270000457763672,12.350000381469727,12.270000457763672,12.300000190734863,9.906551361083984,12100
2017-02-08,12.380000114440918,12.40999984741211,12.350000381469727,12.40999984741211,9.99515151977539,21500
2017-02-09,12.390000343322754,12.430000305175781,12.369999885559082,12.390000343322754,9.979043006896973,12200
2017-02-10,12.399999618530273,12.460000038146973,12.380000114440918,12.4399995803833,10.019309043884277,34300
2017-02-13,12.460000038146973,12.489999771118164,12.359999656677246,12.489999771118164,10.120597839355469,14200
2017-02-14,12.4399995803833,12.4399995803833,12.319999694824219,12.319999694824219,9.982848167419434,15800
2017-02-15,12.319999694824219,12.399999618530273,12.319999694824219,12.399999618530273,10.04766845703125,15600
2017-02-16,12.4399995803833,12.449999809265137,12.350000381469727,12.390000343322754,10.039569854736328,12800
2017-02-17,12.350000381469727,12.399999618530273,12.34000015258789,12.350000381469727,10.007157325744629,9500
2017-02-21,12.329999923706055,12.399999618530273,12.329999923706055,12.380000114440918,10.031465530395508,15800
2017-02-22,12.369999885559082,12.5,12.300000190734863,12.390000343322754,10.039569854736328,11000
2017-02-23,12.359999656677246,12.489999771118164,12.270000457763672,12.369999885559082,10.023362159729004,49900
2017-02-24,12.359999656677246,12.430000305175781,12.289999961853027,12.430000305175781,10.071977615356445,10700
2017-02-27,12.460000038146973,12.489999771118164,12.329999923706055,12.380000114440918,10.031465530395508,20100
2017-02-28,12.350000381469727,12.470000267028809,12.350000381469727,12.420000076293945,10.06387710571289,18600
2017-03-01,12.420000076293945,12.449999809265137,12.34000015258789,12.449999809265137,10.08818531036377,26600
2017-03-02,12.4399995803833,12.5,12.420000076293945,12.460000038146973,10.096287727355957,28200
2017-03-03,12.40999984741211,12.529999732971191,12.399999618530273,12.510000228881836,10.13680362701416,56700
2017-03-06,12.470000267028809,12.630000114440918,12.470000267028809,12.600000381469727,10.209729194641113,18900
2017-03-07,12.640000343322754,12.640000343322754,12.460000038146973,12.609999656677246,10.2178316116333,22900
2017-03-08,12.579999923706055,12.579999923706055,12.399999618530273,12.430000305175781,10.071977615356445,23500
2017-03-09,12.420000076293945,12.4399995803833,12.270000457763672,12.359999656677246,10.015259742736816,30000
2017-03-10,12.3100004196167,12.390000343322754,12.140000343322754,12.180000305175781,9.86940860748291,38300
2017-03-13,12.09000015258789,12.15999984741211,12.09000015258789,12.149999618530273,9.906095504760742,19800
2017-03-14,12.130000114440918,12.149999618530273,12.109999656677246,12.109999656677246,9.873483657836914,7700
2017-03-15,12.109999656677246,12.390000343322754,12.109999656677246,12.350000381469727,10.069157600402832,21100
2017-03-16,12.329999923706055,12.5,12.279999732971191,12.300000190734863,10.028393745422363,16900
2017-03-17,12.289999961853027,12.40999984741211,12.289999961853027,12.40999984741211,10.118077278137207,7900
2017-03-20,12.369999885559082,12.489999771118164,12.369999885559082,12.399999618530273,10.1099214553833,7700
2017-03-21,12.420000076293945,12.489999771118164,12.289999961853027,12.479999542236328,10.175148010253906,33900
2017-03-22,12.520000457763672,12.680000305175781,12.369999885559082,12.600000381469727,10.272988319396973,24500
2017-03-23,12.550000190734863,12.5600004196167,12.5,12.550000190734863,10.232223510742188,35000
2017-03-24,12.539999961853027,12.630000114440918,12.539999961853027,12.609999656677246,10.281140327453613,15700
2017-03-27,12.550000190734863,12.630000114440918,12.550000190734863,12.630000114440918,10.297449111938477,15800
2017-03-28,12.619999885559082,12.670000076293945,12.59000015258789,12.65999984741211,10.321907043457031,17100
2017-03-29,12.649999618530273,12.720000267028809,12.649999618530273,12.710000038146973,10.362674713134766,17500
2017-03-30,12.710000038146973,12.779999732971191,12.710000038146973,12.739999771118164,10.387131690979004,19100
2017-03-31,12.670000076293945,12.770000457763672,12.65999984741211,12.75,10.395288467407227,29000
2017-04-03,12.800000190734863,12.899999618530273,12.699999809265137,12.899999618530273,10.517582893371582,49200
2017-04-04,12.84000015258789,12.890000343322754,12.84000015258789,12.859999656677246,10.484971046447754,11800
2017-04-05,12.920000076293945,12.9399995803833,12.850000381469727,12.9399995803833,10.550192832946777,19600
2017-04-06,12.930000305175781,12.949999809265137,12.90999984741211,12.9399995803833,10.550192832946777,9600
2017-04-07,12.920000076293945,13.0,12.899999618530273,13.0,10.599114418029785,13400
2017-04-10,12.989999771118164,13.020000457763672,12.960000038146973,12.970000267028809,10.574654579162598,16100
2017-04-11,12.960000038146973,13.069999694824219,12.960000038146973,13.069999694824219,10.656187057495117,21800
2017-04-12,13.069999694824219,13.069999694824219,13.010000228881836,13.050000190734863,10.639880180358887,22300
2017-04-13,12.9399995803833,13.09000015258789,12.90999984741211,12.960000038146973,10.627578735351562,25400
2017-04-17,13.069999694824219,13.069999694824219,12.960000038146973,13.0,10.660381317138672,34600
2017-04-18,12.989999771118164,13.0,12.949999809265137,12.960000038146973,10.627578735351562,25500
2017-04-19,12.9399995803833,12.970000267028809,12.859999656677246,12.930000305175781,10.60297966003418,19600
2017-04-20,12.84000015258789,12.930000305175781,12.84000015258789,12.859999656677246,10.545574188232422,14500
2017-04-21,12.859999656677246,12.970000267028809,12.859999656677246,12.960000038146973,10.627578735351562,11300
2017-04-24,12.960000038146973,12.979999542236328,12.859999656677246,12.949999809265137,10.619380950927734,21400
2017-04-25,12.960000038146973,13.0,12.90999984741211,12.970000267028809,10.635778427124023,13500
2017-04-26,13.0,13.050000190734863,12.949999809265137,13.029999732971191,10.684982299804688,14500
2017-04-27,13.020000457763672,13.039999961853027,13.010000228881836,13.029999732971191,10.684982299804688,13100
2017-04-28,13.010000228881836,13.079999923706055,13.0,13.0600004196167,10.709583282470703,9200
2017-05-01,13.069999694824219,13.09000015258789,13.050000190734863,13.079999923706055,10.725982666015625,17300
2017-05-02,13.079999923706055,13.100000381469727,13.029999732971191,13.100000381469727,10.742382049560547,10000
2017-05-03,13.100000381469727,13.100000381469727,13.0600004196167,13.100000381469727,10.742382049560547,8400
2017-05-04,13.050000190734863,13.079999923706055,13.0,13.0,10.660381317138672,15200
2017-05-05,13.0600004196167,13.100000381469727,13.010000228881836,13.050000190734863,10.701382637023926,11500
2017-05-08,13.050000190734863,13.119999885559082,13.010000228881836,13.119999885559082,10.758784294128418,23700
2017-05-09,13.039999961853027,13.09000015258789,13.0,13.020000457763672,10.67678165435791,14300
2017-05-10,13.020000457763672,13.09000015258789,13.020000457763672,13.069999694824219,10.717782974243164,22300
2017-05-11,13.0,13.09000015258789,13.0,13.079999923706055,10.725982666015625,13200
2017-05-12,13.09000015258789,13.100000381469727,13.079999923706055,13.100000381469727,10.742382049560547,14400
2017-05-15,13.100000381469727,13.199999809265137,13.100000381469727,13.109999656677246,10.75058364868164,25100
2017-05-16,13.050000190734863,13.199999809265137,13.050000190734863,13.199999809265137,10.886670112609863,10600
2017-05-17,13.170000076293945,13.260000228881836,13.15999984741211,13.260000228881836,10.936152458190918,14300
2017-05-18,13.15999984741211,13.289999961853027,13.15999984741211,13.279999732971191,10.95264720916748,5300
2017-05-19,13.210000038146973,13.289999961853027,13.210000038146973,13.25,10.927903175354004,5700
2017-05-22,13.260000228881836,13.289999961853027,13.25,13.270000457763672,10.944398880004883,3800
2017-05-23,13.300000190734863,13.34000015258789,13.289999961853027,13.289999961853027,10.960895538330078,15100
2017-05-24,13.289999961853027,13.34000015258789,13.289999961853027,13.319999694824219,10.985636711120605,12200
2017-05-25,13.300000190734863,13.34000015258789,13.289999961853027,13.319999694824219,10.985636711120605,8400
2017-05-26,13.319999694824219,13.319999694824219,13.300000190734863,13.319999694824219,10.985636711120605,16900
2017-05-30,13.300000190734863,13.34000015258789,13.289999961853027,13.3100004196167,10.977389335632324,15500
2017-05-31,13.329999923706055,13.329999923706055,13.279999732971191,13.319999694824219,10.985636711120605,11200
2017-06-01,13.300000190734863,13.34000015258789,13.210000038146973,13.270000457763672,10.944398880004883,28600
2017-06-02,13.270000457763672,13.350000381469727,13.270000457763672,13.300000190734863,10.969141960144043,15300
2017-06-05,13.25,13.3100004196167,13.229999542236328,13.239999771118164,10.919656753540039,11700
2017-06-06,13.229999542236328,13.289999961853027,13.229999542236328,13.25,10.927903175354004,8900
2017-06-07,13.239999771118164,13.359999656677246,13.239999771118164,13.34000015258789,11.00213623046875,26300
2017-06-08,13.350000381469727,13.350000381469727,13.260000228881836,13.319999694824219,10.985636711120605,8100
2017-06-09,13.4399995803833,13.4399995803833,13.319999694824219,13.430000305175781,11.076360702514648,39100
2017-06-12,13.350000381469727,13.350000381469727,13.270000457763672,13.270000457763672,11.005864143371582,19900
2017-06-13,13.229999542236328,13.319999694824219,13.0600004196167,13.0600004196167,10.831692695617676,48900
2017-06-14,13.079999923706055,13.170000076293945,13.079999923706055,13.140000343322754,10.898041725158691,18200
2017-06-15,13.100000381469727,13.140000343322754,13.100000381469727,13.119999885559082,10.881457328796387,13300
2017-06-16,13.100000381469727,13.149999618530273,13.069999694824219,13.069999694824219,10.839985847473145,35800
2017-06-19,13.100000381469727,13.130000114440918,13.09000015258789,13.09000015258789,10.856575012207031,9800
2017-06-20,13.109999656677246,13.170000076293945,13.079999923706055,13.130000114440918,10.889751434326172,14300
2017-06-21,13.149999618530273,13.149999618530273,13.0600004196167,13.069999694824219,10.839985847473145,16100
2017-06-22,13.15999984741211,13.15999984741211,13.050000190734863,13.050000190734863,10.82339859008789,11100
2017-06-23,13.010000228881836,13.069999694824219,13.010000228881836,13.010000228881836,10.7902250289917,7800
2017-06-26,13.0,13.069999694824219,12.859999656677246,13.069999694824219,10.839985847473145,32600
2017-06-27,13.0600004196167,13.079999923706055,13.0,13.0,10.781929969787598,21700
2017-06-28,13.0,13.050000190734863,13.0,13.020000457763672,10.798518180847168,13200
2017-06-29,13.119999885559082,13.119999885559082,12.960000038146973,12.960000038146973,10.74875545501709,13400
2017-06-30,13.0,13.0,12.890000343322754,12.970000267028809,10.75704574584961,13700
2017-07-03,13.0600004196167,13.0600004196167,12.90999984741211,12.960000038146973,10.74875545501709,10500
2017-07-05,13.0600004196167,13.069999694824219,12.9399995803833,13.0600004196167,10.831692695617676,21900
2017-07-06,13.0,13.0,12.949999809265137,12.970000267028809,10.75704574584961,8700
2017-07-07,12.949999809265137,13.079999923706055,12.949999809265137,13.069999694824219,10.839985847473145,12800
2017-07-10,13.449999809265137,13.449999809265137,13.020000457763672,13.279999732971191,11.014159202575684,26700
2017-07-11,13.170000076293945,13.25,13.149999618530273,13.149999618530273,10.90633487701416,10500
2017-07-12,13.15999984741211,13.239999771118164,13.15999984741211,13.220000267028809,10.964393615722656,17900
2017-07-13,13.140000343322754,13.229999542236328,13.130000114440918,13.210000038146973,11.0186128616333,16000
2017-07-14,13.239999771118164,13.239999771118164,13.15999984741211,13.180000305175781,10.993589401245117,15100
2017-07-17,13.15999984741211,13.199999809265137,13.130000114440918,13.199999809265137,11.010270118713379,10400
2017-07-18,13.149999618530273,13.40999984741211,13.149999618530273,13.3100004196167,11.102023124694824,30200
2017-07-19,13.34000015258789,13.350000381469727,13.239999771118164,13.279999732971191,11.077000617980957,9600
2017-07-20,13.289999961853027,13.319999694824219,13.25,13.279999732971191,11.077000617980957,8000
2017-07-21,13.350000381469727,13.350000381469727,13.289999961853027,13.3100004196167,11.102023124694824,4900
2017-07-24,13.199999809265137,13.4399995803833,13.199999809265137,13.229999542236328,11.03529167175293,15200
2017-07-25,13.119999885559082,13.210000038146973,13.119999885559082,13.199999809265137,11.010270118713379,8600
2017-07-26,13.0,13.300000190734863,13.0,13.279999732971191,11.077000617980957,16300
2017-07-27,13.279999732971191,13.319999694824219,13.239999771118164,13.260000228881836,11.06031608581543,12900
2017-07-28,13.270000457763672,13.289999961853027,13.1899995803833,13.270000457763672,11.068656921386719,15700
2017-07-31,13.279999732971191,13.279999732971191,13.140000343322754,13.279999732971191,11.077000617980957,32200
2017-08-01,13.300000190734863,13.369999885559082,13.170000076293945,13.329999923706055,11.118705749511719,22200
2017-08-02,13.25,13.350000381469727,13.239999771118164,13.3100004196167,11.102023124694824,13200
2017-08-03,13.279999732971191,13.420000076293945,13.279999732971191,13.390000343322754,11.168749809265137,12300
2017-08-04,13.5,13.5,13.34000015258789,13.359999656677246,11.143728256225586,7600
2017-08-07,13.359999656677246,13.4399995803833,13.359999656677246,13.420000076293945,11.193774223327637,12900
2017-08-08,13.59000015258789,13.59000015258789,13.369999885559082,13.390000343322754,11.168749809265137,17300
2017-08-09,13.300000190734863,13.4399995803833,13.279999732971191,13.279999732971191,11.077000617980957,11000
2017-08-10,13.279999732971191,13.289999961853027,13.140000343322754,13.149999618530273,10.968563079833984,21100
2017-08-11,13.260000228881836,13.260000228881836,13.029999732971191,13.0600004196167,10.95598030090332,13400
2017-08-14,13.029999732971191,13.149999618530273,13.029999732971191,13.149999618530273,11.031479835510254,8800
2017-08-15,13.0600004196167,13.170000076293945,13.0600004196167,13.09000015258789,10.981146812438965,29500
2017-08-16,13.09000015258789,13.199999809265137,13.079999923706055,13.130000114440918,11.014704704284668,14500
2017-08-17,13.180000305175781,13.180000305175781,13.100000381469727,13.100000381469727,10.98953628540039,19100
2017-08-18,13.100000381469727,13.1899995803833,13.100000381469727,13.130000114440918,11.014704704284668,21200
2017-08-21,13.109999656677246,13.199999809265137,13.109999656677246,13.180000305175781,11.056650161743164,12900
2017-08-22,13.1899995803833,13.199999809265137,13.149999618530273,13.199999809265137,11.073427200317383,15800
2017-08-23,13.140000343322754,13.220000267028809,13.140000343322754,13.210000038146973,11.081817626953125,11600
2017-08-24,13.130000114440918,13.300000190734863,13.130000114440918,13.180000305175781,11.056650161743164,38200
2017-08-25,13.199999809265137,13.260000228881836,13.1899995803833,13.260000228881836,11.123758316040039,14400
2017-08-28,13.170000076293945,13.239999771118164,13.170000076293945,13.220000267028809,11.090206146240234,9300
2017-08-29,13.220000267028809,13.279999732971191,13.15999984741211,13.15999984741211,11.039872169494629,24100
2017-08-30,13.15999984741211,13.270000457763672,13.15999984741211,13.239999771118164,11.10698413848877,13700
2017-08-31,13.149999618530273,13.350000381469727,13.149999618530273,13.34000015258789,11.190871238708496,17500
2017-09-01,13.4399995803833,13.4399995803833,13.289999961853027,13.300000190734863,11.157316207885742,21600
2017-09-05,13.239999771118164,13.40999984741211,13.239999771118164,13.369999885559082,11.21603775024414,33100
2017-09-06,13.319999694824219,13.399999618530273,13.300000190734863,13.359999656677246,11.207650184631348,17200
2017-09-07,13.329999923706055,13.430000305175781,13.329999923706055,13.329999923706055,11.182483673095703,16300
2017-09-08,13.34000015258789,13.34000015258789,13.210000038146973,13.239999771118164,11.10698413848877,21400
2017-09-11,13.239999771118164,13.449999809265137,13.229999542236328,13.3100004196167,11.165705680847168,38000
2017-09-12,13.34000015258789,13.34000015258789,13.149999618530273,13.149999618530273,11.093993186950684,16100
2017-09-13,13.149999618530273,13.1899995803833,13.050000190734863,13.050000190734863,11.009628295898438,24400
2017-09-14,13.0,13.1899995803833,13.0,13.039999961853027,11.001194953918457,26200
2017-09-15,13.029999732971191,13.130000114440918,13.029999732971191,13.050000190734863,11.009628295898438,19600
2017-09-18,13.149999618530273,13.149999618530273,12.949999809265137,12.989999771118164,10.959012985229492,22300
2017-09-19,13.029999732971191,13.079999923706055,13.020000457763672,13.029999732971191,10.992757797241211,9700
2017-09-20,13.149999618530273,13.149999618530273,13.0,13.020000457763672,10.984320640563965,24200
2017-09-21,13.0,13.079999923706055,12.989999771118164,13.010000228881836,10.975883483886719,14300
2017-09-22,13.010000228881836,13.029999732971191,12.949999809265137,12.960000038146973,10.933699607849121,16100
2017-09-25,13.029999732971191,13.09000015258789,12.960000038146973,13.020000457763672,10.984320640563965,37100
2017-09-26,13.050000190734863,13.079999923706055,12.930000305175781,13.0,10.967448234558105,28100
2017-09-27,12.899999618530273,12.970000267028809,12.899999618530273,12.9399995803833,10.916826248168945,21000
2017-09-28,12.859999656677246,12.920000076293945,12.850000381469727,12.880000114440918,10.8662109375,33600
2017-09-29,12.869999885559082,12.9399995803833,12.869999885559082,12.90999984741211,10.891518592834473,25500
2017-10-02,13.039999961853027,13.039999961853027,12.920000076293945,12.949999809265137,10.925265312194824,26200
2017-10-03,13.020000457763672,13.020000457763672,12.90999984741211,12.949999809265137,10.925265312194824,20600
2017-10-04,12.930000305175781,12.960000038146973,12.899999618530273,12.9399995803833,10.916826248168945,21100
2017-10-05,12.9399995803833,13.0,12.9399995803833,13.0,10.967448234558105,23800
2017-10-06,13.079999923706055,13.079999923706055,12.989999771118164,13.010000228881836,10.975883483886719,17000
2017-10-09,13.050000190734863,13.079999923706055,13.0,13.079999923706055,11.03493881225586,9800
2017-10-10,13.079999923706055,13.109999656677246,13.0,13.109999656677246,11.060246467590332,13300
2017-10-11,13.100000381469727,13.239999771118164,13.100000381469727,13.130000114440918,11.077123641967773,22700
2017-10-12,13.130000114440918,13.170000076293945,13.079999923706055,13.15999984741211,11.102432250976562,18000
2017-10-13,13.050000190734863,13.180000305175781,13.050000190734863,13.079999923706055,11.098189353942871,23500
2017-10-16,13.25,13.25,13.029999732971191,13.029999732971191,11.055764198303223,29200
2017-10-17,13.199999809265137,13.199999809265137,13.079999923706055,13.109999656677246,11.12364387512207,23500
2017-10-18,13.270000457763672,13.270000457763672,13.119999885559082,13.149999618530273,11.15758228302002,14800
2017-10-19,13.079999923706055,13.140000343322754,13.079999923706055,13.100000381469727,11.115158081054688,12400
2017-10-20,13.199999809265137,13.199999809265137,13.09000015258789,13.09000015258789,11.106675148010254,23900
2017-10-23,13.09000015258789,13.170000076293945,13.09000015258789,13.109999656677246,11.12364387512207,22200
2017-10-24,13.130000114440918,13.199999809265137,13.130000114440918,13.180000305175781,11.183034896850586,15800
2017-10-25,13.220000267028809,13.220000267028809,13.09000015258789,13.130000114440918,11.140616416931152,22300
2017-10-26,13.130000114440918,13.220000267028809,13.09000015258789,13.09000015258789,11.106675148010254,14200
2017-10-27,13.09000015258789,13.140000343322754,13.09000015258789,13.140000343322754,11.149096488952637,11700
2017-10-30,13.239999771118164,13.239999771118164,13.130000114440918,13.180000305175781,11.183034896850586,13600
2017-10-31,13.140000343322754,13.319999694824219,13.140000343322754,13.210000038146973,11.208495140075684,5800
2017-11-01,13.380000114440918,13.380000114440918,13.170000076293945,13.210000038146973,11.208495140075684,17600
2017-11-02,13.25,13.25,13.149999618530273,13.15999984741211,11.166067123413086,13400
2017-11-03,13.270000457763672,13.270000457763672,13.140000343322754,13.170000076293945,11.174551963806152,16300
2017-11-06,13.25,13.25,13.15999984741211,13.229999542236328,11.2254638671875,22300
2017-11-07,13.34000015258789,13.34000015258789,13.220000267028809,13.289999961853027,11.276371002197266,19900
2017-11-08,13.289999961853027,13.34000015258789,13.239999771118164,13.329999923706055,11.310312271118164,14300
2017-11-09,13.220000267028809,13.34000015258789,13.220000267028809,13.300000190734863,11.284855842590332,19700
2017-11-10,13.300000190734863,13.34000015258789,13.289999961853027,13.319999694824219,11.301825523376465,18400
2017-11-13,13.3100004196167,13.329999923706055,13.289999961853027,13.289999961853027,11.276371002197266,23900
2017-11-14,13.1899995803833,13.289999961853027,13.1899995803833,13.270000457763672,11.32330322265625,16400
2017-11-15,13.15999984741211,13.319999694824219,13.15999984741211,13.25,11.306238174438477,18600
2017-11-16,13.15999984741211,13.25,13.130000114440918,13.239999771118164,11.297706604003906,15600
2017-11-17,13.25,13.270000457763672,13.239999771118164,13.239999771118164,11.297706604003906,19300
2017-11-20,13.289999961853027,13.3100004196167,13.260000228881836,13.260000228881836,11.31476879119873,14500
2017-11-21,13.210000038146973,13.3100004196167,13.210000038146973,13.289999961853027,11.34036922454834,16600
2017-11-22,13.3100004196167,13.350000381469727,13.300000190734863,13.329999923706055,11.37450122833252,6900
2017-11-24,13.25,13.390000343322754,13.25,13.380000114440918,11.417167663574219,6200
2017-11-27,13.300000190734863,13.359999656677246,13.300000190734863,13.34000015258789,11.383034706115723,9400
2017-11-28,13.260000228881836,13.350000381469727,13.260000228881836,13.319999694824219,11.365966796875,9900
2017-11-29,13.319999694824219,13.380000114440918,13.319999694824219,13.329999923706055,11.37450122833252,23400
2017-11-30,13.329999923706055,13.449999809265137,13.329999923706055,13.449999809265137,11.476897239685059,20000
2017-12-01,13.40999984741211,13.449999809265137,13.300000190734863,13.329999923706055,11.37450122833252,25600
2017-12-04,13.3100004196167,13.40999984741211,13.3100004196167,13.380000114440918,11.417167663574219,17800
2017-12-05,13.319999694824219,13.5,13.319999694824219,13.369999885559082,11.408635139465332,25200
2017-12-06,13.399999618530273,13.5,13.399999618530273,13.4399995803833,11.468360900878906,21800
2017-12-07,13.369999885559082,13.399999618530273,13.369999885559082,13.390000343322754,11.425697326660156,15800
2017-12-08,13.359999656677246,13.449999809265137,13.319999694824219,13.350000381469727,11.391568183898926,35800
2017-12-11,13.34000015258789,13.4399995803833,13.329999923706055,13.399999618530273,11.43423080444336,8100
2017-12-12,13.319999694824219,13.449999809265137,13.319999694824219,13.449999809265137,11.541495323181152,21900
2017-12-13,13.359999656677246,13.359999656677246,13.319999694824219,13.319999694824219,11.429939270019531,27300
2017-12-14,13.319999694824219,13.319999694824219,13.3100004196167,13.3100004196167,11.421360969543457,6500
2017-12-15,13.260000228881836,13.300000190734863,13.260000228881836,13.289999961853027,11.404199600219727,13900
2017-12-18,13.34000015258789,13.34000015258789,13.210000038146973,13.329999923706055,11.438521385192871,41400
2017-12-19,13.25,13.270000457763672,13.220000267028809,13.270000457763672,11.387038230895996,23800
2017-12-20,13.210000038146973,13.260000228881836,13.210000038146973,13.220000267028809,11.344130516052246,12600
2017-12-21,13.229999542236328,13.229999542236328,13.029999732971191,13.029999732971191,11.18109130859375,35200
2017-12-22,13.020000457763672,13.100000381469727,13.010000228881836,13.09000015258789,11.232577323913574,10800
2017-12-26,13.050000190734863,13.100000381469727,13.050000190734863,13.09000015258789,11.232577323913574,8700
2017-12-27,13.100000381469727,13.1899995803833,13.100000381469727,13.180000305175781,11.309807777404785,15800
2017-12-28,13.100000381469727,13.25,13.100000381469727,13.239999771118164,11.361291885375977,19700
2017-12-29,13.170000076293945,13.289999961853027,13.170000076293945,13.199999809265137,11.326967239379883,15800
2018-01-02,13.359999656677246,13.359999656677246,13.09000015258789,13.09000015258789,11.232577323913574,20700
2018-01-03,13.180000305175781,13.180000305175781,13.069999694824219,13.100000381469727,11.241158485412598,26900
2018-01-04,13.199999809265137,13.199999809265137,13.029999732971191,13.069999694824219,11.215415000915527,19600
2018-01-05,13.180000305175781,13.180000305175781,13.079999923706055,13.09000015258789,11.232577323913574,24600
2018-01-08,13.109999656677246,13.170000076293945,13.069999694824219,13.149999618530273,11.284063339233398,16200
2018-01-09,13.069999694824219,13.130000114440918,13.069999694824219,13.119999885559082,11.258320808410645,18900
2018-01-10,13.119999885559082,13.199999809265137,13.100000381469727,13.119999885559082,11.258320808410645,21500
2018-01-11,13.199999809265137,13.199999809265137,13.039999961853027,13.100000381469727,11.241158485412598,26800
2018-01-12,13.029999732971191,13.069999694824219,13.029999732971191,13.0600004196167,11.206833839416504,23800
2018-01-16,13.109999656677246,13.109999656677246,12.949999809265137,12.970000267028809,11.193888664245605,28000
2018-01-17,12.949999809265137,13.0,12.930000305175781,12.949999809265137,11.176629066467285,25200
2018-01-18,12.899999618530273,13.020000457763672,12.800000190734863,12.8100004196167,11.055800437927246,28300
2018-01-19,12.699999809265137,12.8100004196167,12.699999809265137,12.710000038146973,10.96949291229248,39300
2018-01-22,12.579999923706055,12.699999809265137,12.510000228881836,12.600000381469727,10.87455940246582,65500
2018-01-23,12.399999618530273,12.640000343322754,12.359999656677246,12.529999732971191,10.814143180847168,68400
2018-01-24,12.460000038146973,12.550000190734863,12.460000038146973,12.539999961853027,10.822772979736328,47700
2018-01-25,12.640000343322754,12.640000343322754,12.460000038146973,12.550000190734863,10.831402778625488,40300
2018-01-26,12.649999618530273,12.65999984741211,12.550000190734863,12.579999923706055,10.857295036315918,21800
2018-01-29,12.479999542236328,12.569999694824219,12.470000267028809,12.529999732971191,10.814143180847168,18100
2018-01-30,12.430000305175781,12.529999732971191,12.430000305175781,12.4399995803833,10.736467361450195,26400
2018-01-31,12.40999984741211,12.449999809265137,12.350000381469727,12.449999809265137,10.745099067687988,25800
2018-02-01,12.510000228881836,12.680000305175781,12.319999694824219,12.319999694824219,10.63289737701416,28400
2018-02-02,12.300000190734863,12.420000076293945,12.239999771118164,12.25,10.572486877441406,33300
2018-02-05,12.140000343322754,12.399999618530273,9.510000228881836,11.510000228881836,9.933820724487305,131700
2018-02-06,11.15999984741211,11.850000381469727,11.010000228881836,11.8100004196167,10.19273853302002,144000
2018-02-07,11.609999656677246,11.989999771118164,11.609999656677246,11.920000076293945,10.287674903869629,39400
2018-02-08,11.800000190734863,11.949999809265137,11.800000190734863,11.829999923706055,10.210000991821289,24900
2018-02-09,11.859999656677246,11.899999618530273,11.760000228881836,11.899999618530273,10.27041244506836,32500
2018-02-12,11.989999771118164,12.029999732971191,11.920000076293945,11.989999771118164,10.348089218139648,18900
2018-02-13,11.869999885559082,12.079999923706055,11.829999923706055,11.989999771118164,10.413226127624512,24000
2018-02-14,11.890000343322754,12.079999923706055,11.890000343322754,12.079999923706055,10.491393089294434,18400
2018-02-15,12.029999732971191,12.149999618530273,12.010000228881836,12.069999694824219,10.482706069946289,23700
2018-02-16,12.100000381469727,12.1899995803833,12.079999923706055,12.149999618530273,10.552186012268066,22600
2018-02-20,12.210000038146973,12.210000038146973,12.069999694824219,12.140000343322754,10.543499946594238,22200
2018-02-21,12.130000114440918,12.149999618530273,12.09000015258789,12.100000381469727,10.508761405944824,12700
2018-02-22,12.0600004196167,12.100000381469727,11.979999542236328,12.020000457763672,10.43928337097168,26300
2018-02-23,11.970000267028809,12.170000076293945,11.970000267028809,12.170000076293945,10.56955623626709,18100
2018-02-26,12.279999732971191,12.300000190734863,12.149999618530273,12.199999809265137,10.595609664916992,12200
2018-02-27,12.130000114440918,12.229999542236328,12.029999732971191,12.170000076293945,10.56955623626709,15800
2018-02-28,12.100000381469727,12.1899995803833,12.029999732971191,12.1899995803833,10.586925506591797,29600
2018-03-01,12.239999771118164,12.239999771118164,12.0600004196167,12.079999923706055,10.491393089294434,19600
2018-03-02,12.119999885559082,12.170000076293945,12.029999732971191,12.170000076293945,10.56955623626709,30600
2018-03-05,12.100000381469727,12.15999984741211,12.0600004196167,12.15999984741211,10.560869216918945,8500
2018-03-06,12.130000114440918,12.1899995803833,12.100000381469727,12.149999618530273,10.552186012268066,15000
2018-03-07,12.029999732971191,12.09000015258789,12.029999732971191,12.079999923706055,10.491393089294434,19600
2018-03-08,12.039999961853027,12.09000015258789,12.039999961853027,12.079999923706055,10.491393089294434,23100
2018-03-09,12.180000305175781,12.180000305175781,12.0600004196167,12.0600004196167,10.474020957946777,29300
2018-03-12,12.140000343322754,12.140000343322754,12.079999923706055,12.079999923706055,10.491393089294434,14300
2018-03-13,11.970000267028809,12.100000381469727,11.970000267028809,12.039999961853027,10.45665168762207,14400
2018-03-14,12.0,12.100000381469727,11.890000343322754,12.069999694824219,10.482706069946289,17000
2018-03-15,12.039999961853027,12.119999885559082,12.039999961853027,12.050000190734863,10.465333938598633,8600
2018-03-16,12.039999961853027,12.050000190734863,12.029999732971191,12.050000190734863,10.465333938598633,13100
2018-03-19,11.9399995803833,12.050000190734863,11.9399995803833,11.979999542236328,10.404541015625,24500
2018-03-20,11.899999618530273,12.020000457763672,11.899999618530273,11.9399995803833,10.369800567626953,29200
2018-03-21,11.899999618530273,12.029999732971191,11.899999618530273,12.020000457763672,10.43928337097168,70200
2018-03-22,11.899999618530273,12.109999656677246,11.899999618530273,11.899999618530273,10.335062980651855,33300
2018-03-23,11.90999984741211,11.970000267028809,11.899999618530273,11.899999618530273,10.335062980651855,10400
2018-03-26,11.920000076293945,12.0,11.90999984741211,11.949999809265137,10.378487586975098,15200
2018-03-27,11.90999984741211,11.970000267028809,11.90999984741211,11.949999809265137,10.378487586975098,23300
2018-03-28,12.039999961853027,12.100000381469727,12.0,12.079999923706055,10.491393089294434,8200
2018-03-29,12.130000114440918,12.199999809265137,12.100000381469727,12.1899995803833,10.586925506591797,10900
2018-04-02,12.25,12.25,12.09000015258789,12.09000015258789,10.500075340270996,28500
2018-04-03,12.0600004196167,12.1899995803833,12.0600004196167,12.170000076293945,10.56955623626709,16000
2018-04-04,12.100000381469727,12.1899995803833,12.100000381469727,12.180000305175781,10.578240394592285,7400
2018-04-05,12.25,12.25,12.130000114440918,12.210000038146973,10.604293823242188,11600
2018-04-06,12.210000038146973,12.25,12.180000305175781,12.1899995803833,10.586925506591797,24100
2018-04-09,12.220000267028809,12.279999732971191,12.180000305175781,12.210000038146973,10.604293823242188,13600
2018-04-10,12.199999809265137,12.260000228881836,12.199999809265137,12.25,10.639033317565918,6000
2018-04-11,12.180000305175781,12.279999732971191,12.180000305175781,12.229999542236328,10.621662139892578,14600
2018-04-12,12.329999923706055,12.329999923706055,12.199999809265137,12.210000038146973,10.604293823242188,20300
2018-04-13,12.329999923706055,12.34000015258789,12.199999809265137,12.220000267028809,10.678572654724121,16900
2018-04-16,12.260000228881836,12.279999732971191,12.210000038146973,12.270000457763672,10.722267150878906,14300
2018-04-17,12.279999732971191,12.350000381469727,12.270000457763672,12.350000381469727,10.792176246643066,19400
2018-04-18,12.260000228881836,12.350000381469727,12.25,12.260000228881836,10.713526725769043,23700
2018-04-19,12.279999732971191,12.279999732971191,12.239999771118164,12.279999732971191,10.731002807617188,6900
2018-04-20,12.1899995803833,12.279999732971191,12.1899995803833,12.1899995803833,10.65235710144043,14400
2018-04-23,12.109999656677246,12.149999618530273,12.100000381469727,12.100000381469727,10.573710441589355,15900
2018-04-24,12.15999984741211,12.199999809265137,12.140000343322754,12.199999809265137,10.66109561920166,6100
2018-04-25,12.270000457763672,12.270000457763672,12.119999885559082,12.140000343322754,10.608664512634277,21200
2018-04-26,12.210000038146973,12.239999771118164,12.130000114440918,12.239999771118164,10.696050643920898,8500
2018-04-27,12.229999542236328,12.34000015258789,12.1899995803833,12.289999961853027,10.739742279052734,19900
2018-04-30,12.390000343322754,12.399999618530273,12.300000190734863,12.390000343322754,10.827131271362305,20800
2018-05-01,12.4399995803833,12.4399995803833,12.34000015258789,12.350000381469727,10.792176246643066,15700
2018-05-02,12.390000343322754,12.390000343322754,12.239999771118164,12.380000114440918,10.818390846252441,15800
2018-05-03,12.4399995803833,12.4399995803833,12.279999732971191,12.359999656677246,10.800910949707031,13200
2018-05-04,12.5,12.5,12.40999984741211,12.460000038146973,10.888298988342285,14300
2018-05-07,12.5,12.5,12.430000305175781,12.5,10.923253059387207,15600
2018-05-08,12.5,12.5,12.380000114440918,12.399999618530273,10.835869789123535,15000
2018-05-09,12.5,12.5,12.359999656677246,12.430000305175781,10.862086296081543,23000
2018-05-10,12.479999542236328,12.5,12.399999618530273,12.5,10.923253059387207,11500
2018-05-11,12.5,12.510000228881836,12.460000038146973,12.5,10.923253059387207,24700
2018-05-14,12.449999809265137,12.449999809265137,12.3100004196167,12.329999923706055,10.839735984802246,22500
2018-05-15,12.270000457763672,12.319999694824219,11.859999656677246,12.279999732971191,10.795780181884766,15300
2018-05-16,12.369999885559082,12.369999885559082,12.239999771118164,12.239999771118164,10.760612487792969,15700
2018-05-17,12.329999923706055,12.329999923706055,12.210000038146973,12.210000038146973,10.734237670898438,6600
2018-05-18,12.319999694824219,12.319999694824219,12.199999809265137,12.260000228881836,10.778196334838867,5700
2018-05-21,12.359999656677246,12.359999656677246,12.199999809265137,12.279999732971191,10.795780181884766,6800
2018-05-22,12.390000343322754,12.390000343322754,12.300000190734863,12.369999885559082,10.874900817871094,10000
2018-05-23,12.350000381469727,12.399999618530273,12.34000015258789,12.399999618530273,10.901276588439941,7200
2018-05-24,12.399999618530273,12.420000076293945,12.34000015258789,12.420000076293945,10.918858528137207,12100
2018-05-25,12.449999809265137,12.449999809265137,12.300000190734863,12.319999694824219,10.830945014953613,16100
2018-05-29,12.359999656677246,12.359999656677246,12.279999732971191,12.279999732971191,10.795780181884766,8700
2018-05-30,12.390000343322754,12.40999984741211,12.279999732971191,12.40999984741211,10.910065650939941,22000
2018-05-31,12.479999542236328,12.479999542236328,12.319999694824219,12.350000381469727,10.857316970825195,13500
2018-06-01,12.489999771118164,12.489999771118164,12.229999542236328,12.270000457763672,10.78699016571045,32400
2018-06-04,12.220000267028809,12.3100004196167,12.220000267028809,12.289999961853027,10.804570198059082,16600
2018-06-05,12.25,12.270000457763672,12.239999771118164,12.25,10.769405364990234,8700
2018-06-06,12.220000267028809,12.260000228881836,12.199999809265137,12.239999771118164,10.760612487792969,28100
2018-06-07,12.229999542236328,12.279999732971191,12.210000038146973,12.270000457763672,10.78699016571045,11900
2018-06-08,12.260000228881836,12.289999961853027,12.229999542236328,12.239999771118164,10.760612487792969,13100
2018-06-11,12.3100004196167,12.319999694824219,12.25,12.260000228881836,10.778196334838867,14000
2018-06-12,12.119999885559082,12.1899995803833,12.119999885559082,12.119999885559082,10.720702171325684,15500
2018-06-13,12.239999771118164,12.239999771118164,12.15999984741211,12.220000267028809,10.80915641784668,14600
2018-06-14,12.229999542236328,12.289999961853027,12.220000267028809,12.289999961853027,10.871072769165039,16400
2018-06-15,12.520000457763672,12.520000457763672,12.260000228881836,12.34000015258789,10.915302276611328,14100
2018-06-18,12.359999656677246,12.359999656677246,12.3100004196167,12.3100004196167,10.888764381408691,10900
2018-06-19,12.180000305175781,12.34000015258789,12.180000305175781,12.25,10.835694313049316,8000
2018-06-20,12.180000305175781,12.289999961853027,12.180000305175781,12.220000267028809,10.80915641784668,12200
2018-06-21,12.1899995803833,12.289999961853027,12.1899995803833,12.289999961853027,10.871072769165039,5300
2018-06-22,12.180000305175781,12.289999961853027,12.180000305175781,12.260000228881836,10.844537734985352,7600
2018-06-25,12.260000228881836,12.369999885559082,12.260000228881836,12.369999885559082,10.941837310791016,12800
2018-06-26,12.399999618530273,12.399999618530273,12.359999656677246,12.390000343322754,10.959527015686035,17500
2018-06-27,12.399999618530273,12.399999618530273,12.34000015258789,12.359999656677246,10.932991981506348,12000
2018-06-28,12.239999771118164,12.390000343322754,12.239999771118164,12.25,10.835694313049316,8600
2018-06-29,12.300000190734863,12.359999656677246,12.270000457763672,12.350000381469727,10.92414665222168,10100
2018-07-02,12.25,12.319999694824219,12.199999809265137,12.199999809265137,10.791463851928711,21100
2018-07-03,12.1899995803833,12.319999694824219,12.1899995803833,12.3100004196167,10.888764381408691,7200
2018-07-05,12.350000381469727,12.380000114440918,12.3100004196167,12.34000015258789,10.915302276611328,12900
2018-07-06,12.25,12.399999618530273,12.25,12.359999656677246,10.932991981506348,12600
2018-07-09,12.369999885559082,12.399999618530273,12.369999885559082,12.390000343322754,10.959527015686035,22600
2018-07-10,12.399999618530273,12.479999542236328,12.359999656677246,12.479999542236328,11.039135932922363,17200
2018-07-11,12.399999618530273,12.520000457763672,12.399999618530273,12.520000457763672,11.074519157409668,14800
2018-07-12,12.449999809265137,12.510000228881836,12.449999809265137,12.5,11.056827545166016,11100
2018-07-13,12.279999732971191,12.479999542236328,12.279999732971191,12.40999984741211,11.043479919433594,14200
2018-07-16,12.539999961853027,12.539999961853027,12.399999618530273,12.5,11.123570442199707,20100
2018-07-17,12.399999618530273,12.539999961853027,12.399999618530273,12.399999618530273,11.03458023071289,23400
2018-07-18,12.40999984741211,12.470000267028809,12.40999984741211,12.460000038146973,11.08797550201416,11400
2018-07-19,12.40999984741211,12.489999771118164,12.40999984741211,12.489999771118164,11.11467170715332,7100
2018-07-20,12.5,12.5,12.4399995803833,12.479999542236328,11.105772018432617,11300
2018-07-23,12.550000190734863,12.550000190734863,12.420000076293945,12.470000267028809,11.096872329711914,15400
2018-07-24,12.380000114440918,12.5,12.380000114440918,12.489999771118164,11.11467170715332,12800
2018-07-25,12.510000228881836,12.529999732971191,12.479999542236328,12.510000228881836,11.132468223571777,14900
2018-07-26,12.5600004196167,12.619999885559082,12.510000228881836,12.510000228881836,11.132468223571777,21300
2018-07-27,12.390000343322754,12.510000228881836,12.369999885559082,12.449999809265137,11.079073905944824,12600
2018-07-30,12.510000228881836,12.510000228881836,12.449999809265137,12.489999771118164,11.11467170715332,8600
2018-07-31,12.369999885559082,12.5600004196167,12.369999885559082,12.5,11.123570442199707,7400
2018-08-01,12.59000015258789,12.609999656677246,12.510000228881836,12.609999656677246,11.221454620361328,11000
2018-08-02,12.5,12.600000381469727,12.5,12.520000457763672,11.14136791229248,12700
2018-08-03,12.579999923706055,12.609999656677246,12.539999961853027,12.59000015258789,11.203662872314453,11000
2018-08-06,12.649999618530273,12.649999618530273,12.600000381469727,12.619999885559082,11.230356216430664,10400
2018-08-07,12.649999618530273,12.680000305175781,12.5600004196167,12.670000076293945,11.274850845336914,22300
2018-08-08,12.600000381469727,12.729999542236328,12.600000381469727,12.729999542236328,11.328242301940918,19100
2018-08-09,12.819999694824219,12.819999694824219,12.710000038146973,12.800000190734863,11.390536308288574,16000
2018-08-10,12.869999885559082,12.920000076293945,12.75,12.920000076293945,11.497322082519531,14300
2018-08-13,12.979999542236328,12.979999542236328,12.75,12.829999923706055,11.417231559753418,27700
2018-08-14,12.609999656677246,12.720000267028809,12.609999656677246,12.609999656677246,11.287437438964844,19200
2018-08-15,12.890000343322754,12.890000343322754,12.619999885559082,12.640000343322754,11.314292907714844,22100
2018-08-16,12.720000267028809,12.720000267028809,12.619999885559082,12.630000114440918,11.305341720581055,4900
2018-08-17,12.630000114440918,12.699999809265137,12.550000190734863,12.6899995803833,11.359047889709473,33400
2018-08-20,12.600000381469727,12.739999771118164,12.600000381469727,12.710000038146973,11.376952171325684,17600
2018-08-21,12.779999732971191,12.779999732971191,12.649999618530273,12.739999771118164,11.40380573272705,17200
2018-08-22,12.890000343322754,12.890000343322754,12.720000267028809,12.760000228881836,11.421707153320312,13700
2018-08-23,12.760000228881836,12.789999961853027,12.720000267028809,12.720000267028809,11.385900497436523,14900
2018-08-24,12.59000015258789,12.729999542236328,12.59000015258789,12.65999984741211,11.332196235656738,25800
2018-08-27,12.649999618530273,12.720000267028809,12.640000343322754,12.710000038146973,11.376952171325684,12300
2018-08-28,12.699999809265137,12.720000267028809,12.65999984741211,12.710000038146973,11.376952171325684,5900
2018-08-29,12.640000343322754,12.75,12.640000343322754,12.729999542236328,11.394852638244629,8100
2018-08-30,12.640000343322754,12.789999961853027,12.640000343322754,12.699999809265137,11.368000030517578,13800
2018-08-31,12.609999656677246,12.869999885559082,12.609999656677246,12.649999618530273,11.323244094848633,10200
2018-09-04,12.75,12.75,12.619999885559082,12.75,11.41275691986084,18600
2018-09-05,12.869999885559082,12.869999885559082,12.75,12.850000381469727,11.50226879119873,16900
2018-09-06,12.890000343322754,12.890000343322754,12.789999961853027,12.829999923706055,11.484365463256836,19800
2018-09-07,12.800000190734863,12.84000015258789,12.75,12.8100004196167,11.466464042663574,10300
2018-09-10,12.710000038146973,12.880000114440918,12.710000038146973,12.880000114440918,11.529121398925781,9600
2018-09-11,12.75,12.880000114440918,12.75,12.819999694824219,11.475412368774414,17800
2018-09-12,12.760000228881836,12.869999885559082,12.760000228881836,12.869999885559082,11.520172119140625,10400
2018-09-13,12.970000267028809,12.970000267028809,12.770000457763672,12.930000305175781,11.573878288269043,14300
2018-09-14,12.920000076293945,12.920000076293945,12.600000381469727,12.6899995803833,11.425321578979492,28300
2018-09-17,12.600000381469727,12.710000038146973,12.600000381469727,12.609999656677246,11.353293418884277,16700
2018-09-18,12.569999694824219,12.649999618530273,12.569999694824219,12.649999618530273,11.38930892944336,8900
2018-09-19,12.5600004196167,12.630000114440918,12.359999656677246,12.430000305175781,11.191234588623047,27100
2018-09-20,12.3100004196167,12.449999809265137,12.3100004196167,12.4399995803833,11.200238227844238,23400
2018-09-21,12.529999732971191,12.529999732971191,12.449999809265137,12.5,11.254255294799805,9000
2018-09-24,12.5,12.5,12.460000038146973,12.470000267028809,11.22724723815918,18000
2018-09-25,12.460000038146973,12.479999542236328,12.399999618530273,12.479999542236328,11.236249923706055,13700
2018-09-26,12.399999618530273,12.479999542236328,12.399999618530273,12.420000076293945,11.182229995727539,7100
2018-09-27,12.34000015258789,12.430000305175781,12.34000015258789,12.390000343322754,11.155219078063965,10000
2018-09-28,12.399999618530273,12.569999694824219,12.399999618530273,12.569999694824219,11.317279815673828,20400
2018-10-01,12.75,12.75,12.550000190734863,12.680000305175781,11.416319847106934,22300
2018-10-02,12.59000015258789,12.670000076293945,12.579999923706055,12.579999923706055,11.326284408569336,10800
2018-10-03,12.550000190734863,12.640000343322754,12.399999618530273,12.399999618530273,11.16422176361084,17900
2018-10-04,12.319999694824219,12.40999984741211,12.149999618530273,12.149999618530273,10.93913745880127,26400
2018-10-05,12.069999694824219,12.1899995803833,12.050000190734863,12.050000190734863,10.849102973937988,32600
2018-10-08,11.960000038146973,12.09000015258789,11.920000076293945,12.079999923706055,10.876114845275879,20100
2018-10-09,11.920000076293945,12.119999885559082,11.920000076293945,12.050000190734863,10.849102973937988,15000
2018-10-10,11.970000267028809,12.069999694824219,11.970000267028809,12.0600004196167,10.858111381530762,20900
2018-10-11,11.949999809265137,12.039999961853027,11.880000114440918,11.880000114440918,10.696044921875,24000
2018-10-12,11.899999618530273,11.920000076293945,11.8100004196167,11.829999923706055,10.718698501586914,15500
2018-10-15,11.710000038146973,11.789999961853027,11.630000114440918,11.670000076293945,10.57372760772705,37400
2018-10-16,11.770000457763672,11.880000114440918,11.710000038146973,11.859999656677246,10.745880126953125,13200
2018-10-17,11.729999542236328,11.819999694824219,11.670000076293945,11.739999771118164,10.637150764465332,35900
2018-10-18,11.670000076293945,11.779999732971191,11.670000076293945,11.779999732971191,10.673394203186035,17800
2018-10-19,11.65999984741211,11.84000015258789,11.65999984741211,11.800000190734863,10.691516876220703,21600
2018-10-22,11.720000267028809,11.869999885559082,11.699999809265137,11.699999809265137,10.600908279418945,19900
2018-10-23,11.609999656677246,11.739999771118164,11.609999656677246,11.729999542236328,10.628091812133789,18000
2018-10-24,11.609999656677246,11.850000381469727,11.609999656677246,11.8100004196167,10.700577735900879,9800
2018-10-25,11.720000267028809,11.880000114440918,11.720000267028809,11.850000381469727,10.73681926727295,14900
2018-10-26,11.850000381469727,11.890000343322754,11.699999809265137,11.710000038146973,10.609971046447754,25600
2018-10-29,11.699999809265137,11.75,11.640000343322754,11.640000343322754,10.54654598236084,17900
2018-10-30,11.65999984741211,11.800000190734863,11.65999984741211,11.739999771118164,10.637150764465332,14800
2018-10-31,11.710000038146973,11.850000381469727,11.710000038146973,11.84000015258789,10.727757453918457,50200
2018-11-01,11.850000381469727,11.869999885559082,11.850000381469727,11.869999885559082,10.754939079284668,27900
2018-11-02,11.859999656677246,11.890000343322754,11.84000015258789,11.880000114440918,10.76400089263916,20800
2018-11-05,11.899999618530273,12.170000076293945,11.880000114440918,12.109999656677246,10.972393989562988,28000
2018-11-06,12.140000343322754,12.40999984741211,12.140000343322754,12.359999656677246,11.1989107131958,23300
2018-11-07,12.489999771118164,12.989999771118164,12.449999809265137,12.75,11.552274703979492,59200
2018-11-08,12.960000038146973,12.960000038146973,12.59000015258789,12.680000305175781,11.488849639892578,32900
2018-11-09,12.680000305175781,12.680000305175781,12.5600004196167,12.579999923706055,11.398241996765137,9200
2018-11-12,12.579999923706055,12.600000381469727,12.449999809265137,12.600000381469727,11.416364669799805,25600
2018-11-13,12.420000076293945,12.479999542236328,12.390000343322754,12.460000038146973,11.35711669921875,26800
2018-11-14,12.449999809265137,12.470000267028809,12.399999618530273,12.449999809265137,11.348002433776855,15200
2018-11-15,12.40999984741211,12.40999984741211,12.220000267028809,12.239999771118164,11.156591415405273,34400
2018-11-16,12.0,12.199999809265137,11.850000381469727,11.899999618530273,10.846683502197266,75900
2018-11-19,11.899999618530273,12.0600004196167,11.899999618530273,11.899999618530273,10.846683502197266,18000
2018-11-20,11.850000381469727,12.020000457763672,11.850000381469727,11.880000114440918,10.828454971313477,13000
2018-11-21,11.760000228881836,11.949999809265137,11.470000267028809,11.470000267028809,10.454748153686523,48700
2018-11-23,11.40999984741211,11.569999694824219,11.40999984741211,11.550000190734863,10.527666091918945,5100
2018-11-26,11.630000114440918,11.649999618530273,11.529999732971191,11.529999732971191,10.509435653686523,27400
2018-11-27,11.670000076293945,11.670000076293945,11.520000457763672,11.630000114440918,10.600584983825684,22500
2018-11-28,11.630000114440918,11.770000457763672,11.600000381469727,11.710000038146973,10.673503875732422,24000
2018-11-29,11.770000457763672,11.770000457763672,11.670000076293945,11.699999809265137,10.664387702941895,11300
2018-11-30,11.630000114440918,11.979999542236328,11.609999656677246,11.979999542236328,10.91960334777832,20700
2018-12-03,11.9399995803833,12.079999923706055,11.930000305175781,11.960000038146973,10.901375770568848,16800
2018-12-04,12.050000190734863,12.079999923706055,11.850000381469727,11.949999809265137,10.892260551452637,35000
2018-12-06,11.850000381469727,11.90999984741211,11.770000457763672,11.869999885559082,10.819340705871582,26500
2018-12-07,11.710000038146973,11.899999618530273,11.710000038146973,11.869999885559082,10.819340705871582,21800
2018-12-10,11.869999885559082,11.979999542236328,11.850000381469727,11.949999809265137,10.892260551452637,17600
2018-12-11,12.069999694824219,12.09000015258789,11.960000038146973,11.960000038146973,10.901375770568848,14300
2018-12-12,12.210000038146973,12.210000038146973,11.84000015258789,12.0600004196167,10.992522239685059,19900
2018-12-13,11.949999809265137,12.100000381469727,11.9399995803833,11.979999542236328,10.91960334777832,23600
2018-12-14,11.979999542236328,12.039999961853027,11.9399995803833,11.949999809265137,10.9608793258667,17100
2018-12-17,11.84000015258789,12.010000228881836,11.84000015258789,11.979999542236328,10.988394737243652,15000
2018-12-18,12.039999961853027,12.039999961853027,11.680000305175781,11.680000305175781,10.713227272033691,23300
2018-12-19,11.720000267028809,11.770000457763672,11.569999694824219,11.569999694824219,10.612332344055176,10800
2018-12-20,11.569999694824219,11.680000305175781,11.479999542236328,11.640000343322754,10.676539421081543,35500
2018-12-21,11.75,11.75,11.5,11.5,10.548126220703125,11800
2018-12-24,11.569999694824219,11.59000015258789,11.15999984741211,11.15999984741211,10.2362699508667,42400
2018-12-26,11.270000457763672,11.40999984741211,10.6899995803833,11.079999923706055,10.16289234161377,102200
2018-12-27,10.930000305175781,11.079999923706055,10.8100004196167,10.989999771118164,10.080339431762695,52700
2018-12-28,11.0,11.1899995803833,11.0,11.119999885559082,10.199580192565918,39200
2018-12-31,11.15999984741211,11.220000267028809,11.050000190734863,11.170000076293945,10.245440483093262,31400
2019-01-02,11.210000038146973,11.390000343322754,11.069999694824219,11.390000343322754,10.447232246398926,22900
2019-01-03,11.390000343322754,11.430000305175781,11.260000228881836,11.399999618530273,10.456402778625488,16100
2019-01-04,11.479999542236328,11.510000228881836,11.319999694824219,11.4399995803833,10.493093490600586,34200
2019-01-07,11.949999809265137,11.949999809265137,11.600000381469727,11.8100004196167,10.832467079162598,29400
2019-01-08,12.119999885559082,12.119999885559082,11.930000305175781,11.930000305175781,10.942535400390625,33900
2019-01-09,12.0,12.09000015258789,11.960000038146973,12.029999732971191,11.034256935119629,26300
2019-01-10,12.09000015258789,12.170000076293945,11.869999885559082,11.869999885559082,10.88750171661377,36400
2019-01-11,11.989999771118164,12.029999732971191,11.970000267028809,12.029999732971191,11.034256935119629,16000
2019-01-14,12.039999961853027,12.039999961853027,11.949999809265137,12.010000228881836,11.015915870666504,10200
2019-01-15,11.949999809265137,12.020000457763672,11.859999656677246,12.020000457763672,11.094367980957031,14100
2019-01-16,12.050000190734863,12.069999694824219,11.800000190734863,12.050000190734863,11.12205696105957,10300
2019-01-17,12.079999923706055,12.09000015258789,12.010000228881836,12.050000190734863,11.12205696105957,13900
2019-01-18,12.010000228881836,12.0600004196167,11.890000343322754,11.920000076293945,11.002067565917969,26200
2019-01-22,11.920000076293945,12.029999732971191,11.920000076293945,11.9399995803833,11.020527839660645,11000
2019-01-23,11.949999809265137,12.039999961853027,11.949999809265137,12.010000228881836,11.085139274597168,6100
2019-01-24,12.039999961853027,12.039999961853027,11.949999809265137,12.010000228881836,11.085139274597168,12200
2019-01-25,11.960000038146973,12.029999732971191,11.960000038146973,12.020000457763672,11.094367980957031,13900
2019-01-28,12.029999732971191,12.050000190734863,12.020000457763672,12.039999961853027,11.11282730102539,24000
2019-01-29,12.069999694824219,12.149999618530273,12.050000190734863,12.119999885559082,11.186665534973145,16500
2019-01-30,12.170000076293945,12.279999732971191,12.149999618530273,12.270000457763672,11.325116157531738,25800
2019-01-31,12.25,12.510000228881836,12.25,12.510000228881836,11.546635627746582,22500
2019-02-01,12.630000114440918,12.630000114440918,12.449999809265137,12.529999732971191,11.565094947814941,18100
2019-02-04,12.579999923706055,12.619999885559082,12.539999961853027,12.600000381469727,11.629703521728516,19100
2019-02-05,12.640000343322754,12.9399995803833,12.539999961853027,12.640000343322754,11.66662311553955,23400
2019-02-06,12.630000114440918,12.710000038146973,12.550000190734863,12.710000038146973,11.731233596801758,13100
2019-02-07,12.710000038146973,12.710000038146973,12.550000190734863,12.6899995803833,11.712769508361816,10100
2019-02-08,12.680000305175781,12.75,12.579999923706055,12.75,11.768152236938477,7300
2019-02-11,12.649999618530273,12.739999771118164,12.609999656677246,12.619999885559082,11.648162841796875,13500
2019-02-12,12.670000076293945,12.729999542236328,12.59000015258789,12.710000038146973,11.731233596801758,19300
2019-02-13,12.710000038146973,12.710000038146973,12.529999732971191,12.640000343322754,11.735873222351074,7300
2019-02-14,12.529999732971191,12.6899995803833,12.470000267028809,12.600000381469727,11.698737144470215,9100
2019-02-15,12.600000381469727,12.600000381469727,12.5600004196167,12.59000015258789,11.689451217651367,14100
2019-02-19,12.5600004196167,12.710000038146973,12.550000190734863,12.670000076293945,11.763729095458984,17700
2019-02-20,12.729999542236328,12.800000190734863,12.5600004196167,12.630000114440918,11.72658920288086,18000
2019-02-21,12.649999618530273,12.729999542236328,12.609999656677246,12.640000343322754,11.735873222351074,10000
2019-02-22,12.75,12.770000457763672,12.699999809265137,12.760000228881836,11.84729290008545,10800
2019-02-25,12.819999694824219,12.890000343322754,12.770000457763672,12.789999961853027,11.875144958496094,9800
2019-02-26,12.770000457763672,12.800000190734863,12.770000457763672,12.789999961853027,11.875144958496094,5900
2019-02-27,12.800000190734863,12.850000381469727,12.710000038146973,12.84000015258789,11.921568870544434,7400
2019-02-28,12.850000381469727,12.930000305175781,12.760000228881836,12.930000305175781,12.00512981414795,8100
2019-03-01,13.0,13.0,12.930000305175781,12.970000267028809,12.04227066040039,13900
2019-03-04,13.0,13.0,12.890000343322754,12.890000343322754,11.96799087524414,37300
2019-03-05,12.869999885559082,12.9399995803833,12.819999694824219,12.819999694824219,11.902997970581055,10700
2019-03-06,12.899999618530273,12.899999618530273,12.779999732971191,12.819999694824219,11.902997970581055,8400
2019-03-07,12.9399995803833,12.9399995803833,12.800000190734863,12.84000015258789,11.921568870544434,9800
2019-03-08,12.800000190734863,12.84000015258789,12.680000305175781,12.800000190734863,11.884428024291992,14400
2019-03-11,12.890000343322754,12.890000343322754,12.800000190734863,12.800000190734863,11.954475402832031,17600
2019-03-12,12.869999885559082,12.869999885559082,12.720000267028809,12.75,11.9077787399292,13600
2019-03-13,12.760000228881836,12.819999694824219,12.739999771118164,12.779999732971191,11.935794830322266,11900
2019-03-14,12.800000190734863,12.829999923706055,12.739999771118164,12.819999694824219,11.973152160644531,45600
2019-03-15,12.949999809265137,12.949999809265137,12.850000381469727,12.869999885559082,12.019850730895996,14600
2019-03-18,12.84000015258789,12.869999885559082,12.8100004196167,12.859999656677246,12.010512351989746,5500
2019-03-19,12.930000305175781,12.930000305175781,12.829999923706055,12.850000381469727,12.001172065734863,13600
2019-03-20,12.899999618530273,12.9399995803833,12.829999923706055,12.920000076293945,12.066550254821777,10100
2019-03-21,13.0,13.369999885559082,12.989999771118164,13.369999885559082,12.486823081970215,46300
2019-03-22,13.350000381469727,13.350000381469727,13.119999885559082,13.119999885559082,12.253338813781738,28200
2019-03-25,13.130000114440918,13.220000267028809,13.09000015258789,13.109999656677246,12.243997573852539,12800
2019-03-26,13.109999656677246,13.109999656677246,12.989999771118164,13.0,12.141263008117676,8000
2019-03-27,13.09000015258789,13.100000381469727,12.970000267028809,12.989999771118164,12.131925582885742,8100
2019-03-28,13.029999732971191,13.130000114440918,12.989999771118164,13.130000114440918,12.262677192687988,12500
2019-03-29,13.100000381469727,13.140000343322754,13.069999694824219,13.109999656677246,12.243997573852539,10300
2019-04-01,13.220000267028809,13.220000267028809,13.069999694824219,13.140000343322754,12.272016525268555,16200
2019-04-02,13.140000343322754,13.220000267028809,13.100000381469727,13.170000076293945,12.300034523010254,22900
2019-04-03,13.170000076293945,13.170000076293945,13.119999885559082,13.119999885559082,12.253338813781738,10000
2019-04-04,13.170000076293945,13.170000076293945,12.989999771118164,12.989999771118164,12.131925582885742,19900
2019-04-05,13.079999923706055,13.079999923706055,12.920000076293945,12.949999809265137,12.094566345214844,10000
2019-04-08,12.9399995803833,13.100000381469727,12.9399995803833,13.0,12.141263008117676,8200
2019-04-09,13.020000457763672,13.020000457763672,12.970000267028809,12.989999771118164,12.131925582885742,6000
2019-04-10,12.979999542236328,13.0,12.869999885559082,12.949999809265137,12.094566345214844,18900
2019-04-11,12.960000038146973,12.960000038146973,12.899999618530273,12.949999809265137,12.165019035339355,8600
2019-04-12,12.949999809265137,12.960000038146973,12.930000305175781,12.960000038146973,12.17441463470459,7400
2019-04-15,12.869999885559082,13.0,12.869999885559082,12.949999809265137,12.165019035339355,14300
2019-04-16,12.90999984741211,12.949999809265137,12.899999618530273,12.930000305175781,12.146235466003418,6300
2019-04-17,12.880000114440918,12.890000343322754,12.850000381469727,12.850000381469727,12.071083068847656,12900
2019-04-18,12.819999694824219,12.869999885559082,12.819999694824219,12.829999923706055,12.05229377746582,7800
2019-04-22,12.859999656677246,12.859999656677246,12.819999694824219,12.84000015258789,12.061690330505371,11200
2019-04-23,12.779999732971191,12.869999885559082,12.779999732971191,12.869999885559082,12.089869499206543,44900
2019-04-24,12.829999923706055,12.869999885559082,12.829999923706055,12.850000381469727,12.071083068847656,10600
2019-04-25,12.869999885559082,12.9399995803833,12.869999885559082,12.920000076293945,12.13683795928955,13500
2019-04-26,12.930000305175781,12.930000305175781,12.890000343322754,12.890000343322754,12.108656883239746,6100
2019-04-29,12.920000076293945,12.979999542236328,12.890000343322754,12.979999542236328,12.193202018737793,9700
2019-04-30,12.979999542236328,12.989999771118164,12.880000114440918,12.979999542236328,12.193202018737793,16500
2019-05-01,13.020000457763672,13.020000457763672,12.960000038146973,12.989999771118164,12.202595710754395,16900
2019-05-02,13.0,13.100000381469727,12.989999771118164,13.100000381469727,12.305930137634277,13700
2019-05-03,13.100000381469727,13.100000381469727,12.989999771118164,13.010000228881836,12.22138500213623,46000
2019-05-06,12.899999618530273,13.020000457763672,12.899999618530273,13.010000228881836,12.22138500213623,8500
2019-05-07,12.979999542236328,13.020000457763672,12.899999618530273,12.899999618530273,12.118050575256348,12600
2019-05-08,12.9399995803833,12.989999771118164,12.869999885559082,12.989999771118164,12.202595710754395,18700
2019-05-09,12.979999542236328,13.100000381469727,12.979999542236328,13.09000015258789,12.29653549194336,13000
2019-05-10,13.079999923706055,13.130000114440918,13.079999923706055,13.119999885559082,12.324716567993164,11000
2019-05-13,12.989999771118164,13.109999656677246,12.989999771118164,13.039999961853027,12.319992065429688,10200
2019-05-14,13.0,13.069999694824219,12.979999542236328,12.979999542236328,12.26330280303955,18500
2019-05-15,12.960000038146973,13.020000457763672,12.9399995803833,12.949999809265137,12.234960556030273,11600
2019-05-16,12.949999809265137,13.020000457763672,12.770000457763672,12.770000457763672,12.064900398254395,23800
2019-05-17,12.779999732971191,12.920000076293945,12.779999732971191,12.829999923706055,12.121585845947266,12300
2019-05-20,12.800000190734863,12.960000038146973,12.789999961853027,12.850000381469727,12.140482902526855,12800
2019-05-21,12.9399995803833,13.050000190734863,12.850000381469727,13.0,12.28219985961914,18300
2019-05-22,13.0,13.0,12.899999618530273,12.970000267028809,12.253856658935547,7300
2019-05-23,13.0,13.020000457763672,12.75,12.800000190734863,12.093243598937988,28600
2019-05-24,12.819999694824219,12.90999984741211,12.760000228881836,12.850000381469727,12.140482902526855,12800
2019-05-28,12.760000228881836,12.899999618530273,12.760000228881836,12.890000343322754,12.178274154663086,15100
2019-05-29,12.859999656677246,12.859999656677246,12.479999542236328,12.539999961853027,11.847600936889648,56100
2019-05-30,12.510000228881836,12.670000076293945,12.510000228881836,12.600000381469727,11.90428638458252,24900
2019-05-31,12.5,12.619999885559082,12.5,12.569999694824219,11.87594223022461,19700
2019-06-03,12.6899995803833,12.859999656677246,12.579999923706055,12.640000343322754,11.942078590393066,38500
2019-06-04,12.609999656677246,12.850000381469727,12.569999694824219,12.850000381469727,12.140482902526855,34100
2019-06-05,12.550000190734863,12.880000114440918,12.550000190734863,12.800000190734863,12.093243598937988,27000
2019-06-06,12.850000381469727,12.979999542236328,12.710000038146973,12.90999984741211,12.197169303894043,15600
2019-06-07,12.960000038146973,12.979999542236328,12.770000457763672,12.850000381469727,12.140482902526855,5600
2019-06-10,12.960000038146973,12.960000038146973,12.890000343322754,12.920000076293945,12.206618309020996,10800
2019-06-11,13.0,13.0,12.819999694824219,12.869999885559082,12.159379005432129,18000
2019-06-12,13.0,13.0,12.869999885559082,12.930000305175781,12.216064453125,11100
2019-06-13,12.869999885559082,12.869999885559082,12.770000457763672,12.829999923706055,12.192307472229004,15800
2019-06-14,12.84000015258789,13.0,12.770000457763672,12.949999809265137,12.306343078613281,9500
2019-06-17,12.949999809265137,13.0,12.90999984741211,13.0,12.35385799407959,39000
2019-06-18,12.9399995803833,13.0,12.90999984741211,12.90999984741211,12.268331527709961,16300
2019-06-19,12.970000267028809,12.979999542236328,12.84000015258789,12.869999885559082,12.230320930480957,24400
2019-06-20,12.960000038146973,12.960000038146973,12.8100004196167,12.819999694824219,12.182804107666016,9800
2019-06-21,12.710000038146973,12.869999885559082,12.710000038146973,12.829999923706055,12.192307472229004,23200
2019-06-24,12.930000305175781,12.930000305175781,12.84000015258789,12.850000381469727,12.21131420135498,15900
2019-06-25,12.9399995803833,12.9399995803833,12.850000381469727,12.880000114440918,12.239823341369629,17000
2019-06-26,12.949999809265137,12.949999809265137,12.829999923706055,12.880000114440918,12.239823341369629,5800
2019-06-27,13.0,13.0,12.850000381469727,12.90999984741211,12.268331527709961,15200
2019-06-28,12.9399995803833,12.989999771118164,12.880000114440918,12.970000267028809,12.325349807739258,14500
2019-07-01,13.0600004196167,13.0600004196167,12.899999618530273,12.899999618530273,12.258828163146973,17800
2019-07-02,12.899999618530273,13.020000457763672,12.899999618530273,12.9399995803833,12.296841621398926,31500
2019-07-03,13.039999961853027,13.039999961853027,13.0,13.020000457763672,12.37286376953125,4900
2019-07-05,13.050000190734863,13.050000190734863,12.890000343322754,12.960000038146973,12.31584644317627,12400
2019-07-08,12.930000305175781,13.0,12.899999618530273,12.930000305175781,12.287337303161621,12900
2019-07-09,12.949999809265137,12.970000267028809,12.84000015258789,12.880000114440918,12.239823341369629,25400
2019-07-10,13.079999923706055,13.079999923706055,12.989999771118164,13.0600004196167,12.410876274108887,23000
2019-07-11,13.029999732971191,13.0600004196167,12.9399995803833,12.949999809265137,12.377423286437988,7900
2019-07-12,12.979999542236328,13.039999961853027,12.869999885559082,13.010000228881836,12.434771537780762,22400
2019-07-15,13.050000190734863,13.079999923706055,13.0,13.020000457763672,12.444328308105469,17900
2019-07-16,13.0,13.239999771118164,12.90999984741211,13.109999656677246,12.530348777770996,32700
2019-07-17,13.079999923706055,13.130000114440918,12.949999809265137,13.109999656677246,12.530348777770996,10600
2019-07-18,12.979999542236328,13.050000190734863,12.979999542236328,13.050000190734863,12.473003387451172,10400
2019-07-19,13.050000190734863,13.260000228881836,13.039999961853027,13.229999542236328,12.64504337310791,14700
2019-07-22,13.260000228881836,13.260000228881836,13.149999618530273,13.149999618530273,12.568580627441406,15800
2019-07-23,13.149999618530273,13.180000305175781,13.100000381469727,13.100000381469727,12.520792961120605,15600
2019-07-24,13.180000305175781,13.180000305175781,13.09000015258789,13.109999656677246,12.530348777770996,8400
2019-07-25,13.119999885559082,13.15999984741211,13.050000190734863,13.149999618530273,12.568580627441406,16800
2019-07-26,13.079999923706055,13.300000190734863,13.050000190734863,13.260000228881836,12.673717498779297,20800
2019-07-29,13.300000190734863,13.390000343322754,13.25,13.359999656677246,12.769294738769531,12700
2019-07-30,13.359999656677246,13.40999984741211,13.260000228881836,13.390000343322754,12.797969818115234,36500
2019-07-31,13.350000381469727,13.40999984741211,13.319999694824219,13.390000343322754,12.797969818115234,14300
2019-08-01,13.40999984741211,13.40999984741211,13.300000190734863,13.3100004196167,12.72150707244873,21000
2019-08-02,13.350000381469727,13.40999984741211,13.279999732971191,13.359999656677246,12.769294738769531,10100
2019-08-05,13.210000038146973,13.380000114440918,13.210000038146973,13.329999923706055,12.740622520446777,20000
2019-08-06,13.390000343322754,13.40999984741211,13.260000228881836,13.40999984741211,12.817084312438965,12300
2019-08-07,13.380000114440918,13.380000114440918,13.229999542236328,13.350000381469727,12.759737968444824,20500
2019-08-08,13.329999923706055,13.380000114440918,13.220000267028809,13.34000015258789,12.750182151794434,14800
2019-08-09,13.300000190734863,13.399999618530273,13.260000228881836,13.350000381469727,12.759737968444824,8100
2019-08-12,13.1899995803833,13.34000015258789,13.1899995803833,13.210000038146973,12.697259902954102,12700
2019-08-13,13.319999694824219,13.319999694824219,13.09000015258789,13.109999656677246,12.601141929626465,19700
2019-08-14,13.100000381469727,13.100000381469727,12.979999542236328,13.020000457763672,12.514636039733887,14600
2019-08-15,13.119999885559082,13.15999984741211,13.010000228881836,13.020000457763672,12.514636039733887,13300
2019-08-16,13.010000228881836,13.09000015258789,12.930000305175781,12.979999542236328,12.476187705993652,13200
2019-08-19,13.0600004196167,13.109999656677246,12.989999771118164,13.100000381469727,12.591531753540039,13500
2019-08-20,13.170000076293945,13.170000076293945,13.0600004196167,13.119999885559082,12.61075496673584,12700
2019-08-21,13.1899995803833,13.1899995803833,12.949999809265137,13.050000190734863,12.543471336364746,19000
2019-08-22,13.09000015258789,13.15999984741211,13.069999694824219,13.130000114440918,12.620365142822266,9000
2019-08-23,13.140000343322754,13.199999809265137,13.069999694824219,13.100000381469727,12.591531753540039,8000
2019-08-26,13.319999694824219,13.319999694824219,13.109999656677246,13.15999984741211,12.649201393127441,21400
2019-08-27,13.1899995803833,13.229999542236328,12.869999885559082,12.989999771118164,12.485799789428711,24800
2019-08-28,12.960000038146973,13.09000015258789,12.960000038146973,13.0,12.49541187286377,9500
2019-08-29,13.010000228881836,13.010000228881836,12.970000267028809,12.989999771118164,12.485799789428711,25400
2019-08-30,12.949999809265137,13.039999961853027,12.949999809265137,13.029999732971191,12.524247169494629,14600
2019-09-03,13.130000114440918,13.170000076293945,13.020000457763672,13.170000076293945,12.658812522888184,22300
2019-09-04,13.229999542236328,13.34000015258789,13.210000038146973,13.319999694824219,12.802990913391113,26000
2019-09-05,13.25,13.329999923706055,13.220000267028809,13.329999923706055,12.812602996826172,15600
2019-09-06,13.270000457763672,13.350000381469727,13.270000457763672,13.350000381469727,12.831827163696289,13900
2019-09-09,13.3100004196167,13.350000381469727,13.260000228881836,13.3100004196167,12.793379783630371,13400
2019-09-10,13.279999732971191,13.300000190734863,13.270000457763672,13.300000190734863,12.783766746520996,15400
2019-09-11,13.229999542236328,13.300000190734863,13.229999542236328,13.279999732971191,12.764543533325195,17400
2019-09-12,13.3100004196167,13.399999618530273,13.25,13.399999618530273,12.95304012298584,11400
2019-09-13,13.369999885559082,13.430000305175781,13.34000015258789,13.359999656677246,12.914373397827148,15600
2019-09-16,13.359999656677246,13.369999885559082,13.319999694824219,13.359999656677246,12.914373397827148,4000
2019-09-17,13.319999694824219,13.390000343322754,13.319999694824219,13.380000114440918,12.933707237243652,15400
2019-09-18,13.40999984741211,13.40999984741211,13.3100004196167,13.399999618530273,12.95304012298584,14800
2019-09-19,13.399999618530273,13.40999984741211,13.289999961853027,13.289999961853027,12.846709251403809,21600
2019-09-20,13.279999732971191,13.380000114440918,13.260000228881836,13.279999732971191,12.837041854858398,8300
2019-09-23,13.3100004196167,13.430000305175781,13.300000190734863,13.40999984741211,12.962706565856934,12800
2019-09-24,13.359999656677246,13.4399995803833,13.350000381469727,13.350000381469727,12.904707908630371,11100
2019-09-25,13.399999618530273,13.4399995803833,13.359999656677246,13.4399995803833,12.991705894470215,11200
2019-09-26,13.449999809265137,13.489999771118164,13.390000343322754,13.449999809265137,13.001372337341309,17900
2019-09-27,13.489999771118164,13.5600004196167,13.420000076293945,13.550000190734863,13.098037719726562,24800
2019-09-30,13.5600004196167,13.800000190734863,13.5600004196167,13.779999732971191,13.320364952087402,28600
2019-10-01,13.989999771118164,14.109999656677246,13.8100004196167,13.9399995803833,13.475027084350586,41600
2019-10-02,13.890000343322754,13.989999771118164,13.800000190734863,13.949999809265137,13.48469352722168,36600
2019-10-03,13.6899995803833,13.880000114440918,13.670000076293945,13.670000076293945,13.214034080505371,33200
2019-10-04,13.720000267028809,13.739999771118164,13.3100004196167,13.460000038146973,13.011038780212402,39600
2019-10-07,13.510000228881836,13.529999732971191,13.390000343322754,13.399999618530273,12.95304012298584,12100
2019-10-08,13.420000076293945,13.449999809265137,13.350000381469727,13.359999656677246,12.914373397827148,16200
2019-10-09,13.399999618530273,13.75,13.399999618530273,13.59000015258789,13.136703491210938,15600
2019-10-10,13.520000457763672,13.5600004196167,13.460000038146973,13.5,13.049703598022461,29700
2019-10-11,13.489999771118164,13.800000190734863,13.489999771118164,13.789999961853027,13.330031394958496,37900
2019-10-14,13.779999732971191,13.800000190734863,13.680000305175781,13.729999542236328,13.272032737731934,23900
2019-10-15,13.649999618530273,13.75,13.4399995803833,13.579999923706055,13.202423095703125,22000
2019-10-16,13.579999923706055,13.680000305175781,13.399999618530273,13.550000190734863,13.173258781433105,17000
2019-10-17,13.579999923706055,13.699999809265137,13.579999923706055,13.65999984741211,13.28019905090332,15000
2019-10-18,13.649999618530273,13.670000076293945,13.569999694824219,13.649999618530273,13.270476341247559,10900
2019-10-21,13.75,13.770000457763672,13.649999618530273,13.739999771118164,13.357975006103516,15800
2019-10-22,13.75,13.859999656677246,13.739999771118164,13.75,13.367696762084961,16200
2019-10-23,13.979999542236328,13.979999542236328,13.75,13.829999923706055,13.445472717285156,23800
2019-10-24,13.739999771118164,13.920000076293945,13.739999771118164,13.869999885559082,13.484359741210938,21300
2019-10-25,13.979999542236328,13.989999771118164,13.8100004196167,13.970000267028809,13.581581115722656,33200
2019-10-28,13.899999618530273,13.979999542236328,13.800000190734863,13.84000015258789,13.455195426940918,28200
2019-10-29,13.84000015258789,13.90999984741211,13.829999923706055,13.890000343322754,13.503804206848145,13500
2019-10-30,13.949999809265137,14.050000190734863,13.930000305175781,14.029999732971191,13.639912605285645,29000
2019-10-31,14.119999885559082,14.130000114440918,14.050000190734863,14.09000015258789,13.698243141174316,20700
2019-11-01,14.220000267028809,14.3100004196167,14.199999809265137,14.239999771118164,13.844072341918945,26100
2019-11-04,14.239999771118164,14.390000343322754,14.239999771118164,14.260000228881836,13.863516807556152,34400
2019-11-05,14.260000228881836,14.289999961853027,14.140000343322754,14.140000343322754,13.746854782104492,25100
2019-11-06,14.180000305175781,14.180000305175781,13.850000381469727,14.020000457763672,13.630189895629883,26000
2019-11-07,14.020000457763672,14.25,13.59000015258789,13.739999771118164,13.357975006103516,74400
2019-11-08,13.819999694824219,14.050000190734863,13.8100004196167,13.869999885559082,13.484359741210938,21400
2019-11-11,13.930000305175781,13.960000038146973,13.770000457763672,13.819999694824219,13.435749053955078,30200
2019-11-12,13.770000457763672,13.920000076293945,13.720000267028809,13.869999885559082,13.561637878417969,14900
2019-11-13,13.8100004196167,13.920000076293945,13.699999809265137,13.720000267028809,13.414973258972168,46800
2019-11-14,13.75,13.75,13.649999618530273,13.649999618530273,13.346528053283691,19900
2019-11-15,13.6899995803833,13.75,13.6899995803833,13.6899995803833,13.385639190673828,4700
2019-11-18,13.779999732971191,13.960000038146973,13.649999618530273,13.6899995803833,13.385639190673828,23300
2019-11-19,13.640000343322754,13.729999542236328,13.630000114440918,13.65999984741211,13.356307029724121,19400
2019-11-20,13.550000190734863,13.84000015258789,13.550000190734863,13.739999771118164,13.434528350830078,17300
2019-11-21,13.8100004196167,14.029999732971191,13.770000457763672,14.029999732971191,13.7180814743042,23000
2019-11-22,13.949999809265137,13.949999809265137,13.800000190734863,13.890000343322754,13.581192970275879,16500
2019-11-25,13.9399995803833,13.949999809265137,13.850000381469727,13.920000076293945,13.610527038574219,12900
2019-11-26,13.8100004196167,13.979999542236328,13.8100004196167,13.899999618530273,13.590970993041992,10900
2019-11-27,14.100000381469727,14.100000381469727,13.890000343322754,13.890000343322754,13.581192970275879,8100
2019-11-29,14.050000190734863,14.050000190734863,13.880000114440918,13.920000076293945,13.610527038574219,5800
2019-12-02,14.09000015258789,14.09000015258789,13.899999618530273,13.960000038146973,13.649638175964355,18700
2019-12-03,13.9399995803833,14.25,13.850000381469727,14.130000114440918,13.815857887268066,30100
2019-12-04,14.140000343322754,14.239999771118164,14.100000381469727,14.220000267028809,13.90385627746582,12500
2019-12-05,14.369999885559082,14.369999885559082,14.149999618530273,14.270000457763672,13.952746391296387,10100
2019-12-06,14.09000015258789,14.3100004196167,14.09000015258789,14.300000190734863,13.982078552246094,21800
2019-12-09,14.180000305175781,14.350000381469727,14.180000305175781,14.350000381469727,14.030966758728027,14300
2019-12-10,14.25,14.279999732971191,13.729999542236328,13.779999732971191,13.473638534545898,85100
2019-12-11,13.850000381469727,14.109999656677246,13.850000381469727,14.100000381469727,13.78652572631836,25500
2019-12-12,14.010000228881836,14.170000076293945,13.770000457763672,13.8100004196167,13.579267501831055,41500
2019-12-13,13.9399995803833,13.9399995803833,13.8100004196167,13.850000381469727,13.618598937988281,11500
2019-12-16,13.819999694824219,14.140000343322754,13.819999694824219,14.130000114440918,13.893919944763184,28300
2019-12-17,14.029999732971191,14.039999961853027,13.890000343322754,13.930000305175781,13.697260856628418,18100
2019-12-18,14.0,14.0,13.90999984741211,13.920000076293945,13.687429428100586,26700
2019-12-19,13.880000114440918,13.960000038146973,13.84000015258789,13.890000343322754,13.657929420471191,20900
2019-12-20,13.8100004196167,14.020000457763672,13.779999732971191,13.880000114440918,13.64809799194336,26200
2019-12-23,13.859999656677246,14.09000015258789,13.859999656677246,13.869999885559082,13.638263702392578,15600
2019-12-24,13.880000114440918,13.949999809265137,13.880000114440918,13.949999809265137,13.716927528381348,2500
2019-12-26,14.0,14.029999732971191,13.949999809265137,13.960000038146973,13.726760864257812,16300
2019-12-27,13.9399995803833,14.039999961853027,13.829999923706055,13.850000381469727,13.618598937988281,26100
2019-12-30,13.90999984741211,14.039999961853027,13.90999984741211,14.0,13.766091346740723,10000
2019-12-31,14.130000114440918,14.130000114440918,13.760000228881836,13.960000038146973,13.726760864257812,17400
2020-01-02,14.119999885559082,14.140000343322754,13.920000076293945,14.140000343322754,13.903754234313965,44400
2020-01-03,13.930000305175781,14.170000076293945,13.930000305175781,14.119999885559082,13.884087562561035,33900
2020-01-06,14.109999656677246,14.170000076293945,14.109999656677246,14.140000343322754,13.903754234313965,24400
2020-01-07,14.149999618530273,14.260000228881836,14.149999618530273,14.1899995803833,13.952917098999023,18700
2020-01-08,14.149999618530273,14.270000457763672,14.100000381469727,14.100000381469727,13.864422798156738,22300
2020-01-09,14.100000381469727,14.279999732971191,14.100000381469727,14.140000343322754,13.903754234313965,14900
2020-01-10,14.220000267028809,14.260000228881836,14.050000190734863,14.100000381469727,13.864422798156738,24300
2020-01-13,14.0,14.15999984741211,14.0,14.149999618530273,13.99246883392334,30200
2020-01-14,14.0600004196167,14.300000190734863,14.0600004196167,14.289999961853027,14.130910873413086,23700
2020-01-15,14.220000267028809,14.390000343322754,14.220000267028809,14.350000381469727,14.1902437210083,21100
2020-01-16,14.34000015258789,14.390000343322754,14.220000267028809,14.220000267028809,14.061690330505371,25000
2020-01-17,14.300000190734863,14.329999923706055,14.25,14.289999961853027,14.130910873413086,15600
2020-01-21,14.369999885559082,14.390000343322754,14.329999923706055,14.380000114440918,14.21990966796875,12000
2020-01-22,14.40999984741211,14.449999809265137,14.399999618530273,14.449999809265137,14.289129257202148,8100
2020-01-23,14.449999809265137,14.59000015258789,14.399999618530273,14.5,14.338573455810547,14000
2020-01-24,14.579999923706055,14.699999809265137,14.489999771118164,14.609999656677246,14.447348594665527,17300
2020-01-27,14.600000381469727,14.789999961853027,14.59000015258789,14.670000076293945,14.506680488586426,22100
2020-01-28,14.470000267028809,14.6899995803833,14.180000305175781,14.619999885559082,14.457237243652344,41900
2020-01-29,14.520000457763672,14.720000267028809,14.520000457763672,14.680000305175781,14.516570091247559,22800
2020-01-30,14.760000228881836,14.880000114440918,14.6899995803833,14.859999656677246,14.694565773010254,20200
2020-01-31,14.9399995803833,14.9399995803833,14.800000190734863,14.920000076293945,14.753897666931152,31300
2020-02-03,15.350000381469727,15.350000381469727,14.989999771118164,15.130000114440918,14.961559295654297,31300
2020-02-04,15.34000015258789,15.34000015258789,15.100000381469727,15.15999984741211,14.991225242614746,36500
2020-02-05,15.25,15.25,15.050000190734863,15.130000114440918,14.961559295654297,15900
2020-02-06,15.220000267028809,15.220000267028809,15.149999618530273,15.15999984741211,14.991225242614746,9900
2020-02-07,15.0,15.199999809265137,14.960000038146973,15.170000076293945,15.001113891601562,19200
2020-02-10,15.970000267028809,15.970000267028809,15.350000381469727,15.529999732971191,15.35710620880127,53600
2020-02-11,15.420000076293945,15.550000190734863,15.40999984741211,15.489999771118164,15.317550659179688,25600
2020-02-12,15.510000228881836,15.510000228881836,15.260000228881836,15.380000114440918,15.208776473999023,28700
2020-02-13,15.270000457763672,15.5,15.270000457763672,15.470000267028809,15.377642631530762,18300
2020-02-14,15.359999656677246,15.529999732971191,15.359999656677246,15.510000228881836,15.417403221130371,20800
2020-02-18,15.300000190734863,15.699999809265137,15.300000190734863,15.680000305175781,15.58638858795166,41600
2020-02-19,15.5,15.859999656677246,15.5,15.829999923706055,15.735492706298828,28500
2020-02-20,15.609999656677246,15.930000305175781,15.609999656677246,15.850000381469727,15.75537395477295,44900
2020-02-21,15.920000076293945,15.920000076293945,15.640000343322754,15.800000190734863,15.705672264099121,35000
2020-02-24,15.65999984741211,15.779999732971191,15.319999694824219,15.449999809265137,15.35776138305664,36900
2020-02-25,15.710000038146973,15.75,14.75,14.890000343322754,14.801105499267578,76400
2020-02-26,14.449999809265137,14.890000343322754,14.399999618530273,14.779999732971191,14.691761016845703,50000
2020-02-27,14.380000114440918,14.710000038146973,13.260000228881836,13.350000381469727,13.270298957824707,139700
2020-02-28,12.760000228881836,12.970000267028809,12.369999885559082,12.399999618530273,12.325969696044922,127400
2020-03-02,12.449999809265137,13.779999732971191,12.449999809265137,13.600000381469727,13.518806457519531,91300
2020-03-03,14.109999656677246,14.109999656677246,13.510000228881836,13.949999809265137,13.866716384887695,60400
2020-03-04,13.960000038146973,14.699999809265137,13.960000038146973,14.65999984741211,14.572478294372559,46100
2020-03-05,14.6899995803833,14.75,14.0600004196167,14.75,14.661940574645996,40900
2020-03-06,14.010000228881836,15.100000381469727,14.010000228881836,15.100000381469727,15.009851455688477,41700
2020-03-09,14.260000228881836,14.760000228881836,14.170000076293945,14.380000114440918,14.294149398803711,46300
2020-03-10,14.270000457763672,15.1899995803833,13.850000381469727,14.399999618530273,14.314029693603516,38800
2020-03-11,13.920000076293945,14.479999542236328,13.1899995803833,13.399999618530273,13.319999694824219,42800
2020-03-12,12.289999961853027,12.470000267028809,11.359999656677246,11.619999885559082,11.619999885559082,88400
2020-03-13,11.800000190734863,12.140000343322754,11.470000267028809,12.029999732971191,12.029999732971191,54600
2020-03-16,11.1899995803833,11.6899995803833,11.1899995803833,11.350000381469727,11.350000381469727,32300
2020-03-17,11.260000228881836,12.210000038146973,11.25,11.770000457763672,11.770000457763672,48800
2020-03-18,11.289999961853027,11.600000381469727,9.329999923706055,9.520000457763672,9.520000457763672,96000
2020-03-19,9.319999694824219,9.789999961853027,8.020000457763672,9.010000228881836,9.010000228881836,115500
2020-03-20,9.010000228881836,10.039999961853027,9.010000228881836,9.289999961853027,9.289999961853027,64800
2020-03-23,8.539999961853027,8.90999984741211,7.510000228881836,8.489999771118164,8.489999771118164,132100
2020-03-24,8.5,9.399999618530273,8.489999771118164,8.949999809265137,8.949999809265137,61600
2020-03-25,8.420000076293945,9.760000228881836,8.069999694824219,9.15999984741211,9.15999984741211,124000
2020-03-26,9.550000190734863,10.220000267028809,9.0600004196167,9.779999732971191,9.779999732971191,121900
2020-03-27,9.600000381469727,10.399999618530273,9.550000190734863,10.329999923706055,10.329999923706055,55200
2020-03-30,10.720000267028809,11.239999771118164,10.3100004196167,11.010000228881836,11.010000228881836,67700
2020-03-31,11.239999771118164,11.260000228881836,10.779999732971191,10.869999885559082,10.869999885559082,42800
2020-04-01,10.800000190734863,10.800000190734863,9.899999618530273,10.069999694824219,10.069999694824219,55800
