Date,Open,High,Low,Close,Adj Close,Volume
2017-10-26,11.100000381469727,11.180000305175781,11.020000457763672,11.0600004196167,11.0600004196167,22000
2017-11-09,13.0,14.699999809265137,13.0,13.5,13.5,42527100
2017-11-10,14.039999961853027,14.6899995803833,13.680000305175781,13.850000381469727,13.850000381469727,12580400
2017-11-13,14.0,14.069999694824219,13.65999984741211,13.819999694824219,13.819999694824219,4344900
2017-11-14,13.699999809265137,13.84000015258789,13.0,13.0,13.0,8635100
2017-11-15,12.880000114440918,13.0,12.5,12.6899995803833,12.6899995803833,6820800
2017-11-16,12.890000343322754,13.350000381469727,12.850000381469727,13.270000457763672,13.270000457763672,2799800
2017-11-17,13.300000190734863,13.600000381469727,13.1899995803833,13.1899995803833,13.1899995803833,3289000
2017-11-20,13.430000305175781,13.58899974822998,13.270000457763672,13.550000190734863,13.550000190734863,1716500
2017-11-21,13.649999618530273,13.770000457763672,13.5600004196167,13.699999809265137,13.699999809265137,2305800
2017-11-22,13.75,13.819999694824219,13.510000228881836,13.550000190734863,13.550000190734863,2094200
2017-11-24,13.670000076293945,13.670000076293945,12.819999694824219,13.050000190734863,13.050000190734863,2386000
2017-11-27,13.010000228881836,13.380000114440918,12.949999809265137,13.050000190734863,13.050000190734863,1575300
2017-11-28,13.050000190734863,13.229999542236328,12.859999656677246,12.920000076293945,12.920000076293945,1722000
2017-11-29,13.0,13.050000190734863,12.100000381469727,13.050000190734863,13.050000190734863,3824000
2017-11-30,12.6899995803833,12.789999961853027,12.220000267028809,12.300000190734863,12.300000190734863,3321200
2017-12-01,12.350000381469727,12.40999984741211,11.0,11.15999984741211,11.15999984741211,3688700
2017-12-04,11.670000076293945,11.680000305175781,10.850000381469727,11.0,11.0,3490500
2017-12-05,11.0,11.930000305175781,11.0,11.699999809265137,11.699999809265137,2113500
2017-12-06,11.529999732971191,11.5600004196167,11.300000190734863,11.430000305175781,11.430000305175781,1549600
2017-12-07,11.680000305175781,11.960000038146973,11.529999732971191,11.630000114440918,11.630000114440918,1377000
2017-12-08,11.699999809265137,11.880000114440918,11.569999694824219,11.649999618530273,11.649999618530273,644800
2017-12-11,11.989999771118164,12.097000122070312,11.720000267028809,11.9399995803833,11.9399995803833,1117700
2017-12-12,12.0,12.050000190734863,11.579999923706055,11.670000076293945,11.670000076293945,714100
2017-12-13,11.609999656677246,11.760000228881836,11.380000114440918,11.399999618530273,11.399999618530273,900900
2017-12-14,11.460000038146973,11.470000267028809,11.024999618530273,11.100000381469727,11.100000381469727,896700
2017-12-15,11.149999618530273,11.319999694824219,11.050000190734863,11.1899995803833,11.1899995803833,532800
2017-12-18,11.220000267028809,11.579999923706055,11.220000267028809,11.369999885559082,11.369999885559082,1026700
2017-12-19,11.680000305175781,11.869999885559082,11.5,11.720000267028809,11.720000267028809,1259800
2017-12-20,11.850000381469727,11.880000114440918,11.420000076293945,11.609999656677246,11.609999656677246,1102100
2017-12-21,11.699999809265137,11.800000190734863,11.449999809265137,11.600000381469727,11.600000381469727,866600
2017-12-22,11.640000343322754,11.789999961853027,11.460000038146973,11.65999984741211,11.65999984741211,619200
2017-12-26,11.699999809265137,11.880000114440918,11.65999984741211,11.720000267028809,11.720000267028809,464200
2017-12-27,11.720000267028809,12.0,11.710000038146973,11.8100004196167,11.8100004196167,659000
2017-12-28,11.800000190734863,11.84000015258789,11.609999656677246,11.739999771118164,11.739999771118164,379200
2017-12-29,11.699999809265137,11.720000267028809,11.486000061035156,11.569999694824219,11.569999694824219,1162200
2018-01-02,11.550000190734863,11.920000076293945,11.550000190734863,11.899999618530273,11.899999618530273,915600
2018-01-03,12.0,12.010000228881836,11.699999809265137,11.899999618530273,11.899999618530273,1221000
2018-01-04,12.0,12.279999732971191,11.979999542236328,12.170000076293945,12.170000076293945,2175400
2018-01-05,12.229999542236328,12.75,12.229999542236328,12.529999732971191,12.529999732971191,1946500
2018-01-08,12.670000076293945,13.0,12.664999961853027,12.819999694824219,12.819999694824219,2522200
2018-01-09,12.979999542236328,13.0,12.600000381469727,12.619999885559082,12.619999885559082,1786800
2018-01-10,12.550000190734863,12.729999542236328,12.260000228881836,12.609999656677246,12.609999656677246,1240400
2018-01-11,12.579999923706055,12.800000190734863,12.413000106811523,12.460000038146973,12.460000038146973,865300
2018-01-12,12.59000015258789,12.630000114440918,12.199999809265137,12.329999923706055,12.329999923706055,1041600
2018-01-16,12.399999618530273,12.529999732971191,12.039999961853027,12.15999984741211,12.15999984741211,1423000
2018-01-17,12.130000114440918,12.1899995803833,11.640000343322754,11.75,11.75,1918600
2018-01-18,11.739999771118164,11.779999732971191,11.449999809265137,11.470000267028809,11.470000267028809,1761600
2018-01-19,11.579999923706055,11.989999771118164,11.420000076293945,11.4399995803833,11.4399995803833,1500500
2018-01-22,11.479999542236328,11.505999565124512,11.100000381469727,11.180000305175781,11.180000305175781,2086200
2018-01-23,11.84000015258789,11.84000015258789,11.25,11.289999961853027,11.289999961853027,2114000
2018-01-24,11.430000305175781,11.850000381469727,11.420000076293945,11.619999885559082,11.619999885559082,1975900
2018-01-25,12.15999984741211,12.15999984741211,11.449999809265137,11.529999732971191,11.529999732971191,2119800
2018-01-26,11.619999885559082,12.399999618530273,11.609999656677246,12.319999694824219,12.319999694824219,2915100
2018-01-29,11.75,11.75,11.0,11.170000076293945,11.170000076293945,11371400
2018-01-30,11.149999618530273,11.300000190734863,10.640000343322754,10.649999618530273,10.649999618530273,5929500
2018-01-31,10.779999732971191,10.880000114440918,10.154999732971191,10.279999732971191,10.279999732971191,5394900
2018-02-01,10.15999984741211,10.399999618530273,10.020000457763672,10.279999732971191,10.279999732971191,2048800
2018-02-02,10.220000267028809,10.289999961853027,10.010000228881836,10.199999809265137,10.199999809265137,2003700
2018-02-05,9.930000305175781,9.989999771118164,9.5,9.529999732971191,9.529999732971191,3091800
2018-02-06,9.199999809265137,10.4399995803833,9.029999732971191,10.289999961853027,10.289999961853027,4061200
2018-02-07,10.470000267028809,10.470000267028809,9.380000114440918,9.470000267028809,9.470000267028809,5133500
2018-02-08,9.5600004196167,9.75,8.925999641418457,9.029999732971191,9.029999732971191,3426800
2018-02-09,9.09000015258789,9.239999771118164,8.079999923706055,8.739999771118164,8.739999771118164,4435100
2018-02-12,8.899999618530273,9.220000267028809,8.734999656677246,9.109999656677246,9.109999656677246,1798700
2018-02-13,9.1899995803833,9.880000114440918,9.15999984741211,9.779999732971191,9.779999732971191,3225400
2018-02-14,9.649999618530273,9.744999885559082,9.319999694824219,9.449999809265137,9.449999809265137,2362800
2018-02-15,9.5,9.680000305175781,9.3100004196167,9.479999542236328,9.479999542236328,1367500
2018-02-16,9.399999618530273,9.59000015258789,9.399999618530273,9.420000076293945,9.420000076293945,961100
2018-02-20,9.40999984741211,9.479999542236328,9.220000267028809,9.279999732971191,9.279999732971191,768200
2018-02-21,9.359999656677246,9.510000228881836,9.25,9.34000015258789,9.34000015258789,960200
2018-02-22,9.3100004196167,9.40999984741211,9.199999809265137,9.260000228881836,9.260000228881836,612200
2018-02-23,9.319999694824219,9.348999977111816,9.050000190734863,9.079999923706055,9.079999923706055,1143100
2018-02-26,9.100000381469727,9.199999809265137,9.100000381469727,9.140000343322754,9.140000343322754,720900
2018-02-27,9.100000381469727,9.149999618530273,8.920000076293945,8.949999809265137,8.949999809265137,979200
2018-02-28,8.920000076293945,8.984999656677246,8.800000190734863,8.800000190734863,8.800000190734863,872100
2018-03-01,8.819999694824219,9.15999984741211,8.800000190734863,8.970000267028809,8.970000267028809,1099100
2018-03-02,9.180000305175781,9.399999618530273,9.010000228881836,9.329999923706055,9.329999923706055,1555300
2018-03-05,9.210000038146973,9.489999771118164,9.119999885559082,9.34000015258789,9.34000015258789,1186400
2018-03-06,9.369999885559082,9.760000228881836,9.34000015258789,9.630000114440918,9.630000114440918,1174800
2018-03-07,9.520000457763672,9.760000228881836,9.510000228881836,9.680000305175781,9.680000305175781,812000
2018-03-08,9.720000267028809,9.989999771118164,9.609999656677246,9.899999618530273,9.899999618530273,1508600
2018-03-09,9.970000267028809,9.989999771118164,9.619999885559082,9.680000305175781,9.680000305175781,1161000
2018-03-12,9.630000114440918,9.6899995803833,9.345000267028809,9.479999542236328,9.479999542236328,1324700
2018-03-13,9.729999542236328,9.84000015258789,9.479999542236328,9.520000457763672,9.520000457763672,969600
2018-03-14,9.5600004196167,9.699999809265137,9.444999694824219,9.529999732971191,9.529999732971191,735200
2018-03-15,9.5,9.770000457763672,9.399999618530273,9.489999771118164,9.489999771118164,1365800
2018-03-16,9.550000190734863,9.850000381469727,9.550000190734863,9.800000190734863,9.800000190734863,1582600
2018-03-19,9.84000015258789,9.84000015258789,9.520000457763672,9.59000015258789,9.59000015258789,2437100
2018-03-20,9.670000076293945,9.739999771118164,9.420000076293945,9.4399995803833,9.4399995803833,1347200
2018-03-21,9.420000076293945,9.444999694824219,9.229999542236328,9.279999732971191,9.279999732971191,934100
2018-03-22,9.130000114440918,9.130000114440918,8.875,8.960000038146973,8.960000038146973,2182000
2018-03-23,8.899999618530273,8.960000038146973,8.300000190734863,8.40999984741211,8.40999984741211,2745700
2018-03-26,8.6899995803833,8.720000267028809,8.104999542236328,8.319999694824219,8.319999694824219,2127500
2018-03-27,8.40999984741211,8.59000015258789,8.220000267028809,8.270000457763672,8.270000457763672,2282300
2018-03-28,8.300000190734863,8.399999618530273,8.130000114440918,8.199999809265137,8.199999809265137,1559300
2018-03-29,8.279999732971191,8.3100004196167,8.119999885559082,8.25,8.25,763100
2018-04-02,8.180000305175781,8.359999656677246,8.020000457763672,8.109999656677246,8.109999656677246,1214500
2018-04-03,8.119999885559082,8.289999961853027,8.109999656677246,8.130000114440918,8.130000114440918,754400
2018-04-04,7.940000057220459,8.6899995803833,7.909999847412109,8.59000015258789,8.59000015258789,3070600
2018-04-05,8.699999809265137,8.760000228881836,8.180000305175781,8.239999771118164,8.239999771118164,1444300
2018-04-06,8.239999771118164,8.289999961853027,8.039999961853027,8.119999885559082,8.119999885559082,1032600
2018-04-09,8.15999984741211,8.40999984741211,8.15999984741211,8.319999694824219,8.319999694824219,848600
2018-04-10,8.420000076293945,8.729999542236328,8.390000343322754,8.699999809265137,8.699999809265137,1648600
2018-04-11,8.609999656677246,8.800000190734863,8.40999984741211,8.520000457763672,8.520000457763672,1270600
2018-04-12,8.529999732971191,8.800000190734863,8.529999732971191,8.649999618530273,8.649999618530273,744600
2018-04-13,8.649999618530273,8.859999656677246,8.645000457763672,8.770000457763672,8.770000457763672,938600
2018-04-16,8.800000190734863,8.824999809265137,8.510000228881836,8.569999694824219,8.569999694824219,864300
2018-04-17,8.579999923706055,8.680000305175781,8.520000457763672,8.5600004196167,8.5600004196167,539500
2018-04-18,8.550000190734863,8.71500015258789,8.520000457763672,8.520000457763672,8.520000457763672,441700
2018-04-19,8.520000457763672,8.600000381469727,8.390000343322754,8.470000267028809,8.470000267028809,665100
2018-04-20,8.420000076293945,8.470000267028809,8.210000038146973,8.470000267028809,8.470000267028809,796000
2018-04-23,8.510000228881836,8.510000228881836,8.279999732971191,8.369999885559082,8.369999885559082,837800
2018-04-24,8.5,8.5600004196167,8.25,8.5600004196167,8.5600004196167,1430100
2018-04-25,8.5600004196167,8.5600004196167,8.15999984741211,8.25,8.25,1519200
2018-04-26,8.329999923706055,8.59000015258789,8.329999923706055,8.5,8.5,1596100
2018-04-27,8.5,8.880000114440918,8.479999542236328,8.8100004196167,8.8100004196167,972200
2018-04-30,8.84000015258789,8.890999794006348,8.479999542236328,8.600000381469727,8.600000381469727,785900
2018-05-01,8.520000457763672,8.6899995803833,8.4399995803833,8.489999771118164,8.489999771118164,798000
2018-05-02,8.5,8.609999656677246,8.449999809265137,8.5,8.5,1061100
2018-05-03,8.489999771118164,8.65999984741211,8.479999542236328,8.609999656677246,8.609999656677246,900800
2018-05-04,8.5,8.539999961853027,8.369999885559082,8.5,8.5,708600
2018-05-07,8.5,8.779999732971191,8.5,8.670000076293945,8.670000076293945,1137900
2018-05-08,8.609999656677246,8.800000190734863,8.609999656677246,8.770000457763672,8.770000457763672,875000
2018-05-09,8.739999771118164,9.345000267028809,8.739999771118164,9.260000228881836,9.260000228881836,2386100
2018-05-10,9.270000457763672,9.5,9.239999771118164,9.470000267028809,9.470000267028809,1356000
2018-05-11,9.619999885559082,9.649999618530273,9.369999885559082,9.489999771118164,9.489999771118164,1139400
2018-05-14,9.460000038146973,9.739999771118164,9.420000076293945,9.649999618530273,9.649999618530273,1862600
2018-05-15,9.5,9.569999694824219,9.34000015258789,9.5,9.5,938300
2018-05-16,9.470000267028809,9.5,9.3100004196167,9.399999618530273,9.399999618530273,1071000
2018-05-17,9.489999771118164,9.739999771118164,9.460000038146973,9.479999542236328,9.479999542236328,1081200
2018-05-18,9.479999542236328,9.6899995803833,9.4399995803833,9.630000114440918,9.630000114440918,682800
2018-05-21,9.75,9.9399995803833,9.630000114440918,9.850000381469727,9.850000381469727,1683200
2018-05-22,9.899999618530273,9.899999618530273,9.449999809265137,9.680000305175781,9.680000305175781,1218400
2018-05-23,9.539999961853027,9.739999771118164,9.5,9.65999984741211,9.65999984741211,560500
2018-05-24,9.680000305175781,9.829999923706055,9.618000030517578,9.710000038146973,9.710000038146973,757900
2018-05-25,9.699999809265137,9.78499984741211,9.630000114440918,9.779999732971191,9.779999732971191,324400
2018-05-29,9.609999656677246,9.760000228881836,9.505000114440918,9.600000381469727,9.600000381469727,1319800
2018-05-30,9.579999923706055,9.600000381469727,9.470000267028809,9.5,9.5,998300
2018-05-31,9.479999542236328,9.5600004196167,9.420000076293945,9.529999732971191,9.529999732971191,1616300
2018-06-01,9.609999656677246,9.710000038146973,9.449999809265137,9.609999656677246,9.609999656677246,2883500
2018-06-04,9.760000228881836,11.072999954223633,9.720000267028809,10.880000114440918,10.880000114440918,7991200
2018-06-05,11.529999732971191,11.789999961853027,11.010000228881836,11.1899995803833,11.1899995803833,7237300
2018-06-06,11.34000015258789,11.609999656677246,11.130000114440918,11.329999923706055,11.329999923706055,4260600
2018-06-07,11.359999656677246,11.399999618530273,10.829999923706055,10.970000267028809,10.970000267028809,3134600
2018-06-08,11.079999923706055,11.399999618530273,10.449999809265137,11.329999923706055,11.329999923706055,4558200
2018-06-11,11.5,12.5,11.347999572753906,12.25,12.25,7819900
2018-06-12,12.859999656677246,13.25,12.375,12.75,12.75,7453600
2018-06-13,13.020000457763672,13.204999923706055,12.25,12.470000267028809,12.470000267028809,5833500
2018-06-14,12.979999542236328,13.430000305175781,12.755000114440918,13.380000114440918,13.380000114440918,9929000
2018-06-15,13.960000038146973,15.300000190734863,13.579999923706055,13.850000381469727,13.850000381469727,22071900
2018-06-18,14.130000114440918,15.5,14.010000228881836,15.430000305175781,15.430000305175781,17441000
2018-06-19,15.220000267028809,15.25,13.729999542236328,13.930000305175781,13.930000305175781,16561900
2018-06-20,14.967000007629395,14.967000007629395,13.619999885559082,14.020000457763672,14.020000457763672,10464000
2018-06-21,13.680000305175781,13.680000305175781,12.25,12.529999732971191,12.529999732971191,9434800
2018-06-22,12.640000343322754,12.670000076293945,11.640000343322754,11.729999542236328,11.729999542236328,8072200
2018-06-25,10.930000305175781,11.880000114440918,10.75,11.579999923706055,11.579999923706055,8860600
2018-06-26,11.890000343322754,12.170000076293945,11.432000160217285,11.720000267028809,11.720000267028809,5377800
2018-06-27,11.899999618530273,12.260000228881836,11.149999618530273,11.279999732971191,11.279999732971191,4516500
2018-06-28,10.819999694824219,11.420000076293945,10.59000015258789,11.359999656677246,11.359999656677246,2936400
2018-06-29,11.550000190734863,11.729999542236328,11.359999656677246,11.430000305175781,11.430000305175781,1471400
2018-07-02,10.880000114440918,11.220000267028809,10.75,10.989999771118164,10.989999771118164,3029600
2018-07-03,11.09000015258789,11.130000114440918,10.640000343322754,10.850000381469727,10.850000381469727,2838400
2018-07-05,10.800000190734863,10.899999618530273,10.210000038146973,10.4399995803833,10.4399995803833,3341700
2018-07-06,10.260000228881836,10.84000015258789,10.100000381469727,10.760000228881836,10.760000228881836,2182200
2018-07-09,10.970000267028809,11.359999656677246,10.880000114440918,11.0600004196167,11.0600004196167,4219900
2018-07-10,11.0600004196167,11.079999923706055,10.5,10.609999656677246,10.609999656677246,3626800
2018-07-11,10.039999961853027,10.52299976348877,10.0,10.40999984741211,10.40999984741211,3190900
2018-07-12,10.619999885559082,11.289999961853027,10.520000457763672,11.069999694824219,11.069999694824219,4197600
2018-07-13,11.0,11.1899995803833,10.630000114440918,10.779999732971191,10.779999732971191,2490200
2018-07-16,10.770000457763672,11.187999725341797,10.6899995803833,11.130000114440918,11.130000114440918,2193400
2018-07-17,10.920000076293945,12.199999809265137,10.899999618530273,12.020000457763672,12.020000457763672,7650600
2018-07-18,11.850000381469727,12.380000114440918,11.640000343322754,11.729999542236328,11.729999542236328,3692000
2018-07-19,11.59000015258789,11.812000274658203,11.149999618530273,11.289999961853027,11.289999961853027,2835200
2018-07-20,11.350000381469727,11.65999984741211,11.329999923706055,11.380000114440918,11.380000114440918,1855700
2018-07-23,11.390000343322754,11.489999771118164,11.109999656677246,11.229999542236328,11.229999542236328,1432600
2018-07-24,11.460000038146973,11.460000038146973,10.449999809265137,10.609999656677246,10.609999656677246,4408200
2018-07-25,10.640000343322754,11.029999732971191,10.609999656677246,10.9399995803833,10.9399995803833,1815300
2018-07-26,10.630000114440918,10.920000076293945,10.520000457763672,10.770000457763672,10.770000457763672,1781100
2018-07-27,10.859999656677246,11.020000457763672,10.25,10.329999923706055,10.329999923706055,4141700
2018-07-30,9.199999809265137,9.720000267028809,8.880000114440918,9.550000190734863,9.550000190734863,9985800
2018-07-31,9.279999732971191,9.680000305175781,9.09000015258789,9.210000038146973,9.210000038146973,4601300
2018-08-01,8.9399995803833,9.5,8.930999755859375,9.449999809265137,9.449999809265137,4622700
2018-08-02,9.239999771118164,9.3100004196167,8.979999542236328,9.09000015258789,9.09000015258789,4062300
2018-08-03,9.109999656677246,9.390000343322754,9.079999923706055,9.369999885559082,9.369999885559082,2079600
2018-08-06,9.300000190734863,9.489999771118164,9.15999984741211,9.239999771118164,9.239999771118164,1971900
2018-08-07,9.239999771118164,9.399999618530273,9.119999885559082,9.300000190734863,9.300000190734863,1440900
2018-08-08,9.279999732971191,9.3100004196167,8.979999542236328,9.0,9.0,2515100
2018-08-09,9.069999694824219,9.170000076293945,9.010000228881836,9.020000457763672,9.020000457763672,1279500
2018-08-10,9.050000190734863,9.119999885559082,8.949999809265137,8.960000038146973,8.960000038146973,1806900
2018-08-13,8.930000305175781,9.079999923706055,8.649999618530273,8.800000190734863,8.800000190734863,2663100
2018-08-14,8.789999961853027,8.789999961853027,8.390000343322754,8.5600004196167,8.5600004196167,2993700
2018-08-15,8.149999618530273,8.454999923706055,8.140000343322754,8.359999656677246,8.359999656677246,3388400
2018-08-16,8.5,9.0600004196167,8.5,9.020000457763672,9.020000457763672,3151100
2018-08-17,8.899999618530273,9.109999656677246,8.720000267028809,9.09000015258789,9.09000015258789,1974600
2018-08-20,9.100000381469727,9.119999885559082,8.649999618530273,8.680000305175781,8.680000305175781,2469600
2018-08-21,8.800000190734863,9.079999923706055,8.6899995803833,8.899999618530273,8.899999618530273,2307700
2018-08-22,8.880000114440918,8.920000076293945,8.65999984741211,8.829999923706055,8.829999923706055,1566400
2018-08-23,8.899999618530273,9.005000114440918,8.479999542236328,8.5,8.5,2027300
2018-08-24,8.5,8.779999732971191,8.470000267028809,8.59000015258789,8.59000015258789,2037100
2018-08-27,8.680000305175781,9.135000228881836,8.670000076293945,8.949999809265137,8.949999809265137,2399200
2018-08-28,9.069999694824219,9.289999961853027,8.680000305175781,8.75,8.75,2431300
2018-08-29,8.680000305175781,8.9399995803833,8.600000381469727,8.699999809265137,8.699999809265137,1573400
2018-08-30,8.600000381469727,8.699999809265137,8.3100004196167,8.34000015258789,8.34000015258789,1774000
2018-08-31,8.279999732971191,8.430000305175781,8.199999809265137,8.229999542236328,8.229999542236328,1493200
2018-09-04,8.1899995803833,8.21500015258789,7.934999942779541,7.96999979019165,7.96999979019165,1979400
2018-09-05,7.880000114440918,7.880000114440918,7.510000228881836,7.71999979019165,7.71999979019165,2230800
2018-09-06,7.679999828338623,7.940000057220459,7.650000095367432,7.860000133514404,7.860000133514404,2074900
2018-09-07,7.769999980926514,8.239999771118164,7.699999809265137,7.760000228881836,7.760000228881836,1659900
2018-09-10,7.869999885559082,8.029999732971191,7.534999847412109,7.570000171661377,7.570000171661377,1858400
2018-09-11,7.510000228881836,7.570000171661377,7.210000038146973,7.46999979019165,7.46999979019165,2187100
2018-09-12,7.550000190734863,7.650000095367432,7.260000228881836,7.53000020980835,7.53000020980835,1817000
2018-09-13,7.800000190734863,8.100000381469727,7.710000038146973,7.71999979019165,7.71999979019165,2435300
2018-09-14,7.75,7.96999979019165,7.449999809265137,7.550000190734863,7.550000190734863,1956300
2018-09-17,7.440000057220459,7.53000020980835,7.349999904632568,7.400000095367432,7.400000095367432,949800
2018-09-18,7.400000095367432,7.630000114440918,7.389999866485596,7.539999961853027,7.539999961853027,847100
2018-09-19,7.559999942779541,7.860000133514404,7.559999942779541,7.75,7.75,965800
2018-09-20,7.849999904632568,8.210000038146973,7.820000171661377,8.0,8.0,1364000
2018-09-21,8.130000114440918,8.130000114440918,7.829999923706055,7.929999828338623,7.929999828338623,1360300
2018-09-24,7.760000228881836,7.960000038146973,7.63100004196167,7.789999961853027,7.789999961853027,803200
2018-09-25,7.78000020980835,7.820000171661377,7.519999980926514,7.619999885559082,7.619999885559082,1097100
2018-09-26,7.650000095367432,7.75,7.550000190734863,7.610000133514404,7.610000133514404,830800
2018-09-27,7.599999904632568,7.739999771118164,7.46999979019165,7.699999809265137,7.699999809265137,906900
2018-09-28,7.619999885559082,7.730000019073486,7.349999904632568,7.429999828338623,7.429999828338623,1454000
2018-10-01,7.449999809265137,7.559999942779541,7.349999904632568,7.5,7.5,809300
2018-10-02,7.349999904632568,7.400000095367432,7.010000228881836,7.190000057220459,7.190000057220459,2120600
2018-10-03,7.179999828338623,7.340000152587891,7.090000152587891,7.230000019073486,7.230000019073486,801800
2018-10-04,7.099999904632568,7.159999847412109,6.849999904632568,6.989999771118164,6.989999771118164,1393700
2018-10-05,6.96999979019165,7.050000190734863,6.650000095367432,6.71999979019165,6.71999979019165,1521000
2018-10-08,6.510000228881836,6.909999847412109,6.5,6.820000171661377,6.820000171661377,1311200
2018-10-09,6.739999771118164,6.75,6.315000057220459,6.360000133514404,6.360000133514404,2219500
2018-10-10,6.340000152587891,6.340000152587891,5.960000038146973,6.099999904632568,6.099999904632568,2633600
2018-10-11,5.869999885559082,6.349999904632568,5.869999885559082,6.239999771118164,6.239999771118164,2713100
2018-10-12,6.360000133514404,6.5,6.360000133514404,6.400000095367432,6.400000095367432,1505600
2018-10-15,6.309999942779541,6.5,6.269999980926514,6.400000095367432,6.400000095367432,1264300
2018-10-16,6.46999979019165,6.614999771118164,6.28000020980835,6.53000020980835,6.53000020980835,1381700
2018-10-17,6.46999979019165,6.519999980926514,6.295000076293945,6.349999904632568,6.349999904632568,551500
2018-10-18,6.480000019073486,6.486999988555908,6.010000228881836,6.070000171661377,6.070000171661377,1972400
2018-10-19,6.190999984741211,6.275000095367432,5.710000038146973,5.809999942779541,5.809999942779541,1986700
2018-10-22,6.110000133514404,6.239999771118164,5.940000057220459,5.960000038146973,5.960000038146973,1354200
2018-10-23,5.75,6.070000171661377,5.75,5.929999828338623,5.929999828338623,1427500
2018-10-24,5.929999828338623,6.119999885559082,5.679999828338623,5.690000057220459,5.690000057220459,1194100
2018-10-25,5.760000228881836,5.869999885559082,5.639999866485596,5.75,5.75,1418300
2018-10-26,5.570000171661377,5.840000152587891,5.5,5.739999771118164,5.739999771118164,1587300
2018-10-29,5.849999904632568,5.989999771118164,5.510000228881836,5.579999923706055,5.579999923706055,1174400
2018-10-30,5.570000171661377,5.840000152587891,5.380000114440918,5.5,5.5,2660300
2018-10-31,5.5,5.869999885559082,5.5,5.809999942779541,5.809999942779541,4002600
2018-11-01,5.940000057220459,6.739999771118164,5.889999866485596,6.619999885559082,6.619999885559082,4102500
2018-11-02,6.849999904632568,6.859000205993652,6.070000171661377,6.309999942779541,6.309999942779541,3473200
2018-11-05,6.070000171661377,6.579999923706055,5.65500020980835,6.349999904632568,6.349999904632568,3619100
2018-11-06,6.380000114440918,6.599999904632568,6.289999961853027,6.300000190734863,6.300000190734863,976700
2018-11-07,6.300000190734863,6.360000133514404,5.940000057220459,6.210000038146973,6.210000038146973,1591100
2018-11-08,6.099999904632568,6.199999809265137,6.0,6.110000133514404,6.110000133514404,1401200
2018-11-09,5.960000038146973,5.960000038146973,5.639999866485596,5.75,5.75,1586900
2018-11-12,5.71999979019165,6.110000133514404,5.554999828338623,6.039999961853027,6.039999961853027,1282000
2018-11-13,6.090000152587891,6.460000038146973,6.0,6.119999885559082,6.119999885559082,2089700
2018-11-14,6.199999809265137,6.340000152587891,6.050000190734863,6.260000228881836,6.260000228881836,1555700
2018-11-15,6.329999923706055,6.449999809265137,6.28000020980835,6.440000057220459,6.440000057220459,870500
2018-11-16,6.349999904632568,6.349999904632568,5.960999965667725,6.309999942779541,6.309999942779541,1876800
2018-11-19,6.25,6.489999771118164,6.159999847412109,6.230000019073486,6.230000019073486,1459000
2018-11-20,6.039999961853027,6.150000095367432,5.928999900817871,6.019999980926514,6.019999980926514,858900
2018-11-21,6.190000057220459,6.320000171661377,6.050000190734863,6.150000095367432,6.150000095367432,888400
2018-11-23,6.0,6.070000171661377,5.869999885559082,5.989999771118164,5.989999771118164,713700
2018-11-26,6.070000171661377,6.079999923706055,5.869999885559082,5.989999771118164,5.989999771118164,938900
2018-11-27,5.940000057220459,6.059999942779541,5.864999771118164,6.03000020980835,6.03000020980835,631500
2018-11-28,6.079999923706055,6.289999961853027,6.019999980926514,6.25,6.25,934300
2018-11-29,6.179999828338623,6.269999980926514,6.039999961853027,6.159999847412109,6.159999847412109,569100
2018-11-30,6.159999847412109,6.260000228881836,6.090000152587891,6.210000038146973,6.210000038146973,896900
2018-12-03,6.510000228881836,6.510000228881836,6.260000228881836,6.329999923706055,6.329999923706055,1051200
2018-12-04,6.349999904632568,6.400000095367432,6.150000095367432,6.170000076293945,6.170000076293945,696100
2018-12-06,5.989999771118164,6.130000114440918,5.880000114440918,6.099999904632568,6.099999904632568,661300
2018-12-07,6.070000171661377,6.198999881744385,5.949999809265137,5.960000038146973,5.960000038146973,351800
2018-12-10,5.900000095367432,6.050000190734863,5.78000020980835,5.940000057220459,5.940000057220459,895500
2018-12-11,6.03000020980835,6.090000152587891,5.860000133514404,5.949999809265137,5.949999809265137,787900
2018-12-12,6.03000020980835,6.190000057220459,5.760000228881836,6.079999923706055,6.079999923706055,1213300
2018-12-13,6.199999809265137,6.260000228881836,6.059999942779541,6.110000133514404,6.110000133514404,889600
2018-12-14,6.0,6.00600004196167,5.679999828338623,5.820000171661377,5.820000171661377,1334600
2018-12-17,5.820000171661377,6.0,5.367000102996826,5.409999847412109,5.409999847412109,1992800
2018-12-18,5.460000038146973,5.909999847412109,5.460000038146973,5.489999771118164,5.489999771118164,1237800
2018-12-19,5.539999961853027,5.710000038146973,5.309999942779541,5.449999809265137,5.449999809265137,1807200
2018-12-20,5.389999866485596,5.53000020980835,5.300000190734863,5.340000152587891,5.340000152587891,913500
2018-12-21,5.420000076293945,5.429999828338623,5.190000057220459,5.260000228881836,5.260000228881836,1522900
2018-12-24,5.329999923706055,5.380000114440918,4.800000190734863,5.230000019073486,5.230000019073486,1526800
2018-12-26,5.190000057220459,5.670000076293945,5.139999866485596,5.619999885559082,5.619999885559082,1994100
2018-12-27,5.460000038146973,5.579999923706055,5.329999923706055,5.570000171661377,5.570000171661377,1134400
2018-12-28,5.53000020980835,5.53000020980835,5.349999904632568,5.489999771118164,5.489999771118164,957200
2018-12-31,5.5,5.690000057220459,5.15500020980835,5.25,5.25,1165000
2019-01-02,5.110000133514404,5.550000190734863,5.039999961853027,5.53000020980835,5.53000020980835,1072600
2019-01-03,5.5,5.535999774932861,5.079999923706055,5.190000057220459,5.190000057220459,2354200
2019-01-04,5.389999866485596,5.635000228881836,5.269999980926514,5.570000171661377,5.570000171661377,1157700
2019-01-07,5.550000190734863,5.800000190734863,5.550000190734863,5.739999771118164,5.739999771118164,557300
2019-01-08,5.78000020980835,5.880000114440918,5.590000152587891,5.880000114440918,5.880000114440918,587100
2019-01-09,5.889999866485596,6.116000175476074,5.840000152587891,6.019999980926514,6.019999980926514,847500
2019-01-10,5.960000038146973,6.119999885559082,5.900000095367432,6.099999904632568,6.099999904632568,520500
2019-01-11,6.090000152587891,6.119999885559082,5.75,5.869999885559082,5.869999885559082,1302900
2019-01-14,5.75,5.869999885559082,5.579999923706055,5.75,5.75,601500
2019-01-15,5.829999923706055,6.025000095367432,5.800000190734863,5.820000171661377,5.820000171661377,588500
2019-01-16,5.860000133514404,6.0,5.855000019073486,5.929999828338623,5.929999828338623,382500
2019-01-17,5.880000114440918,5.940000057220459,5.784999847412109,5.889999866485596,5.889999866485596,448200
2019-01-18,5.949999809265137,6.2769999504089355,5.920000076293945,6.110000133514404,6.110000133514404,938400
2019-01-22,6.0,6.070000171661377,5.809999942779541,6.0,6.0,1278200
2019-01-23,6.059999942779541,6.25,5.929999828338623,5.949999809265137,5.949999809265137,643400
2019-01-24,5.96999979019165,6.170000076293945,5.960000038146973,6.119999885559082,6.119999885559082,435800
2019-01-25,6.199999809265137,6.650000095367432,6.150000095367432,6.590000152587891,6.590000152587891,1447400
2019-01-28,6.46999979019165,6.53000020980835,6.289999961853027,6.420000076293945,6.420000076293945,1060500
2019-01-29,6.400000095367432,6.413000106811523,6.210000038146973,6.25,6.25,848500
2019-01-30,6.25,6.309999942779541,6.110000133514404,6.269999980926514,6.269999980926514,814900
2019-01-31,6.300000190734863,6.579999923706055,6.289999961853027,6.400000095367432,6.400000095367432,1375800
2019-02-01,6.46999979019165,6.599999904632568,5.96999979019165,6.099999904632568,6.099999904632568,2632200
2019-02-04,6.139999866485596,6.239999771118164,6.019999980926514,6.170000076293945,6.170000076293945,688800
2019-02-05,6.199999809265137,6.309999942779541,6.159999847412109,6.21999979019165,6.21999979019165,619300
2019-02-06,6.179999828338623,6.300000190734863,5.989999771118164,6.139999866485596,6.139999866485596,1918000
2019-02-07,6.059999942779541,6.130000114440918,5.949999809265137,6.0,6.0,764600
2019-02-08,5.940000057220459,6.090000152587891,5.920000076293945,6.070000171661377,6.070000171661377,578400
2019-02-11,6.03000020980835,6.050000190734863,5.820000171661377,5.920000076293945,5.920000076293945,858900
2019-02-12,5.880000114440918,6.050000190734863,5.880000114440918,5.929999828338623,5.929999828338623,710100
2019-02-13,5.980000019073486,6.150000095367432,5.96999979019165,6.079999923706055,6.079999923706055,794800
2019-02-14,6.059999942779541,6.079999923706055,5.949999809265137,6.059999942779541,6.059999942779541,411700
2019-02-15,6.039999961853027,6.090000152587891,5.96999979019165,5.96999979019165,5.96999979019165,486700
2019-02-19,5.949999809265137,6.230000019073486,5.949999809265137,6.130000114440918,6.130000114440918,625800
2019-02-20,6.139999866485596,6.320000171661377,6.090000152587891,6.119999885559082,6.119999885559082,819900
2019-02-21,6.130000114440918,6.179999828338623,5.940000057220459,5.980000019073486,5.980000019073486,750600
2019-02-22,6.059999942779541,6.5,6.050000190734863,6.480000019073486,6.480000019073486,1772200
2019-02-25,6.75,6.920000076293945,6.5,6.579999923706055,6.579999923706055,1313600
2019-02-26,6.5,6.53000020980835,6.300000190734863,6.400000095367432,6.400000095367432,1105000
2019-02-27,6.400000095367432,6.53000020980835,6.21999979019165,6.349999904632568,6.349999904632568,1167000
2019-02-28,6.369999885559082,6.449999809265137,6.159999847412109,6.230000019073486,6.230000019073486,956600
2019-03-01,6.320000171661377,6.360000133514404,6.170000076293945,6.210000038146973,6.210000038146973,877700
2019-03-04,6.25,6.329999923706055,6.034999847412109,6.159999847412109,6.159999847412109,1529000
2019-03-05,6.230000019073486,7.010000228881836,6.159999847412109,6.980000019073486,6.980000019073486,3582800
2019-03-06,6.849999904632568,7.123000144958496,6.659999847412109,6.71999979019165,6.71999979019165,2252600
2019-03-07,6.610000133514404,6.629000186920166,6.179999828338623,6.199999809265137,6.199999809265137,2091600
2019-03-08,6.079999923706055,6.179999828338623,6.039999961853027,6.170000076293945,6.170000076293945,1056900
2019-03-11,6.260000228881836,6.5,6.21999979019165,6.340000152587891,6.340000152587891,685300
2019-03-12,6.420000076293945,6.440000057220459,6.099999904632568,6.300000190734863,6.300000190734863,916600
2019-03-13,6.269999980926514,6.309999942779541,6.190000057220459,6.25,6.25,410600
2019-03-14,6.179999828338623,6.230000019073486,6.070000171661377,6.190000057220459,6.190000057220459,570800
2019-03-15,6.210000038146973,6.380000114440918,6.210000038146973,6.260000228881836,6.260000228881836,577700
2019-03-18,6.320000171661377,6.400000095367432,6.179999828338623,6.239999771118164,6.239999771118164,535100
2019-03-19,6.28000020980835,6.304999828338623,6.070000171661377,6.110000133514404,6.110000133514404,1125900
2019-03-20,6.059999942779541,6.099999904632568,5.900000095367432,5.960000038146973,5.960000038146973,1109600
2019-03-21,5.900000095367432,5.989999771118164,5.800000190734863,5.820000171661377,5.820000171661377,1026500
2019-03-22,5.809999942779541,5.809999942779541,5.510000228881836,5.539999961853027,5.539999961853027,1693600
2019-03-25,5.519999980926514,5.78000020980835,5.510000228881836,5.71999979019165,5.71999979019165,804800
2019-03-26,5.739999771118164,5.793000221252441,5.710000038146973,5.739999771118164,5.739999771118164,447100
2019-03-27,5.730000019073486,5.829999923706055,5.699999809265137,5.75,5.75,463000
2019-03-28,5.75,5.809999942779541,5.638999938964844,5.78000020980835,5.78000020980835,530400
2019-03-29,5.909999847412109,6.010000228881836,5.820000171661377,5.940000057220459,5.940000057220459,730700
2019-04-01,6.050000190734863,6.090000152587891,5.824999809265137,6.0,6.0,1112100
2019-04-02,5.96999979019165,6.039999961853027,5.869999885559082,5.880000114440918,5.880000114440918,463700
2019-04-03,5.96999979019165,6.019999980926514,5.900000095367432,5.960000038146973,5.960000038146973,902500
2019-04-04,5.96999979019165,5.986999988555908,5.849999904632568,5.940000057220459,5.940000057220459,524600
2019-04-05,5.949999809265137,6.099999904632568,5.920000076293945,6.050000190734863,6.050000190734863,445100
2019-04-08,6.050000190734863,6.159999847412109,6.019999980926514,6.090000152587891,6.090000152587891,679500
2019-04-09,6.099999904632568,6.150000095367432,6.054999828338623,6.059999942779541,6.059999942779541,729200
2019-04-10,6.050000190734863,6.060999870300293,5.809999942779541,5.920000076293945,5.920000076293945,674000
2019-04-11,5.849999904632568,5.929999828338623,5.735000133514404,5.760000228881836,5.760000228881836,614700
2019-04-12,5.860000133514404,5.889999866485596,5.679999828338623,5.739999771118164,5.739999771118164,684800
2019-04-15,5.710000038146973,5.752999782562256,5.5,5.510000228881836,5.510000228881836,780700
2019-04-16,5.579999923706055,5.579999923706055,5.224999904632568,5.309999942779541,5.309999942779541,1657900
2019-04-17,5.349999904632568,5.433000087738037,5.329999923706055,5.329999923706055,5.329999923706055,633600
2019-04-18,5.369999885559082,5.488999843597412,5.21999979019165,5.420000076293945,5.420000076293945,718600
2019-04-22,5.329999923706055,5.429999828338623,5.300000190734863,5.409999847412109,5.409999847412109,536400
2019-04-23,5.400000095367432,5.420000076293945,5.260000228881836,5.400000095367432,5.400000095367432,573500
2019-04-24,5.400000095367432,5.53000020980835,5.340000152587891,5.389999866485596,5.389999866485596,612900
2019-04-25,5.329999923706055,5.46999979019165,5.28000020980835,5.400000095367432,5.400000095367432,465100
2019-04-26,5.400000095367432,5.5,5.340000152587891,5.46999979019165,5.46999979019165,689800
2019-04-29,5.679999828338623,6.050000190734863,5.409999847412109,5.480000019073486,5.480000019073486,2682800
2019-04-30,5.5,5.739999771118164,5.429999828338623,5.690000057220459,5.690000057220459,1309100
2019-05-01,5.670000076293945,5.760000228881836,5.539999961853027,5.559999942779541,5.559999942779541,1006800
2019-05-02,5.5,5.690000057220459,5.46999979019165,5.619999885559082,5.619999885559082,954400
2019-05-03,5.679999828338623,5.900000095367432,5.630000114440918,5.809999942779541,5.809999942779541,973000
2019-05-06,5.460000038146973,5.710000038146973,5.449999809265137,5.699999809265137,5.699999809265137,693800
2019-05-07,5.570000171661377,5.639999866485596,5.480000019073486,5.510000228881836,5.510000228881836,610600
2019-05-08,5.5,5.545000076293945,5.420000076293945,5.5,5.5,496200
2019-05-09,5.400000095367432,5.550000190734863,5.314000129699707,5.5,5.5,688900
2019-05-10,5.5,5.519999980926514,5.409999847412109,5.449999809265137,5.449999809265137,431800
2019-05-13,5.260000228881836,5.329999923706055,5.190000057220459,5.239999771118164,5.239999771118164,537500
2019-05-14,5.340000152587891,5.360000133514404,5.179999828338623,5.230000019073486,5.230000019073486,625100
2019-05-15,5.179999828338623,5.260000228881836,5.0960001945495605,5.179999828338623,5.179999828338623,644500
2019-05-16,5.170000076293945,5.300000190734863,5.105000019073486,5.199999809265137,5.199999809265137,659200
2019-05-17,5.139999866485596,5.139999866485596,4.580999851226807,4.849999904632568,4.849999904632568,2153300
2019-05-20,4.809999942779541,4.820000171661377,4.679999828338623,4.699999809265137,4.699999809265137,919500
2019-05-21,4.699999809265137,4.820000171661377,4.480000019073486,4.71999979019165,4.71999979019165,1259200
2019-05-22,4.670000076293945,4.710000038146973,4.559999942779541,4.590000152587891,4.590000152587891,538200
2019-05-23,4.489999771118164,4.5,4.324999809265137,4.380000114440918,4.380000114440918,888500
2019-05-24,4.440000057220459,4.5,4.349999904632568,4.400000095367432,4.400000095367432,625300
2019-05-28,4.360000133514404,4.420000076293945,3.9000000953674316,4.380000114440918,4.380000114440918,1602900
2019-05-29,4.340000152587891,4.550000190734863,4.289999961853027,4.440000057220459,4.440000057220459,1177400
2019-05-30,4.429999828338623,4.46999979019165,4.289999961853027,4.329999923706055,4.329999923706055,880600
2019-05-31,4.239999771118164,4.28000020980835,4.139999866485596,4.170000076293945,4.170000076293945,1438400
2019-06-03,4.159999847412109,4.230000019073486,4.099999904632568,4.170000076293945,4.170000076293945,463100
2019-06-04,4.170000076293945,4.21999979019165,4.110000133514404,4.139999866485596,4.139999866485596,1001200
2019-06-05,4.159999847412109,4.199999809265137,3.9000000953674316,3.9800000190734863,3.9800000190734863,1245700
2019-06-06,3.9600000381469727,3.984999895095825,3.890000104904175,3.9000000953674316,3.9000000953674316,526900
2019-06-07,3.9100000858306885,4.0,3.8499999046325684,3.9100000858306885,3.9100000858306885,628500
2019-06-10,3.940000057220459,4.179999828338623,3.9100000858306885,4.070000171661377,4.070000171661377,697300
2019-06-11,4.119999885559082,4.300000190734863,4.051000118255615,4.159999847412109,4.159999847412109,355000
2019-06-12,4.059999942779541,4.139999866485596,4.03000020980835,4.050000190734863,4.050000190734863,297600
2019-06-13,4.119999885559082,4.239999771118164,4.070000171661377,4.210000038146973,4.210000038146973,395500
2019-06-14,4.159999847412109,4.215000152587891,4.039999961853027,4.039999961853027,4.039999961853027,567500
2019-06-17,4.059999942779541,4.230000019073486,4.059999942779541,4.190000057220459,4.190000057220459,272100
2019-06-18,4.230000019073486,4.360000133514404,4.070000171661377,4.099999904632568,4.099999904632568,1000000
2019-06-19,4.119999885559082,4.28000020980835,4.119999885559082,4.210000038146973,4.210000038146973,654100
2019-06-20,4.300000190734863,4.340000152587891,4.210000038146973,4.269999980926514,4.269999980926514,500000
2019-06-21,4.230000019073486,4.25,4.179999828338623,4.179999828338623,4.179999828338623,1165800
2019-06-24,4.199999809265137,4.289999961853027,4.199999809265137,4.25,4.25,248100
2019-06-25,4.170000076293945,4.260000228881836,4.119999885559082,4.159999847412109,4.159999847412109,598300
2019-06-26,4.199999809265137,4.28000020980835,4.179999828338623,4.239999771118164,4.239999771118164,359000
2019-06-27,4.25,4.269999980926514,4.199999809265137,4.269999980926514,4.269999980926514,922500
2019-06-28,4.090000152587891,4.190000057220459,4.019999980926514,4.099999904632568,4.099999904632568,977900
2019-07-01,4.190000057220459,4.239999771118164,4.090000152587891,4.139999866485596,4.139999866485596,743500
2019-07-02,4.119999885559082,4.199999809265137,4.110000133514404,4.190000057220459,4.190000057220459,456700
2019-07-03,4.130000114440918,4.159999847412109,4.079999923706055,4.139999866485596,4.139999866485596,288100
2019-07-05,4.079999923706055,4.119999885559082,4.050000190734863,4.119999885559082,4.119999885559082,279300
2019-07-08,4.059999942779541,4.130000114440918,3.984999895095825,4.019999980926514,4.019999980926514,468600
2019-07-09,3.9800000190734863,4.050000190734863,3.930000066757202,3.950000047683716,3.950000047683716,890500
2019-07-10,4.010000228881836,4.03000020980835,3.9100000858306885,3.930000066757202,3.930000066757202,683000
2019-07-11,3.9200000762939453,3.9700000286102295,3.8299999237060547,3.890000104904175,3.890000104904175,499900
2019-07-12,3.880000114440918,3.940000057220459,3.8499999046325684,3.869999885559082,3.869999885559082,573000
2019-07-15,3.9000000953674316,3.9100000858306885,3.799999952316284,3.859999895095825,3.859999895095825,476100
2019-07-16,3.8399999141693115,3.9800000190734863,3.8399999141693115,3.940000057220459,3.940000057220459,484800
2019-07-17,3.9000000953674316,3.9700000286102295,3.8499999046325684,3.880000114440918,3.880000114440918,503000
2019-07-18,3.859999895095825,3.880000114440918,3.7799999713897705,3.809999942779541,3.809999942779541,498100
2019-07-19,3.859999895095825,3.9000000953674316,3.819999933242798,3.8299999237060547,3.8299999237060547,585700
2019-07-22,3.8299999237060547,3.8550000190734863,3.7300000190734863,3.7799999713897705,3.7799999713897705,563900
2019-07-23,3.799999952316284,3.890000104904175,3.759999990463257,3.880000114440918,3.880000114440918,395600
2019-07-24,3.8399999141693115,3.9600000381469727,3.8399999141693115,3.950000047683716,3.950000047683716,446300
2019-07-25,3.930000066757202,3.950000047683716,3.8550000190734863,3.9100000858306885,3.9100000858306885,398300
2019-07-26,3.930000066757202,3.950000047683716,3.819999933242798,3.8299999237060547,3.8299999237060547,401400
2019-07-29,3.7899999618530273,3.890000104904175,3.759999990463257,3.859999895095825,3.859999895095825,372700
2019-07-30,3.809999942779541,3.8499999046325684,3.7799999713897705,3.8499999046325684,3.8499999046325684,375600
2019-07-31,3.8299999237060547,3.8499999046325684,3.7300000190734863,3.7699999809265137,3.7699999809265137,569900
2019-08-01,3.7899999618530273,3.990000009536743,3.7899999618530273,3.880000114440918,3.880000114440918,1460600
2019-08-02,3.890000104904175,4.045000076293945,3.819999933242798,3.859999895095825,3.859999895095825,856300
2019-08-05,3.9000000953674316,3.9000000953674316,3.25,3.4100000858306885,3.4100000858306885,2309100
2019-08-06,3.5399999618530273,3.740000009536743,3.5,3.7300000190734863,3.7300000190734863,1221500
2019-08-07,3.759999990463257,4.215000152587891,3.7300000190734863,4.03000020980835,4.03000020980835,2405500
2019-08-08,4.059999942779541,4.079999923706055,3.880000114440918,4.0,4.0,812000
2019-08-09,3.940000057220459,4.079999923706055,3.880000114440918,4.03000020980835,4.03000020980835,614700
2019-08-12,3.950000047683716,4.039999961853027,3.880000114440918,3.950000047683716,3.950000047683716,337600
2019-08-13,3.9000000953674316,4.15500020980835,3.9000000953674316,4.059999942779541,4.059999942779541,688600
2019-08-14,3.950000047683716,4.122000217437744,3.9200000762939453,4.070000171661377,4.070000171661377,797400
2019-08-15,4.039999961853027,4.079999923706055,4.0,4.03000020980835,4.03000020980835,741000
2019-08-16,4.059999942779541,4.130000114440918,4.050000190734863,4.090000152587891,4.090000152587891,546600
2019-08-19,4.150000095367432,4.5,4.145999908447266,4.28000020980835,4.28000020980835,1415000
2019-08-20,4.28000020980835,4.320000171661377,4.170000076293945,4.21999979019165,4.21999979019165,859900
2019-08-21,4.300000190734863,4.300000190734863,4.130000114440918,4.159999847412109,4.159999847412109,654300
2019-08-22,4.110000133514404,4.190000057220459,4.099999904632568,4.110000133514404,4.110000133514404,649200
2019-08-23,4.070000171661377,4.239999771118164,4.03000020980835,4.139999866485596,4.139999866485596,832900
2019-08-26,4.21999979019165,4.25,3.9000000953674316,3.990000009536743,3.990000009536743,1504700
2019-08-27,4.039999961853027,4.25,4.0,4.190000057220459,4.190000057220459,953800
2019-08-28,4.170000076293945,4.360000133514404,4.070000171661377,4.28000020980835,4.28000020980835,730500
2019-08-29,4.309999942779541,4.440000057220459,4.260000228881836,4.369999885559082,4.369999885559082,996800
2019-08-30,4.300000190734863,4.440000057220459,4.269999980926514,4.389999866485596,4.389999866485596,717300
2019-09-03,4.329999923706055,4.440000057220459,4.289999961853027,4.389999866485596,4.389999866485596,895700
2019-09-04,4.449999809265137,4.5,4.309999942779541,4.320000171661377,4.320000171661377,767000
2019-09-05,4.409999847412109,4.489999771118164,4.400000095367432,4.429999828338623,4.429999828338623,838000
2019-09-06,4.46999979019165,4.710000038146973,4.420000076293945,4.639999866485596,4.639999866485596,1059400
2019-09-09,4.650000095367432,4.840000152587891,4.559999942779541,4.659999847412109,4.659999847412109,1624300
2019-09-10,4.639999866485596,5.5,4.639999866485596,5.449999809265137,5.449999809265137,3955800
2019-09-11,5.360000133514404,5.400000095367432,4.880000114440918,5.349999904632568,5.349999904632568,2327800
2019-09-12,5.349999904632568,5.369999885559082,5.199999809265137,5.309999942779541,5.309999942779541,875000
2019-09-13,5.300000190734863,5.380000114440918,5.050000190734863,5.139999866485596,5.139999866485596,1112100
2019-09-16,5.090000152587891,5.199999809265137,5.050000190734863,5.110000133514404,5.110000133514404,786100
2019-09-17,5.03000020980835,5.239999771118164,5.010000228881836,5.139999866485596,5.139999866485596,514200
2019-09-18,5.139999866485596,5.21999979019165,5.090000152587891,5.130000114440918,5.130000114440918,459400
2019-09-19,5.150000095367432,5.260000228881836,5.090000152587891,5.099999904632568,5.099999904632568,381700
2019-09-20,5.099999904632568,5.119999885559082,4.954999923706055,5.019999980926514,5.019999980926514,980600
2019-09-23,5.0,5.010000228881836,4.849999904632568,4.960000038146973,4.960000038146973,696600
2019-09-24,4.96999979019165,5.010000228881836,4.755000114440918,4.829999923706055,4.829999923706055,848400
2019-09-25,4.78000020980835,5.050000190734863,4.78000020980835,4.960000038146973,4.960000038146973,744100
2019-09-26,4.96999979019165,5.065000057220459,4.949999809265137,4.989999771118164,4.989999771118164,496900
2019-09-27,5.0,5.179999828338623,4.760000228881836,4.929999828338623,4.929999828338623,1339800
2019-09-30,4.980000019073486,5.059999942779541,4.860000133514404,4.940000057220459,4.940000057220459,957400
2019-10-01,4.940000057220459,5.034999847412109,4.889999866485596,4.940000057220459,4.940000057220459,728900
2019-10-02,4.940000057220459,5.059999942779541,4.860000133514404,5.010000228881836,5.010000228881836,585400
2019-10-03,5.019999980926514,5.130000114440918,4.96999979019165,5.059999942779541,5.059999942779541,701200
2019-10-04,5.130000114440918,5.28000020980835,5.110000133514404,5.210000038146973,5.210000038146973,932000
2019-10-07,5.210000038146973,5.53000020980835,5.210000038146973,5.449999809265137,5.449999809265137,1650800
2019-10-08,5.389999866485596,5.389999866485596,5.190000057220459,5.340000152587891,5.340000152587891,817800
2019-10-09,5.409999847412109,5.440000057220459,5.309999942779541,5.340000152587891,5.340000152587891,561600
2019-10-10,5.340000152587891,5.340000152587891,5.013999938964844,5.170000076293945,5.170000076293945,1590300
2019-10-11,5.230000019073486,5.400000095367432,5.099999904632568,5.179999828338623,5.179999828338623,1305300
2019-10-14,5.199999809265137,5.315000057220459,5.090000152587891,5.179999828338623,5.179999828338623,1234100
2019-10-15,5.159999847412109,5.355000019073486,5.159999847412109,5.269999980926514,5.269999980926514,1013300
2019-10-16,5.190000057220459,5.449999809265137,5.159999847412109,5.309999942779541,5.309999942779541,1253900
2019-10-17,5.329999923706055,5.400000095367432,5.1529998779296875,5.289999961853027,5.289999961853027,1247300
2019-10-18,5.309999942779541,5.320000171661377,4.900000095367432,5.03000020980835,5.03000020980835,2648400
2019-10-21,5.0,5.164999961853027,4.965000152587891,4.96999979019165,4.96999979019165,1123100
2019-10-22,4.989999771118164,5.079999923706055,4.8520002365112305,4.940000057220459,4.940000057220459,1305400
2019-10-23,4.869999885559082,5.010000228881836,4.829999923706055,4.829999923706055,4.829999923706055,936100
2019-10-24,4.829999923706055,4.949999809265137,4.804999828338623,4.900000095367432,4.900000095367432,1300200
2019-10-25,4.920000076293945,5.110000133514404,4.900000095367432,4.960000038146973,4.960000038146973,839100
2019-10-28,5.010000228881836,5.199999809265137,5.0,5.150000095367432,5.150000095367432,1237300
2019-10-29,5.130000114440918,5.190000057220459,5.059999942779541,5.150000095367432,5.150000095367432,726500
2019-10-30,5.150000095367432,5.210000038146973,5.045000076293945,5.110000133514404,5.110000133514404,748700
2019-10-31,5.110000133514404,5.179999828338623,5.010000228881836,5.150000095367432,5.150000095367432,768500
2019-11-01,5.21999979019165,5.380000114440918,5.179999828338623,5.260000228881836,5.260000228881836,1831800
2019-11-04,5.329999923706055,5.539999961853027,5.090000152587891,5.170000076293945,5.170000076293945,2752700
2019-11-05,5.25,5.380000114440918,5.239999771118164,5.269999980926514,5.269999980926514,1386100
2019-11-06,5.170000076293945,5.409999847412109,5.099999904632568,5.360000133514404,5.360000133514404,1170600
2019-11-07,5.360000133514404,5.679999828338623,5.349999904632568,5.610000133514404,5.610000133514404,1518100
2019-11-08,5.610000133514404,5.800000190734863,5.559999942779541,5.690000057220459,5.690000057220459,1826600
2019-11-11,5.630000114440918,5.639999866485596,5.367000102996826,5.559999942779541,5.559999942779541,863500
2019-11-12,5.5,5.614999771118164,5.5,5.550000190734863,5.550000190734863,360900
2019-11-13,5.519999980926514,5.550000190734863,5.349999904632568,5.510000228881836,5.510000228881836,592600
2019-11-14,5.460000038146973,5.510000228881836,5.179999828338623,5.28000020980835,5.28000020980835,1335100
2019-11-15,5.300000190734863,5.300000190734863,5.050000190734863,5.150000095367432,5.150000095367432,1203900
2019-11-18,5.150000095367432,5.179999828338623,5.0,5.03000020980835,5.03000020980835,1055200
2019-11-19,5.079999923706055,5.085000038146973,5.0,5.019999980926514,5.019999980926514,564700
2019-11-20,5.0,5.070000171661377,4.949999809265137,5.03000020980835,5.03000020980835,722300
2019-11-21,5.0,5.070000171661377,4.960000038146973,5.0,5.0,627800
2019-11-22,5.010000228881836,5.031000137329102,4.949999809265137,4.989999771118164,4.989999771118164,462400
2019-11-25,4.989999771118164,5.150000095367432,4.989999771118164,5.039999961853027,5.039999961853027,519600
2019-11-26,5.010000228881836,5.039999961853027,4.960000038146973,5.0,5.0,834600
2019-11-27,4.949999809265137,5.03000020980835,4.949999809265137,4.980000019073486,4.980000019073486,478000
2019-11-29,4.920000076293945,4.949999809265137,4.769999980926514,4.909999847412109,4.909999847412109,684500
2019-12-02,4.909999847412109,4.96999979019165,4.885000228881836,4.929999828338623,4.929999828338623,789700
2019-12-03,4.880000114440918,5.014999866485596,4.860000133514404,4.940000057220459,4.940000057220459,735200
2019-12-04,4.96999979019165,5.0,4.869999885559082,4.880000114440918,4.880000114440918,933400
2019-12-05,4.909999847412109,5.005000114440918,4.889999866485596,4.980000019073486,4.980000019073486,905700
2019-12-06,4.980000019073486,5.03000020980835,4.929999828338623,4.929999828338623,4.929999828338623,555100
2019-12-09,4.949999809265137,5.010000228881836,4.829999923706055,4.840000152587891,4.840000152587891,702900
2019-12-10,4.869999885559082,4.949999809265137,4.800000190734863,4.849999904632568,4.849999904632568,710400
2019-12-11,4.860000133514404,5.010000228881836,4.840000152587891,4.929999828338623,4.929999828338623,895800
2019-12-12,4.909999847412109,5.019999980926514,4.909999847412109,4.960000038146973,4.960000038146973,1013900
2019-12-13,5.0,5.019999980926514,4.949999809265137,4.949999809265137,4.949999809265137,1087600
2019-12-16,4.96999979019165,5.010000228881836,4.929999828338623,5.0,5.0,1118300
2019-12-17,5.0,5.045000076293945,4.940000057220459,4.960000038146973,4.960000038146973,1274800
2019-12-18,4.929999828338623,5.050000190734863,4.909999847412109,5.010000228881836,5.010000228881836,1185800
2019-12-19,4.96999979019165,5.110000133514404,4.96999979019165,5.079999923706055,5.079999923706055,1076600
2019-12-20,5.079999923706055,5.110000133514404,5.03000020980835,5.03000020980835,5.03000020980835,812000
2019-12-23,5.019999980926514,5.050000190734863,4.940000057220459,4.980000019073486,4.980000019073486,919100
2019-12-24,4.949999809265137,5.0,4.929999828338623,4.960000038146973,4.960000038146973,405100
2019-12-26,4.940000057220459,5.0,4.849999904632568,4.860000133514404,4.860000133514404,911300
2019-12-27,4.880000114440918,4.900000095367432,4.679999828338623,4.760000228881836,4.760000228881836,1192000
2019-12-30,4.809999942779541,4.809999942779541,4.525000095367432,4.610000133514404,4.610000133514404,1141200
2019-12-31,4.599999904632568,4.679999828338623,4.550000190734863,4.550000190734863,4.550000190734863,952400
2020-01-02,4.550000190734863,4.789999961853027,4.550000190734863,4.730000019073486,4.730000019073486,1156000
2020-01-03,4.659999847412109,4.855000019073486,4.650000095367432,4.71999979019165,4.71999979019165,915400
2020-01-06,4.679999828338623,4.730000019073486,4.650000095367432,4.71999979019165,4.71999979019165,546800
2020-01-07,4.71999979019165,4.78000020980835,4.690000057220459,4.769999980926514,4.769999980926514,394000
2020-01-08,4.670000076293945,4.849999904632568,4.670000076293945,4.800000190734863,4.800000190734863,543300
2020-01-09,4.840000152587891,5.010000228881836,4.820000171661377,4.940000057220459,4.940000057220459,1395400
2020-01-10,4.980000019073486,5.0,4.880000114440918,4.900000095367432,4.900000095367432,901200
2020-01-13,5.050000190734863,5.364999771118164,5.025000095367432,5.289999961853027,5.289999961853027,3179200
2020-01-14,5.300000190734863,5.579999923706055,5.269999980926514,5.429999828338623,5.429999828338623,2317000
2020-01-15,5.440000057220459,5.519999980926514,5.269999980926514,5.340000152587891,5.340000152587891,1637200
2020-01-16,5.380000114440918,5.380000114440918,5.289999961853027,5.340000152587891,5.340000152587891,975300
2020-01-17,5.360000133514404,5.485000133514404,5.269999980926514,5.429999828338623,5.429999828338623,1306400
2020-01-21,5.380000114440918,5.420000076293945,5.289999961853027,5.380000114440918,5.380000114440918,1362600
2020-01-22,5.400000095367432,5.40500020980835,5.21999979019165,5.28000020980835,5.28000020980835,1213200
2020-01-23,5.199999809265137,5.260000228881836,5.070000171661377,5.190000057220459,5.190000057220459,829800
2020-01-24,5.179999828338623,5.204999923706055,4.860000133514404,4.920000076293945,4.920000076293945,1110900
2020-01-27,4.71999979019165,4.769999980926514,4.599999904632568,4.659999847412109,4.659999847412109,2277000
2020-01-28,4.699999809265137,4.769999980926514,4.599999904632568,4.619999885559082,4.619999885559082,1519700
2020-01-29,4.679999828338623,4.690000057220459,4.389999866485596,4.420000076293945,4.420000076293945,1595400
2020-01-30,4.380000114440918,4.46999979019165,4.190000057220459,4.239999771118164,4.239999771118164,2172300
2020-01-31,4.21999979019165,4.260000228881836,4.079999923706055,4.079999923706055,4.079999923706055,2292700
2020-02-03,4.110000133514404,4.389999866485596,4.110000133514404,4.289999961853027,4.289999961853027,1717500
2020-02-04,4.429999828338623,4.489999771118164,4.349999904632568,4.369999885559082,4.369999885559082,1248700
2020-02-05,4.420000076293945,4.460000038146973,4.300000190734863,4.340000152587891,4.340000152587891,1184700
2020-02-06,4.349999904632568,4.389999866485596,4.159999847412109,4.309999942779541,4.309999942779541,1346600
2020-02-07,4.329999923706055,4.360000133514404,4.21999979019165,4.289999961853027,4.289999961853027,1510000
2020-02-10,4.289999961853027,4.388000011444092,4.284999847412109,4.320000171661377,4.320000171661377,569900
2020-02-11,4.429999828338623,4.510000228881836,4.388999938964844,4.460000038146973,4.460000038146973,847900
2020-02-12,4.5,4.519999980926514,4.449999809265137,4.5,4.5,917300
2020-02-13,4.429999828338623,4.460000038146973,4.323999881744385,4.380000114440918,4.380000114440918,744800
2020-02-14,4.400000095367432,4.420000076293945,4.269999980926514,4.320000171661377,4.320000171661377,544100
2020-02-18,4.230000019073486,4.28000020980835,4.159999847412109,4.25,4.25,682700
2020-02-19,4.28000020980835,4.360000133514404,4.190000057220459,4.21999979019165,4.21999979019165,1102600
2020-02-20,4.210000038146973,4.300000190734863,4.184999942779541,4.199999809265137,4.199999809265137,461900
2020-02-21,4.190000057220459,4.199999809265137,4.070000171661377,4.110000133514404,4.110000133514404,684500
2020-02-24,4.019999980926514,4.079999923706055,3.994999885559082,4.079999923706055,4.079999923706055,791300
2020-02-25,4.039999961853027,4.099999904632568,3.9100000858306885,3.9100000858306885,3.9100000858306885,844400
2020-02-26,3.9000000953674316,4.050000190734863,3.8980000019073486,4.050000190734863,4.050000190734863,1099900
2020-02-27,4.0,4.130000114440918,3.819999933242798,3.9700000286102295,3.9700000286102295,1487700
2020-02-28,3.880000114440918,4.409999847412109,3.880000114440918,4.25,4.25,3805900
2020-03-02,4.269999980926514,4.28000020980835,3.950000047683716,4.059999942779541,4.059999942779541,915800
2020-03-03,4.019999980926514,4.119999885559082,3.940000057220459,4.039999961853027,4.039999961853027,923800
2020-03-04,4.019999980926514,4.059999942779541,3.9700000286102295,4.050000190734863,4.050000190734863,474400
2020-03-05,4.050000190734863,4.050000190734863,3.930000066757202,3.940000057220459,3.940000057220459,478700
2020-03-06,3.9000000953674316,3.940000057220459,3.799999952316284,3.8499999046325684,3.8499999046325684,845500
2020-03-09,3.9000000953674316,4.432000160217285,3.799999952316284,3.880000114440918,3.880000114440918,4827700
2020-03-10,4.099999904632568,4.110000133514404,3.890000104904175,4.010000228881836,4.010000228881836,1492600
2020-03-11,3.9000000953674316,4.065000057220459,3.859999895095825,3.990000009536743,3.990000009536743,1830300
2020-03-12,3.740000009536743,3.9600000381469727,3.5299999713897705,3.9100000858306885,3.9100000858306885,1799600
2020-03-13,4.050000190734863,4.079999923706055,3.759999990463257,4.019999980926514,4.019999980926514,1438500
2020-03-16,3.700000047683716,3.759999990463257,3.450000047683716,3.4600000381469727,3.4600000381469727,1071000
2020-03-17,3.5999999046325684,3.6449999809265137,3.25,3.5199999809265137,3.5199999809265137,1349400
2020-03-18,3.4100000858306885,3.4800000190734863,3.0,3.190000057220459,3.190000057220459,1494600
2020-03-19,3.049999952316284,3.3499999046325684,3.049999952316284,3.309999942779541,3.309999942779541,825300
2020-03-20,3.359999895095825,3.440000057220459,3.2100000381469727,3.390000104904175,3.390000104904175,1176100
2020-03-23,3.319999933242798,3.359999895095825,3.1600000858306885,3.2899999618530273,3.2899999618530273,785200
2020-03-24,3.450000047683716,3.5399999618530273,3.309999942779541,3.3499999046325684,3.3499999046325684,848500
2020-03-25,3.359999895095825,3.5,3.3299999237060547,3.490000009536743,3.490000009536743,785500
2020-03-26,3.4000000953674316,3.5299999713897705,3.3499999046325684,3.369999885559082,3.369999885559082,841200
2020-03-27,3.299999952316284,3.3299999237060547,3.2170000076293945,3.259999990463257,3.259999990463257,701700
2020-03-30,3.25,3.3499999046325684,3.1700000762939453,3.2799999713897705,3.2799999713897705,361700
2020-03-31,3.319999933242798,3.5,3.299999952316284,3.359999895095825,3.359999895095825,421300
2020-04-01,3.259999990463257,3.380000114440918,3.259999990463257,3.309999942779541,3.309999942779541,642400
